Name,API Name,Memory,Storage,vCPUs,Network Performance,PostgreSQL,PostgreSQL Reserved Cost,MySQL On Demand Cost,MySQL Reserved Cost,SQL Server Expresss On Demand Cost,SQL Server Expresss Reserved Cost,SQL Server Web On Demand Cost,SQL Server Web Reserved Cost,SQL Server Standard On Demand Cost,SQL Server Standard Reserved Cost,SQL Server Enterprise On Demand Cost,SQL Server Enterprise Reserved Cost,Aurora Postgres & MySQL On Demand Cost,Aurora Postgres & MySQL Reserved Cost,Aurora I/O Optimized On Demand Cost,MariaDB On Demand Cost,MariaDB Reserved Cost,Oracle Enterprise On Demand Cost,Oracle Enterprise Reserved Cost
R5D 24xlarge,db.r5d.24xlarge,768,4 x 900 NVMe SSD,96,25 Gbps,$13.7140 hourly,$10.5600 hourly,$13.7140 hourly,$10.5600 hourly,unavailable,unavailable,unavailable,unavailable,$37.6990 hourly,$35.6257 hourly,$61.5260 hourly,$61.3726 hourly,unavailable,unavailable,unavailable,$13.7140 hourly,unavailable,$12.7830 hourly,$9.2621 hourly
R5 Quadruple Extra Large,db.r5.4xlarge,128,Aurora IO Optimization Mode,16,Up to 10 Gigabit,$2.0000 hourly,$1.1550 hourly,$1.9200 hourly,$1.1088 hourly,unavailable,unavailable,$3.5200 hourly,$2.9568 hourly,$6.0800 hourly,$5.7456 hourly,$10.0040 hourly,$9.9790 hourly,$2.3200 hourly,$1.5100 hourly,$3.0160 hourly,$1.9200 hourly,$1.1088 hourly,$1.8640 hourly,$1.0782 hourly
R6G 12xlarge,db.r6g.12xlarge,384,EBS Only,48,20 Gigabit,$5.3950 hourly,$3.1163 hourly,$5.1550 hourly,$2.9771 hourly,unavailable,unavailable,unavailable,unavailable,unavailable,unavailable,unavailable,unavailable,$6.2290 hourly,$4.0812 hourly,$8.0980 hourly,$5.1550 hourly,$2.9771 hourly,unavailable,unavailable
R8G 16xlarge,db.r8g.16xlarge,512,Aurora IO Optimization Mode,64,30 Gigabit,$7.6480 hourly,$5.1240 hourly,$7.6480 hourly,$5.1240 hourly,unavailable,unavailable,unavailable,unavailable,unavailable,unavailable,unavailable,unavailable,$8.8320 hourly,$5.9170 hourly,$11.4880 hourly,$7.6480 hourly,$5.1240 hourly,unavailable,unavailable
R6I Eight Extra Large,db.r6i.8xlarge,256,Aurora IO Optimization Mode,32,12.5 Gbps,$4.0000 hourly,$2.3104 hourly,$3.8400 hourly,$2.2176 hourly,unavailable,unavailable,unavailable,unavailable,$12.1600 hourly,$11.4912 hourly,$20.0080 hourly,$19.9580 hourly,$4.6400 hourly,$3.0400 hourly,$6.0320 hourly,$3.8400 hourly,$2.2176 hourly,$3.7280 hourly,$2.1564 hourly
T3 Small,db.t3.small,2,EBS Only,2,Low to Moderate,$0.0360 hourly,$0.0258 hourly,$0.0340 hourly,$0.0239 hourly,$0.0440 hourly,$0.0277 hourly,$0.1390 hourly,$0.0875 hourly,unavailable,unavailable,unavailable,unavailable,unavailable,unavailable,$0.0530 hourly,$0.0340 hourly,$0.0239 hourly,$0.0340 hourly,$0.0214 hourly
M6ID 16xlarge,db.m6id.16xlarge,256,2 x 1900 NVMe SSD,64,25 Gbps,$7.1740 hourly,$5.5242 hourly,$7.1740 hourly,$5.5242 hourly,unavailable,unavailable,unavailable,unavailable,unavailable,unavailable,unavailable,unavailable,unavailable,unavailable,unavailable,$7.1740 hourly,$5.5242 hourly,$7.1680 hourly,$5.5190 hourly
R5 16xlarge,db.r5.16xlarge,512,EBS Only,64,,$8.0000 hourly,$4.6200 hourly,$7.6800 hourly,$4.4352 hourly,unavailable,unavailable,unavailable,unavailable,$24.3200 hourly,$22.9824 hourly,$40.0160 hourly,$39.9160 hourly,$9.2800 hourly,$6.0400 hourly,$12.0640 hourly,$7.6800 hourly,$4.4352 hourly,$7.4560 hourly,$4.3129 hourly
X2IEDN Quadruple Extra Large,db.x2iedn.4xlarge,512,1 x 475 NVMe SSD,16,Up to 25 Gbps,$7.6080 hourly,unavailable,$7.6080 hourly,$6.8401 hourly,unavailable,unavailable,unavailable,unavailable,$10.5270 hourly,$9.8954 hourly,$13.5532 hourly,unavailable,unavailable,unavailable,unavailable,$7.6080 hourly,$6.8401 hourly,$7.6080 hourly,$6.7738 hourly
M6I 16xlarge,db.m6i.16xlarge,256,EBS Only,64,25 Gbps,$5.6960 hourly,$3.6480 hourly,$5.4720 hourly,$3.5040 hourly,unavailable,unavailable,unavailable,unavailable,unavailable,unavailable,$37.3760 hourly,$35.8720 hourly,unavailable,unavailable,unavailable,$5.4720 hourly,$3.5040 hourly,$5.4720 hourly,$3.3899 hourly
M5D Extra Large,db.m5d.xlarge,16,1 x 150 NVMe SSD,4,Up to 10 Gbps,$0.4190 hourly,$0.3227 hourly,$0.4190 hourly,$0.3227 hourly,unavailable,unavailable,$0.5980 hourly,$0.4078 hourly,$1.2910 hourly,$1.0163 hourly,$2.3880 hourly,$2.3159 hourly,unavailable,unavailable,unavailable,$0.4190 hourly,$0.3227 hourly,$0.4030 hourly,$0.2880 hourly
M6ID Eight Extra Large,db.m6id.8xlarge,128,1 x 1900 NVMe SSD,32,12.5 Gbps,$3.5870 hourly,$2.7621 hourly,$3.5870 hourly,$2.7621 hourly,unavailable,unavailable,unavailable,unavailable,unavailable,unavailable,unavailable,unavailable,unavailable,unavailable,unavailable,$3.5870 hourly,$2.7621 hourly,$3.5840 hourly,$2.7600 hourly
M6I Double Extra Large,db.m6i.2xlarge,32,EBS Only,8,Up to 12.5 Gbps,$0.7120 hourly,$0.4560 hourly,$0.6840 hourly,$0.4380 hourly,unavailable,unavailable,$1.1020 hourly,$0.8320 hourly,$2.5480 hourly,$2.0800 hourly,$4.6720 hourly,$4.4840 hourly,unavailable,unavailable,unavailable,$0.6840 hourly,$0.4380 hourly,$0.6840 hourly,$0.4227 hourly
R7I 24xlarge,db.r7i.24xlarge,768,EBS Only,96,37.5 Gbps,$12.0000 hourly,$8.0400 hourly,$12.0000 hourly,$8.0400 hourly,unavailable,unavailable,unavailable,unavailable,unavailable,unavailable,unavailable,unavailable,$13.9200 hourly,$9.3260 hourly,$18.0960 hourly,$12.0000 hourly,$8.0400 hourly,$12.0000 hourly,$8.0400 hourly
M6ID Extra Large,db.m6id.xlarge,16,1 x 237 NVMe SSD,4,Up to 12.5 Gbps,$0.4480 hourly,$0.3453 hourly,$0.4480 hourly,$0.3453 hourly,unavailable,unavailable,unavailable,unavailable,unavailable,unavailable,unavailable,unavailable,unavailable,unavailable,unavailable,$0.4480 hourly,$0.3453 hourly,$0.4480 hourly,$0.3450 hourly
M6I Eight Extra Large,db.m6i.8xlarge,128,EBS Only,32,12.5 Gbps,$2.8480 hourly,$1.8240 hourly,$2.7360 hourly,$1.7520 hourly,unavailable,unavailable,unavailable,unavailable,$9.7920 hourly,$8.3200 hourly,$18.6880 hourly,$17.9360 hourly,unavailable,unavailable,unavailable,$2.7360 hourly,$1.7520 hourly,$2.7360 hourly,$1.6950 hourly
R5B Large,db.r5b.large,16,EBS Only,2,,$0.2960 hourly,$0.1714 hourly,$0.2960 hourly,$0.1714 hourly,unavailable,unavailable,$0.5410 hourly,$0.4542 hourly,$1.1900 hourly,$1.1242 hourly,unavailable,unavailable,unavailable,unavailable,unavailable,$0.2960 hourly,$0.1714 hourly,$0.2760 hourly,$0.1737 hourly
R5B Double Extra Large,db.r5b.2xlarge,64,EBS Only,8,,$1.1840 hourly,$0.6858 hourly,$1.1840 hourly,$0.6858 hourly,unavailable,unavailable,$1.9230 hourly,$1.6155 hourly,$3.1750 hourly,$3.0000 hourly,$5.1530 hourly,$5.1403 hourly,unavailable,unavailable,unavailable,$1.1840 hourly,$0.6858 hourly,$1.1030 hourly,$0.6946 hourly
R6I 12xlarge,db.r6i.12xlarge,384,EBS Only,48,,$6.0000 hourly,$3.4656 hourly,$5.7600 hourly,$3.3264 hourly,unavailable,unavailable,unavailable,unavailable,unavailable,unavailable,$30.0120 hourly,$29.9370 hourly,$6.9600 hourly,$4.5600 hourly,$9.0480 hourly,$5.7600 hourly,$3.3264 hourly,$5.5920 hourly,$3.2345 hourly
M5 Double Extra Large,db.m5.2xlarge,32,EBS Only,8,,$0.7120 hourly,$0.4560 hourly,$0.6840 hourly,$0.4381 hourly,unavailable,unavailable,$1.1020 hourly,$0.8320 hourly,$2.5480 hourly,$2.0800 hourly,$4.6720 hourly,$4.4840 hourly,unavailable,unavailable,unavailable,$0.6840 hourly,$0.4381 hourly,$0.6840 hourly,$0.4227 hourly
M7I Quadruple Extra Large,db.m7i.4xlarge,64,EBS Only,16,Up to 12.5 Gbps,$1.4240 hourly,$0.9540 hourly,$1.4240 hourly,$0.9540 hourly,unavailable,unavailable,unavailable,unavailable,unavailable,unavailable,unavailable,unavailable,unavailable,unavailable,unavailable,$1.4240 hourly,$0.9540 hourly,$1.4240 hourly,$0.9540 hourly
M5D Quadruple Extra Large,db.m5d.4xlarge,64,2 x 300 NVMe SSD,16,Up to 10 Gbps,$1.6760 hourly,$1.2906 hourly,$1.6760 hourly,$1.2906 hourly,unavailable,unavailable,$2.3880 hourly,$1.6295 hourly,$5.1620 hourly,$4.0651 hourly,$9.5500 hourly,$9.2635 hourly,unavailable,unavailable,unavailable,$1.6760 hourly,$1.2906 hourly,$1.6100 hourly,$1.1520 hourly
M7I 24xlarge,db.m7i.24xlarge,384,EBS Only,96,37.5 Gbps,$8.5440 hourly,$5.7240 hourly,$8.5440 hourly,$5.7240 hourly,unavailable,unavailable,unavailable,unavailable,unavailable,unavailable,unavailable,unavailable,unavailable,unavailable,unavailable,$8.5440 hourly,$5.7240 hourly,$8.5440 hourly,$5.7240 hourly
R5 Eight Extra Large,db.r5.8xlarge,256,Aurora IO Optimization Mode,32,10 Gigabit,$4.0000 hourly,$2.3100 hourly,$3.8400 hourly,$2.2176 hourly,unavailable,unavailable,unavailable,unavailable,$12.1600 hourly,$11.4912 hourly,$20.0080 hourly,$19.9580 hourly,$4.6400 hourly,$3.0200 hourly,$6.0320 hourly,$3.8400 hourly,$2.2176 hourly,$3.7280 hourly,$2.1564 hourly
R7G Quadruple Extra Large,db.r7g.4xlarge,128,EBS Only,16,Up to 15 Gigabit,$1.9130 hourly,$1.4726 hourly,$1.9130 hourly,$1.4726 hourly,unavailable,unavailable,unavailable,unavailable,unavailable,unavailable,unavailable,unavailable,$2.2110 hourly,$1.7025 hourly,$2.8740 hourly,$1.9130 hourly,$1.4726 hourly,unavailable,unavailable
R5 Large,db.r5.large,16,EBS Only,2,Up to 10 Gigabit,$0.2500 hourly,$0.1444 hourly,$0.2400 hourly,$0.1386 hourly,unavailable,unavailable,$0.4600 hourly,$0.3864 hourly,$1.0200 hourly,$0.9639 hourly,unavailable,unavailable,$0.2900 hourly,$0.1900 hourly,$0.3770 hourly,$0.2400 hourly,$0.1386 hourly,$0.2330 hourly,$0.1348 hourly
M7G Double Extra Large,db.m7g.2xlarge,32,EBS Only,8,Up to 15 Gigabit,$0.6740 hourly,$0.5190 hourly,$0.6740 hourly,$0.5190 hourly,unavailable,unavailable,unavailable,unavailable,unavailable,unavailable,unavailable,unavailable,unavailable,unavailable,unavailable,$0.6740 hourly,$0.5190 hourly,unavailable,unavailable
R6I 32xlarge,db.r6i.32xlarge,1024,EBS Only,128,50 Gbps,$16.0000 hourly,$9.2416 hourly,$15.3600 hourly,$8.8704 hourly,unavailable,unavailable,unavailable,unavailable,unavailable,unavailable,$80.0320 hourly,$79.8319 hourly,$18.5600 hourly,$12.1600 hourly,$24.1280 hourly,$15.3600 hourly,$8.8704 hourly,$14.9120 hourly,$8.6258 hourly
R5B 12xlarge,db.r5b.12xlarge,384,EBS Only,48,,$7.1040 hourly,$4.1148 hourly,$7.1040 hourly,$4.1148 hourly,unavailable,unavailable,unavailable,unavailable,$19.0470 hourly,$17.9994 hourly,$30.9200 hourly,$30.8422 hourly,unavailable,unavailable,unavailable,$7.1040 hourly,$4.1148 hourly,$6.6150 hourly,$4.1675 hourly
M6G 12xlarge,db.m6g.12xlarge,192,EBS Only,48,12 gigabit,$3.8160 hourly,$2.4440 hourly,$3.6480 hourly,$2.3360 hourly,unavailable,unavailable,unavailable,unavailable,unavailable,unavailable,unavailable,unavailable,unavailable,unavailable,unavailable,$3.6480 hourly,$2.3360 hourly,unavailable,unavailable
T4G Large,db.t4g.large,8,EBS Only,2,Up to 5 Gigabit,$0.1290 hourly,$0.0930 hourly,$0.1290 hourly,$0.0930 hourly,unavailable,unavailable,unavailable,unavailable,unavailable,unavailable,unavailable,unavailable,$0.1460 hourly,$0.1139 hourly,$0.1900 hourly,$0.1290 hourly,$0.0930 hourly,unavailable,unavailable
R7G Double Extra Large,db.r7g.2xlarge,64,EBS Only,8,Up to 15 Gigabit,$0.9560 hourly,$0.7363 hourly,$0.9560 hourly,$0.7363 hourly,unavailable,unavailable,unavailable,unavailable,unavailable,unavailable,unavailable,unavailable,$1.1060 hourly,$0.8513 hourly,$1.4370 hourly,$0.9560 hourly,$0.7363 hourly,unavailable,unavailable
R6ID Quadruple Extra Large,db.r6id.4xlarge,128,1 x 950 NVMe SSD,16,Up to 12.5 Gbps,$2.3860 hourly,$1.8370 hourly,$2.3860 hourly,$1.8370 hourly,unavailable,unavailable,unavailable,unavailable,unavailable,unavailable,unavailable,unavailable,unavailable,unavailable,unavailable,$2.3860 hourly,$1.8370 hourly,$2.3840 hourly,$1.8360 hourly
R6I Double Extra Large,db.r6i.2xlarge.tpc2.mem8x,512,EBS Only,8,25 Gbps,unavailable,unavailable,unavailable,unavailable,unavailable,unavailable,unavailable,unavailable,unavailable,unavailable,unavailable,unavailable,unavailable,unavailable,unavailable,unavailable,unavailable,$7.4560 hourly,$5.3683 hourly
M6I Large,db.m6i.large,8,EBS Only,2,Up to 12.5 Gbps,$0.1780 hourly,$0.1140 hourly,$0.1710 hourly,$0.1095 hourly,unavailable,unavailable,$0.3110 hourly,$0.2290 hourly,$0.9770 hourly,$0.8540 hourly,unavailable,unavailable,unavailable,unavailable,unavailable,$0.1710 hourly,$0.1095 hourly,$0.1710 hourly,$0.1057 hourly
T2 General Purpose Medium,db.t2.medium,4,EBS Only,2,Low to Moderate,$0.0730 hourly,unavailable,$0.0680 hourly,unavailable,$0.0880 hourly,unavailable,$0.2880 hourly,unavailable,unavailable,unavailable,unavailable,unavailable,unavailable,unavailable,unavailable,$0.0680 hourly,unavailable,$0.0680 hourly,unavailable
R5 Extra Large,db.r5.xlarge,32,EBS Only,4,Up to 10 Gigabit,$0.5000 hourly,$0.2888 hourly,$0.4800 hourly,$0.2772 hourly,unavailable,unavailable,$0.8800 hourly,$0.7392 hourly,$1.5200 hourly,$1.4364 hourly,$2.5010 hourly,$2.4947 hourly,$0.5800 hourly,$0.3800 hourly,$0.7540 hourly,$0.4800 hourly,$0.2772 hourly,$0.4660 hourly,$0.2695 hourly
M7I Extra Large,db.m7i.xlarge,16,EBS Only,4,,$0.3560 hourly,$0.2390 hourly,$0.3560 hourly,$0.2390 hourly,unavailable,unavailable,unavailable,unavailable,unavailable,unavailable,unavailable,unavailable,unavailable,unavailable,unavailable,$0.3560 hourly,$0.2390 hourly,$0.3560 hourly,$0.2390 hourly
R5 12xlarge,db.r5.12xlarge,384,EBS Only,48,,$6.0000 hourly,$3.4650 hourly,$5.7600 hourly,$3.3264 hourly,unavailable,unavailable,unavailable,unavailable,$18.2400 hourly,$17.2368 hourly,$30.0120 hourly,$29.9370 hourly,$6.9600 hourly,$4.5300 hourly,$9.0480 hourly,$5.7600 hourly,$3.3264 hourly,$5.5920 hourly,$3.2345 hourly
R6I 24xlarge,db.r6i.24xlarge,768,EBS Only,96,37.5 Gbps,$12.0000 hourly,$6.9312 hourly,$11.5200 hourly,$6.6528 hourly,unavailable,unavailable,unavailable,unavailable,unavailable,unavailable,$60.0240 hourly,$59.8739 hourly,$13.9200 hourly,$9.1200 hourly,$18.0960 hourly,$11.5200 hourly,$6.6528 hourly,$11.1840 hourly,$6.4690 hourly
M6I 32xlarge,db.m6i.32xlarge,512,EBS Only,128,50 Gbps,$11.3920 hourly,$7.2960 hourly,$10.9440 hourly,$7.0080 hourly,unavailable,unavailable,unavailable,unavailable,unavailable,unavailable,$74.7520 hourly,$71.7440 hourly,unavailable,unavailable,unavailable,$10.9440 hourly,$7.0080 hourly,$10.9440 hourly,$6.7798 hourly
M6I 12xlarge,db.m6i.12xlarge,192,EBS Only,48,,$4.2720 hourly,$2.7360 hourly,$4.1040 hourly,$2.6280 hourly,unavailable,unavailable,unavailable,unavailable,unavailable,unavailable,$28.0320 hourly,$26.9040 hourly,unavailable,unavailable,unavailable,$4.1040 hourly,$2.6280 hourly,$4.1040 hourly,$2.5359 hourly
R8G Eight Extra Large,db.r8g.8xlarge,256,EBS Only,32,15 Gigabit,$3.8240 hourly,$2.5620 hourly,$3.8240 hourly,$2.5620 hourly,unavailable,unavailable,unavailable,unavailable,unavailable,unavailable,unavailable,unavailable,$4.4160 hourly,$2.9590 hourly,$5.7440 hourly,$3.8240 hourly,$2.5620 hourly,unavailable,unavailable
M5 12xlarge,db.m5.12xlarge,192,EBS Only,48,10 Gigabit,$4.2720 hourly,$2.7362 hourly,$4.1040 hourly,$2.6286 hourly,unavailable,unavailable,unavailable,unavailable,$14.6880 hourly,$12.4800 hourly,$28.0320 hourly,$26.9040 hourly,unavailable,unavailable,unavailable,$4.1040 hourly,$2.6286 hourly,$4.1040 hourly,$2.5359 hourly
R5B 24xlarge,db.r5b.24xlarge,768,EBS Only,96,25 Gigabit,$14.2080 hourly,$8.2295 hourly,$14.2080 hourly,$8.2295 hourly,unavailable,unavailable,unavailable,unavailable,$38.0950 hourly,$36.0000 hourly,$61.8380 hourly,$61.6838 hourly,unavailable,unavailable,unavailable,$14.2080 hourly,$8.2295 hourly,$13.2310 hourly,$8.3357 hourly
M6I Extra Large,db.m6i.xlarge,16,EBS Only,4,Up to 12.5 Gbps,$0.3560 hourly,$0.2280 hourly,$0.3420 hourly,$0.2190 hourly,unavailable,unavailable,$0.5400 hourly,$0.4160 hourly,$1.2240 hourly,$1.0400 hourly,$2.3360 hourly,$2.2420 hourly,unavailable,unavailable,unavailable,$0.3420 hourly,$0.2190 hourly,$0.3420 hourly,$0.2113 hourly
R8G 12xlarge,db.r8g.12xlarge,384,EBS Only,48,22.5 Gigabit,$5.7360 hourly,$3.8430 hourly,$5.7360 hourly,$3.8430 hourly,unavailable,unavailable,unavailable,unavailable,unavailable,unavailable,unavailable,unavailable,$6.6240 hourly,$4.4380 hourly,$8.6160 hourly,$5.7360 hourly,$3.8430 hourly,unavailable,unavailable
R6I Quadruple Extra Large,db.r6i.4xlarge.tpc2.mem3x,384,EBS Only,16,18.75 Gbps,unavailable,unavailable,unavailable,unavailable,unavailable,unavailable,unavailable,unavailable,unavailable,unavailable,unavailable,unavailable,unavailable,unavailable,unavailable,unavailable,unavailable,$5.5920 hourly,$4.0262 hourly
T3 Medium,db.t3.medium,4,EBS Only,2,Low to Moderate,$0.0720 hourly,$0.0517 hourly,$0.0680 hourly,$0.0478 hourly,$0.0880 hourly,$0.0552 hourly,$0.1660 hourly,$0.1045 hourly,unavailable,unavailable,unavailable,unavailable,$0.0820 hourly,$0.0640 hourly,$0.1070 hourly,$0.0680 hourly,$0.0478 hourly,$0.0680 hourly,$0.0428 hourly
R6IDN 16xlarge,db.r6idn.16xlarge,512,2 x 1900 NVMe SSD,64,100 Gbps,$12.4050 hourly,$9.5519 hourly,$12.4050 hourly,$9.5519 hourly,unavailable,unavailable,unavailable,unavailable,unavailable,unavailable,unavailable,unavailable,unavailable,unavailable,unavailable,$12.4050 hourly,$9.5519 hourly,unavailable,unavailable
M6ID Double Extra Large,db.m6id.2xlarge,32,1 x 474 NVMe SSD,8,Up to 12.5 Gbps,$0.8970 hourly,$0.6905 hourly,$0.8970 hourly,$0.6905 hourly,unavailable,unavailable,unavailable,unavailable,unavailable,unavailable,unavailable,unavailable,unavailable,unavailable,unavailable,$0.8970 hourly,$0.6905 hourly,$0.8960 hourly,$0.6900 hourly
Z1D 6xlarge,db.z1d.6xlarge,192,1 x 900 NVMe SSD,24,"10,000 Mbps",unavailable,unavailable,unavailable,unavailable,unavailable,unavailable,unavailable,unavailable,$10.2560 hourly,$9.6923 hourly,$16.0370 hourly,unavailable,unavailable,unavailable,unavailable,unavailable,unavailable,$4.1040 hourly,$2.8010 hourly
M7G 16xlarge,db.m7g.16xlarge,256,EBS Only,64,25 Gigabit,$5.3920 hourly,$4.1518 hourly,$5.3920 hourly,$4.1518 hourly,unavailable,unavailable,unavailable,unavailable,unavailable,unavailable,unavailable,unavailable,unavailable,unavailable,unavailable,$5.3920 hourly,$4.1518 hourly,unavailable,unavailable
M6IN Extra Large,db.m6in.xlarge,16,EBS Only,4,Up to 30 Gbps,$0.5160 hourly,$0.3976 hourly,$0.5160 hourly,$0.3976 hourly,unavailable,unavailable,unavailable,unavailable,unavailable,unavailable,unavailable,unavailable,unavailable,unavailable,unavailable,$0.5160 hourly,$0.3976 hourly,unavailable,unavailable
R6G Quadruple Extra Large,db.r6g.4xlarge,128,EBS Only,16,Up to 10 Gigabit,$1.7980 hourly,$1.0388 hourly,$1.7180 hourly,$0.9924 hourly,unavailable,unavailable,unavailable,unavailable,unavailable,unavailable,unavailable,unavailable,$2.0760 hourly,$1.3604 hourly,$2.6990 hourly,$1.7180 hourly,$0.9924 hourly,unavailable,unavailable
R5 Quadruple Extra Large,db.r5.4xlarge.tpc2.mem4x,512,EBS Only,16,20 Gigabit,unavailable,unavailable,unavailable,unavailable,unavailable,unavailable,unavailable,unavailable,unavailable,unavailable,unavailable,unavailable,unavailable,unavailable,unavailable,unavailable,unavailable,$7.4560 hourly,$4.3129 hourly
X2IEDN Extra Large,db.x2iedn.xlarge,128,1 x 118 NVMe SSD,4,Up to 25 Gbps,$1.9020 hourly,unavailable,$1.9020 hourly,$1.7100 hourly,unavailable,unavailable,unavailable,unavailable,$2.6320 hourly,$2.4741 hourly,$3.3878 hourly,unavailable,unavailable,unavailable,unavailable,$1.9020 hourly,$1.7100 hourly,$1.9020 hourly,$1.6934 hourly
R6G Large,db.r6g.large,16,EBS Only,2,Up to 10 Gigabit,$0.2250 hourly,$0.1298 hourly,$0.2150 hourly,$0.1240 hourly,unavailable,unavailable,unavailable,unavailable,unavailable,unavailable,unavailable,unavailable,$0.2600 hourly,$0.1700 hourly,$0.3380 hourly,$0.2150 hourly,$0.1240 hourly,unavailable,unavailable
M6I 24xlarge,db.m6i.24xlarge,384,EBS Only,96,,$8.5440 hourly,$5.4720 hourly,$8.2080 hourly,$5.2560 hourly,unavailable,unavailable,unavailable,unavailable,unavailable,unavailable,$56.0640 hourly,$53.8080 hourly,unavailable,unavailable,unavailable,$8.2080 hourly,$5.2560 hourly,$8.2080 hourly,$5.0719 hourly
M6I Quadruple Extra Large,db.m6i.4xlarge,64,EBS Only,16,Up to 12.5 Gbps,$1.4240 hourly,$0.9120 hourly,$1.3680 hourly,$0.8760 hourly,unavailable,unavailable,$2.2470 hourly,$1.6640 hourly,$5.0470 hourly,$4.1600 hourly,$9.3450 hourly,$8.9680 hourly,unavailable,unavailable,unavailable,$1.3680 hourly,$0.8760 hourly,$1.3680 hourly,$0.8453 hourly
R6I Eight Extra Large,db.r6i.8xlarge.tpc2.mem4x,1024,EBS Only,32,50 Gbps,unavailable,unavailable,unavailable,unavailable,unavailable,unavailable,unavailable,unavailable,unavailable,unavailable,unavailable,unavailable,unavailable,unavailable,unavailable,unavailable,unavailable,$14.9120 hourly,$10.7366 hourly
R5D Eight Extra Large,db.r5d.8xlarge,256,2 x 600 NVMe SSD,32,10 Gbps,$4.5710 hourly,$3.5200 hourly,$4.5710 hourly,$3.5200 hourly,unavailable,unavailable,unavailable,unavailable,$12.5660 hourly,$11.8752 hourly,$20.5090 hourly,$20.4575 hourly,unavailable,unavailable,unavailable,$4.5710 hourly,unavailable,$4.2610 hourly,$3.0874 hourly
R7G Large,db.r7g.large,16,EBS Only,2,Up to 12.5 Gigabit,$0.2390 hourly,$0.1841 hourly,$0.2390 hourly,$0.1841 hourly,unavailable,unavailable,unavailable,unavailable,unavailable,unavailable,unavailable,unavailable,$0.2760 hourly,$0.2128 hourly,$0.3590 hourly,$0.2390 hourly,$0.1841 hourly,unavailable,unavailable
T3 Micro,db.t3.micro,1,EBS Only,2,Low to Moderate,$0.0180 hourly,$0.0129 hourly,$0.0170 hourly,$0.0120 hourly,$0.0220 hourly,unavailable,unavailable,unavailable,unavailable,unavailable,unavailable,unavailable,unavailable,unavailable,unavailable,$0.0170 hourly,$0.0120 hourly,unavailable,unavailable
M7I 16xlarge,db.m7i.16xlarge,256,EBS Only,64,25 Gbps,$5.6960 hourly,$3.8160 hourly,$5.6960 hourly,$3.8160 hourly,unavailable,unavailable,unavailable,unavailable,unavailable,unavailable,unavailable,unavailable,unavailable,unavailable,unavailable,$5.6960 hourly,$3.8160 hourly,$5.6960 hourly,$3.8160 hourly
M6IDN Large,db.m6idn.large,8,1 x 118 NVMe SSD,2,Up to 25 Gbps,$0.2950 hourly,$0.2272 hourly,$0.2950 hourly,$0.2272 hourly,unavailable,unavailable,unavailable,unavailable,unavailable,unavailable,unavailable,unavailable,unavailable,unavailable,unavailable,$0.2950 hourly,$0.2272 hourly,unavailable,unavailable
M6G Quadruple Extra Large,db.m6g.4xlarge,64,EBS Only,16,Up to 10 Gigabit,$1.2720 hourly,$0.8147 hourly,$1.2160 hourly,$0.7787 hourly,unavailable,unavailable,unavailable,unavailable,unavailable,unavailable,unavailable,unavailable,unavailable,unavailable,unavailable,$1.2160 hourly,$0.7787 hourly,unavailable,unavailable
M4 General Purpose Large,db.m4.large,8,EBS Only,2,Moderate,$0.1820 hourly,unavailable,$0.1750 hourly,unavailable,unavailable,unavailable,$0.3110 hourly,unavailable,$0.9770 hourly,unavailable,unavailable,unavailable,unavailable,unavailable,unavailable,$0.1750 hourly,unavailable,$0.1750 hourly,unavailable
R7I 12xlarge,db.r7i.12xlarge,384,EBS Only,48,,$6.0000 hourly,$4.0200 hourly,$6.0000 hourly,$4.0200 hourly,unavailable,unavailable,unavailable,unavailable,unavailable,unavailable,unavailable,unavailable,$6.9600 hourly,$4.6630 hourly,$9.0480 hourly,$6.0000 hourly,$4.0200 hourly,$6.0000 hourly,$4.0200 hourly
M5 Eight Extra Large,db.m5.8xlarge,128,EBS Only,32,,$2.8480 hourly,$1.8240 hourly,$2.7400 hourly,$1.7520 hourly,unavailable,unavailable,unavailable,unavailable,$9.7920 hourly,$7.4634 hourly,$18.6880 hourly,$18.7676 hourly,unavailable,unavailable,unavailable,$2.7400 hourly,$1.7520 hourly,$2.7360 hourly,$1.6950 hourly
R6ID 32xlarge,db.r6id.32xlarge,1024,4 x 1900 NVMe SSD,128,50 Gbps,$19.0860 hourly,$14.6959 hourly,$19.0860 hourly,$14.6959 hourly,unavailable,unavailable,unavailable,unavailable,unavailable,unavailable,unavailable,unavailable,$22.2720 hourly,$17.1494 hourly,$28.9540 hourly,$19.0860 hourly,$14.6959 hourly,$19.0720 hourly,$14.6850 hourly
R6I Quadruple Extra Large,db.r6i.4xlarge,128,EBS Only,16,Up to 12.5 Gbps,$2.0000 hourly,$1.1552 hourly,$1.9200 hourly,$1.1088 hourly,unavailable,unavailable,$3.5200 hourly,$2.9568 hourly,$6.0800 hourly,$5.7456 hourly,$10.0040 hourly,$9.9790 hourly,$2.3200 hourly,$1.5200 hourly,$3.0160 hourly,$1.9200 hourly,$1.1088 hourly,$1.8640 hourly,$1.0782 hourly
R5B Extra Large,db.r5b.xlarge,32,EBS Only,4,Up to 10 Gigabit,$0.5920 hourly,$0.3429 hourly,$0.5920 hourly,$0.3429 hourly,unavailable,unavailable,$0.9630 hourly,$0.8085 hourly,$1.5870 hourly,$1.5000 hourly,$2.5770 hourly,$2.5702 hourly,unavailable,unavailable,unavailable,$0.5920 hourly,$0.3429 hourly,$0.5510 hourly,$0.3473 hourly
R6G Double Extra Large,db.r6g.2xlarge,64,EBS Only,8,Up to 10 Gigabit,$0.8990 hourly,$0.5194 hourly,$0.8590 hourly,$0.4962 hourly,unavailable,unavailable,unavailable,unavailable,unavailable,unavailable,unavailable,unavailable,$1.0380 hourly,$0.6802 hourly,$1.3490 hourly,$0.8590 hourly,$0.4962 hourly,unavailable,unavailable
R4 Memory Optimized Large,db.r4.large,15.25,EBS Only,2,Up to 10 Gigabit,$0.2500 hourly,unavailable,$0.2400 hourly,unavailable,unavailable,unavailable,$0.4600 hourly,unavailable,$1.0200 hourly,unavailable,unavailable,unavailable,$0.2900 hourly,unavailable,unavailable,$0.2400 hourly,unavailable,$0.2400 hourly,unavailable
R6IDN Quadruple Extra Large,db.r6idn.4xlarge,128,1 x 950 NVMe SSD,16,Up to 50 Gbps,$3.1010 hourly,$2.3880 hourly,$3.1010 hourly,$2.3880 hourly,unavailable,unavailable,unavailable,unavailable,unavailable,unavailable,unavailable,unavailable,unavailable,unavailable,unavailable,$3.1010 hourly,$2.3880 hourly,unavailable,unavailable
X2IEDN 32xlarge,db.x2iedn.32xlarge,4096,2 x 1900 NVMe SSD,128,,$60.8640 hourly,unavailable,$60.8640 hourly,$54.7205 hourly,unavailable,unavailable,unavailable,unavailable,unavailable,unavailable,$108.4226 hourly,unavailable,unavailable,unavailable,unavailable,$60.8640 hourly,$54.7205 hourly,$60.8640 hourly,$54.1901 hourly
M6GD 16xlarge,db.m6gd.16xlarge,256,2 x 1900 NVMe SSD,64,25 Gigabit,$5.9730 hourly,$4.5996 hourly,$5.9730 hourly,$4.5996 hourly,unavailable,unavailable,unavailable,unavailable,unavailable,unavailable,unavailable,unavailable,unavailable,unavailable,unavailable,$5.9730 hourly,$4.5996 hourly,unavailable,unavailable
R5D Extra Large,db.r5d.xlarge,32,1 x 150 NVMe SSD,4,Up to 10 Gbps,$0.5710 hourly,$0.4400 hourly,$0.5710 hourly,$0.4400 hourly,unavailable,unavailable,$0.9450 hourly,$0.7938 hourly,$1.5710 hourly,$1.4844 hourly,$2.5640 hourly,$2.5572 hourly,unavailable,unavailable,unavailable,$0.5710 hourly,unavailable,$0.5330 hourly,$0.3859 hourly
R8G Large,db.r8g.large,16,Aurora IO Optimization Mode,2,Up to 12.5 Gigabit,$0.2390 hourly,$0.1600 hourly,$0.2390 hourly,$0.1600 hourly,unavailable,unavailable,unavailable,unavailable,unavailable,unavailable,unavailable,unavailable,$0.2760 hourly,$0.1850 hourly,$0.3590 hourly,$0.2390 hourly,$0.1600 hourly,unavailable,unavailable
T4G Micro,db.t4g.micro,1,EBS Only,2,Up to 5 Gigabit,$0.0160 hourly,$0.0116 hourly,$0.0160 hourly,$0.0116 hourly,unavailable,unavailable,unavailable,unavailable,unavailable,unavailable,unavailable,unavailable,unavailable,unavailable,unavailable,$0.0160 hourly,$0.0116 hourly,unavailable,unavailable
R7I Eight Extra Large,db.r7i.8xlarge,256,EBS Only,32,12.5 Gbps,$4.0000 hourly,$2.6800 hourly,$4.0000 hourly,$2.6800 hourly,unavailable,unavailable,unavailable,unavailable,unavailable,unavailable,unavailable,unavailable,$4.6400 hourly,$3.1090 hourly,$6.0320 hourly,$4.0000 hourly,$2.6800 hourly,$4.0000 hourly,$2.6800 hourly
R5 Double Extra Large,db.r5.2xlarge,64,EBS Only,8,Up to 10 Gigabit,$1.0000 hourly,$0.5775 hourly,$0.9600 hourly,$0.5544 hourly,unavailable,unavailable,$1.7600 hourly,$1.4784 hourly,$3.0400 hourly,$2.8728 hourly,$5.0020 hourly,$4.9895 hourly,$1.1600 hourly,$0.7600 hourly,$1.5080 hourly,$0.9600 hourly,$0.5544 hourly,$0.9320 hourly,$0.5391 hourly
R7G Eight Extra Large,db.r7g.8xlarge,256,EBS Only,32,15 Gigabit,$3.8250 hourly,$2.9453 hourly,$3.8250 hourly,$2.9453 hourly,unavailable,unavailable,unavailable,unavailable,unavailable,unavailable,unavailable,unavailable,$4.4220 hourly,$3.4050 hourly,$5.7490 hourly,$3.8250 hourly,$2.9453 hourly,unavailable,unavailable
R4 Memory Optimized Quadruple Extra Large,db.r4.4xlarge,122,EBS Only,16,Up to 10 Gigabit,$2.0000 hourly,unavailable,$1.9200 hourly,unavailable,unavailable,unavailable,unavailable,unavailable,$6.0800 hourly,unavailable,$10.0040 hourly,unavailable,$2.3200 hourly,unavailable,unavailable,$1.9200 hourly,unavailable,$1.9200 hourly,unavailable
M6G Large,db.m6g.large,8,EBS Only,2,Up to 10 Gigabit,$0.1590 hourly,$0.1018 hourly,$0.1520 hourly,$0.0973 hourly,unavailable,unavailable,unavailable,unavailable,unavailable,unavailable,unavailable,unavailable,unavailable,unavailable,unavailable,$0.1520 hourly,$0.0973 hourly,unavailable,unavailable
M4 General Purpose Double Extra Large,db.m4.2xlarge,32,EBS Only,8,High,$0.7300 hourly,unavailable,$0.7000 hourly,unavailable,unavailable,unavailable,$1.1020 hourly,unavailable,$2.5480 hourly,unavailable,$4.6720 hourly,unavailable,unavailable,unavailable,unavailable,$0.7000 hourly,unavailable,$0.7000 hourly,unavailable
T2 General Purpose Large,db.t2.large,8,EBS Only,2,Low to Moderate,$0.1450 hourly,unavailable,$0.1360 hourly,unavailable,unavailable,unavailable,unavailable,unavailable,unavailable,unavailable,unavailable,unavailable,unavailable,unavailable,unavailable,$0.1360 hourly,unavailable,$0.1360 hourly,unavailable
M5D Eight Extra Large,db.m5d.8xlarge,128,2 x 600 NVMe SSD,32,10 Gbps,$3.3520 hourly,$2.5813 hourly,$3.3520 hourly,$2.5813 hourly,unavailable,unavailable,unavailable,unavailable,$10.3240 hourly,$8.1302 hourly,$19.1000 hourly,$18.5270 hourly,unavailable,unavailable,unavailable,$3.3520 hourly,$2.5813 hourly,$3.2200 hourly,$2.3040 hourly
R3 Memory Optimized Double Extra Large,db.r3.2xlarge,61,1 x 160 SSD,8,High,$0.9950 hourly,unavailable,$0.9450 hourly,unavailable,unavailable,unavailable,unavailable,unavailable,unavailable,unavailable,unavailable,unavailable,unavailable,unavailable,unavailable,$0.9450 hourly,unavailable,$0.9450 hourly,unavailable
M6IN 24xlarge,db.m6in.24xlarge,384,EBS Only,96,150 Gbps,$12.3940 hourly,$9.5431 hourly,$12.3940 hourly,$9.5431 hourly,unavailable,unavailable,unavailable,unavailable,unavailable,unavailable,unavailable,unavailable,unavailable,unavailable,unavailable,$12.3940 hourly,$9.5431 hourly,unavailable,unavailable
R4 Memory Optimized 16xlarge,db.r4.16xlarge,488,EBS Only,64,20 Gigabit,$8.0000 hourly,unavailable,$7.6800 hourly,unavailable,unavailable,unavailable,unavailable,unavailable,$24.3200 hourly,unavailable,$40.0160 hourly,unavailable,$9.2800 hourly,unavailable,unavailable,$7.6800 hourly,unavailable,$7.6800 hourly,unavailable
R4 Memory Optimized Eight Extra Large,db.r4.8xlarge,244,EBS Only,32,10 Gigabit,$4.0000 hourly,unavailable,$3.8400 hourly,unavailable,unavailable,unavailable,unavailable,unavailable,$12.1600 hourly,unavailable,$20.0080 hourly,unavailable,$4.6400 hourly,unavailable,unavailable,$3.8400 hourly,unavailable,$3.8400 hourly,unavailable
R7I Quadruple Extra Large,db.r7i.4xlarge,128,EBS Only,16,Up to 12.5 Gbps,$2.0000 hourly,$1.3400 hourly,$2.0000 hourly,$1.3400 hourly,unavailable,unavailable,unavailable,unavailable,unavailable,unavailable,unavailable,unavailable,$2.3200 hourly,$1.5540 hourly,$3.0160 hourly,$2.0000 hourly,$1.3400 hourly,$2.0000 hourly,$1.3400 hourly
M5 16xlarge,db.m5.16xlarge,256,EBS Only,64,,$5.6960 hourly,$3.6480 hourly,$5.4700 hourly,$3.5040 hourly,unavailable,unavailable,unavailable,unavailable,$19.5840 hourly,$14.9268 hourly,$37.3760 hourly,$37.5352 hourly,unavailable,unavailable,unavailable,$5.4700 hourly,$3.5040 hourly,$5.4720 hourly,$3.3899 hourly
R5 Large,db.r5.large.tpc1.mem2x,32,EBS Only,2,Up to 10 Gigabit,unavailable,unavailable,unavailable,unavailable,unavailable,unavailable,unavailable,unavailable,unavailable,unavailable,unavailable,unavailable,unavailable,unavailable,unavailable,unavailable,unavailable,$0.4660 hourly,$0.2695 hourly
M5D Large,db.m5d.large,8,1 x 75 NVMe SSD,2,Up to 10 Gbps,$0.2100 hourly,$0.1613 hourly,$0.2100 hourly,$0.1613 hourly,unavailable,unavailable,$0.3410 hourly,$0.2329 hourly,$0.9930 hourly,$0.7822 hourly,unavailable,unavailable,unavailable,unavailable,unavailable,$0.2100 hourly,$0.1613 hourly,$0.2010 hourly,$0.1440 hourly
M7I Double Extra Large,db.m7i.2xlarge,32,EBS Only,8,Up to 12.5 Gbps,$0.7120 hourly,$0.4770 hourly,$0.7120 hourly,$0.4770 hourly,unavailable,unavailable,unavailable,unavailable,unavailable,unavailable,unavailable,unavailable,unavailable,unavailable,unavailable,$0.7120 hourly,$0.4770 hourly,$0.7120 hourly,$0.4770 hourly
R3 Memory Optimized Large,db.r3.large,15.25,1 x 32 SSD,2,Moderate,$0.2500 hourly,unavailable,$0.2400 hourly,unavailable,unavailable,unavailable,$0.4600 hourly,unavailable,unavailable,unavailable,unavailable,unavailable,unavailable,unavailable,unavailable,$0.2400 hourly,unavailable,$0.2400 hourly,unavailable
R5B Quadruple Extra Large,db.r5b.4xlarge,128,EBS Only,16,,$2.3680 hourly,$1.3716 hourly,$2.3680 hourly,$1.3716 hourly,unavailable,unavailable,$3.8470 hourly,$3.2311 hourly,$6.3490 hourly,$6.0000 hourly,$10.3060 hourly,$10.2806 hourly,unavailable,unavailable,unavailable,$2.3680 hourly,$1.3716 hourly,$2.2050 hourly,$1.3893 hourly
X2IEDN Eight Extra Large,db.x2iedn.8xlarge,1024,1 x 950 NVMe SSD,32,25 Gbps,$15.2160 hourly,unavailable,$15.2160 hourly,$13.6801 hourly,unavailable,unavailable,unavailable,unavailable,$21.0540 hourly,$19.7908 hourly,$27.1054 hourly,unavailable,unavailable,unavailable,unavailable,$15.2160 hourly,$13.6801 hourly,$15.2160 hourly,$13.5475 hourly
R6I Extra Large,db.r6i.xlarge,32,EBS Only,4,Up to 12.5 Gbps,$0.5000 hourly,$0.2888 hourly,$0.4800 hourly,$0.2772 hourly,unavailable,unavailable,$0.8800 hourly,$0.7392 hourly,$1.5200 hourly,$1.4364 hourly,$2.5010 hourly,$2.4947 hourly,$0.5800 hourly,$0.3800 hourly,$0.7540 hourly,$0.4800 hourly,$0.2772 hourly,$0.4660 hourly,$0.2695 hourly
R5 24xlarge,db.r5.24xlarge,768,EBS Only,96,25 Gigabit,$12.0000 hourly,$6.9300 hourly,$11.5200 hourly,$6.6528 hourly,unavailable,unavailable,unavailable,unavailable,$36.4800 hourly,$34.4736 hourly,$60.0240 hourly,$59.8739 hourly,$13.9200 hourly,$9.0600 hourly,$18.0960 hourly,$11.5200 hourly,$6.6528 hourly,$11.1840 hourly,$6.4690 hourly
R5 Double Extra Large,db.r5.2xlarge.tpc2.mem4x,256,EBS Only,8,10 Gigabit,unavailable,unavailable,unavailable,unavailable,unavailable,unavailable,unavailable,unavailable,unavailable,unavailable,unavailable,unavailable,unavailable,unavailable,unavailable,unavailable,unavailable,$3.7280 hourly,$2.1564 hourly
M5 Large,db.m5.large,8,EBS Only,2,Up to 10 Gigabit,$0.1780 hourly,$0.1140 hourly,$0.1710 hourly,$0.1095 hourly,unavailable,unavailable,$0.3110 hourly,$0.2290 hourly,$0.9770 hourly,$0.8540 hourly,unavailable,unavailable,unavailable,unavailable,unavailable,$0.1710 hourly,$0.1095 hourly,$0.1710 hourly,$0.1057 hourly
T3 Large,db.t3.large,8,EBS Only,2,Low to Moderate,$0.1450 hourly,$0.1034 hourly,$0.1360 hourly,$0.0957 hourly,$0.1620 hourly,$0.1019 hourly,$0.2320 hourly,$0.1461 hourly,unavailable,unavailable,unavailable,unavailable,$0.1640 hourly,$0.1280 hourly,$0.2130 hourly,$0.1360 hourly,$0.0957 hourly,$0.1360 hourly,$0.0857 hourly
R6I Double Extra Large,db.r6i.2xlarge,64,Aurora IO Optimization Mode,8,Up to 12.5 Gbps,$1.0000 hourly,$0.5776 hourly,$0.9600 hourly,$0.5544 hourly,unavailable,unavailable,$1.7600 hourly,$1.4784 hourly,$3.0400 hourly,$2.8728 hourly,$5.0020 hourly,$4.9895 hourly,$1.1600 hourly,$0.7600 hourly,$1.5080 hourly,$0.9600 hourly,$0.5544 hourly,$0.9320 hourly,$0.5391 hourly
M5 Extra Large,db.m5.xlarge,16,EBS Only,4,Up to 10 Gigabit,$0.3560 hourly,$0.2280 hourly,$0.3420 hourly,$0.2191 hourly,unavailable,unavailable,$0.5400 hourly,$0.4160 hourly,$1.2240 hourly,$1.0400 hourly,$2.3360 hourly,$2.2420 hourly,unavailable,unavailable,unavailable,$0.3420 hourly,$0.2191 hourly,$0.3420 hourly,$0.2113 hourly
M8G Large,db.m8g.large,8,EBS Only,2,Up to 12.5 Gigabit,$0.1680 hourly,$0.1130 hourly,$0.1680 hourly,$0.1130 hourly,unavailable,unavailable,unavailable,unavailable,unavailable,unavailable,unavailable,unavailable,unavailable,unavailable,unavailable,$0.1680 hourly,$0.1130 hourly,unavailable,unavailable
M5D 16xlarge,db.m5d.16xlarge,256,4 x 600 NVMe SSD,64,20 Gbps,$6.7050 hourly,$5.1626 hourly,$6.7050 hourly,$5.1626 hourly,unavailable,unavailable,unavailable,unavailable,$20.6480 hourly,$16.2603 hourly,$38.2000 hourly,$37.0540 hourly,unavailable,unavailable,unavailable,$6.7050 hourly,$5.1626 hourly,$6.4410 hourly,$4.6080 hourly
R5 Double Extra Large,db.r5.2xlarge.tpc2.mem8x,512,EBS Only,8,20 Gigabit,unavailable,unavailable,unavailable,unavailable,unavailable,unavailable,unavailable,unavailable,unavailable,unavailable,unavailable,unavailable,unavailable,unavailable,unavailable,unavailable,unavailable,$7.4560 hourly,$4.3129 hourly
R6IN Eight Extra Large,db.r6in.8xlarge,256,EBS Only,32,50 Gbps,$5.5340 hourly,$4.2615 hourly,$5.5340 hourly,$4.2615 hourly,unavailable,unavailable,unavailable,unavailable,unavailable,unavailable,unavailable,unavailable,unavailable,unavailable,unavailable,$5.5340 hourly,$4.2615 hourly,unavailable,unavailable
M5D Double Extra Large,db.m5d.2xlarge,32,1 x 300 NVMe SSD,8,Up to 10 Gbps,$0.8380 hourly,$0.6453 hourly,$0.8380 hourly,$0.6453 hourly,unavailable,unavailable,$1.1940 hourly,$0.8147 hourly,$2.5810 hourly,$2.0325 hourly,$4.7750 hourly,$4.6318 hourly,unavailable,unavailable,unavailable,$0.8380 hourly,$0.6453 hourly,$0.8050 hourly,$0.5760 hourly
M3 General Purpose Double Extra Large,db.m3.2xlarge,30,2 x 80 SSD,8,High,$0.7750 hourly,unavailable,$0.7400 hourly,unavailable,unavailable,unavailable,unavailable,unavailable,unavailable,unavailable,unavailable,unavailable,unavailable,unavailable,unavailable,$0.7400 hourly,unavailable,$0.7400 hourly,unavailable
M6ID Large,db.m6id.large,8,1 x 118 NVMe SSD,2,Up to 12.5 Gbps,$0.2240 hourly,$0.1726 hourly,$0.2240 hourly,$0.1726 hourly,unavailable,unavailable,unavailable,unavailable,unavailable,unavailable,unavailable,unavailable,unavailable,unavailable,unavailable,$0.2240 hourly,$0.1726 hourly,$0.2240 hourly,$0.1720 hourly
R7I Double Extra Large,db.r7i.2xlarge,64,EBS Only,8,Up to 12.5 Gbps,$1.0000 hourly,$0.6700 hourly,$1.0000 hourly,$0.6700 hourly,unavailable,unavailable,unavailable,unavailable,unavailable,unavailable,unavailable,unavailable,$1.1600 hourly,$0.7770 hourly,$1.5080 hourly,$1.0000 hourly,$0.6700 hourly,$1.0000 hourly,$0.6700 hourly
R5B Double Extra Large,db.r5b.2xlarge.tpc2.mem4x,256,EBS Only,8,10 Gigabit,unavailable,unavailable,unavailable,unavailable,unavailable,unavailable,unavailable,unavailable,unavailable,unavailable,unavailable,unavailable,unavailable,unavailable,unavailable,unavailable,unavailable,$4.4100 hourly,$3.1738 hourly
M6GD Quadruple Extra Large,db.m6gd.4xlarge,64,1 x 950 NVMe SSD,16,Up to 10 Gigabit,$1.4930 hourly,$1.1499 hourly,$1.4930 hourly,$1.1499 hourly,unavailable,unavailable,unavailable,unavailable,unavailable,unavailable,unavailable,unavailable,unavailable,unavailable,unavailable,$1.4930 hourly,$1.1499 hourly,unavailable,unavailable
X2IEDN 24xlarge,db.x2iedn.24xlarge,3072,2 x 1425 NVMe SSD,96,75 Gbps,$45.6480 hourly,unavailable,$45.6480 hourly,$41.0404 hourly,unavailable,unavailable,unavailable,unavailable,unavailable,unavailable,$81.3167 hourly,unavailable,unavailable,unavailable,unavailable,$45.6480 hourly,$41.0404 hourly,$45.6480 hourly,$40.6426 hourly
R6I Large,db.r6i.large,16,EBS Only,2,Up to 12.5 Gbps,$0.2500 hourly,$0.1444 hourly,$0.2400 hourly,$0.1386 hourly,unavailable,unavailable,$0.4600 hourly,$0.3864 hourly,$1.0200 hourly,$0.9639 hourly,unavailable,unavailable,$0.2900 hourly,$0.1900 hourly,$0.3770 hourly,$0.2400 hourly,$0.1386 hourly,$0.2330 hourly,$0.1348 hourly
M7G Eight Extra Large,db.m7g.8xlarge,128,EBS Only,32,15 Gigabit,$2.6960 hourly,$2.0759 hourly,$2.6960 hourly,$2.0759 hourly,unavailable,unavailable,unavailable,unavailable,unavailable,unavailable,unavailable,unavailable,unavailable,unavailable,unavailable,$2.6960 hourly,$2.0759 hourly,unavailable,unavailable
R5D 12xlarge,db.r5d.12xlarge,384,2 x 900 NVMe SSD,48,10 Gbps,$6.8570 hourly,$5.2800 hourly,$6.8570 hourly,$5.2800 hourly,unavailable,unavailable,unavailable,unavailable,$18.8500 hourly,$17.8129 hourly,$30.7630 hourly,$30.6863 hourly,unavailable,unavailable,unavailable,$6.8570 hourly,unavailable,$6.3920 hourly,$4.6310 hourly
T4G Extra Large,db.t4g.xlarge,16,EBS Only,4,Up to 5 Gigabit,$0.2580 hourly,$0.1860 hourly,$0.2580 hourly,$0.1860 hourly,unavailable,unavailable,unavailable,unavailable,unavailable,unavailable,unavailable,unavailable,unavailable,unavailable,unavailable,$0.2580 hourly,$0.1860 hourly,unavailable,unavailable
R4 Memory Optimized Double Extra Large,db.r4.2xlarge,61,EBS Only,8,Up to 10 Gigabit,$1.0000 hourly,unavailable,$0.9600 hourly,unavailable,unavailable,unavailable,$1.7600 hourly,unavailable,$3.0400 hourly,unavailable,$5.0020 hourly,unavailable,$1.1600 hourly,unavailable,unavailable,$0.9600 hourly,unavailable,$0.9600 hourly,unavailable
R7I 16xlarge,db.r7i.16xlarge,512,Aurora IO Optimization Mode,64,25 Gbps,$8.0000 hourly,$5.3600 hourly,$8.0000 hourly,$5.3600 hourly,unavailable,unavailable,unavailable,unavailable,unavailable,unavailable,unavailable,unavailable,$9.2800 hourly,$6.2180 hourly,$12.0640 hourly,$8.0000 hourly,$5.3600 hourly,$8.0000 hourly,$5.3600 hourly
M5 Quadruple Extra Large,db.m5.4xlarge,64,EBS Only,16,Up to 10 Gigabit,$1.4240 hourly,$0.9121 hourly,$1.3680 hourly,$0.8762 hourly,unavailable,unavailable,$2.2470 hourly,$1.6640 hourly,$5.0470 hourly,$4.1600 hourly,$9.3450 hourly,$8.9680 hourly,unavailable,unavailable,unavailable,$1.3680 hourly,$0.8762 hourly,$1.3680 hourly,$0.8453 hourly
R6G Eight Extra Large,db.r6g.8xlarge,256,EBS Only,32,10 Gigabit,$3.5970 hourly,$2.0775 hourly,$3.4370 hourly,$1.9848 hourly,unavailable,unavailable,unavailable,unavailable,unavailable,unavailable,unavailable,unavailable,$4.1530 hourly,$2.7208 hourly,$5.3990 hourly,$3.4370 hourly,$1.9848 hourly,unavailable,unavailable
R4 Memory Optimized Extra Large,db.r4.xlarge,30.5,EBS Only,4,Up to 10 Gigabit,$0.5000 hourly,unavailable,$0.4800 hourly,unavailable,unavailable,unavailable,$0.8800 hourly,unavailable,$1.5200 hourly,unavailable,$2.5010 hourly,unavailable,$0.5800 hourly,unavailable,unavailable,$0.4800 hourly,unavailable,$0.4800 hourly,unavailable
T3 Extra Large,db.t3.xlarge,16,EBS Only,4,Moderate,$0.2900 hourly,$0.2068 hourly,$0.2720 hourly,$0.1914 hourly,$0.3500 hourly,$0.2208 hourly,$0.4000 hourly,$0.2519 hourly,$1.0440 hourly,$0.9866 hourly,$2.2620 hourly,unavailable,unavailable,unavailable,unavailable,$0.2720 hourly,$0.1914 hourly,$0.2720 hourly,$0.1714 hourly
R5B Large,db.r5b.large.tpc1.mem2x,32,EBS Only,2,Up to 10 Gigabit,unavailable,unavailable,unavailable,unavailable,unavailable,unavailable,unavailable,unavailable,unavailable,unavailable,unavailable,unavailable,unavailable,unavailable,unavailable,unavailable,unavailable,$0.5510 hourly,$0.3967 hourly
R7I Extra Large,db.r7i.xlarge,32,Aurora IO Optimization Mode,4,Up to 12.5 Gbps,$0.5000 hourly,$0.3350 hourly,$0.5000 hourly,$0.3350 hourly,unavailable,unavailable,unavailable,unavailable,unavailable,unavailable,unavailable,unavailable,$0.5800 hourly,$0.3890 hourly,$0.7540 hourly,$0.5000 hourly,$0.3350 hourly,$0.5000 hourly,$0.3350 hourly
M6GD Large,db.m6gd.large,8,1 x 118 NVMe SSD,2,Up to 10 Gigabit,$0.1870 hourly,$0.1437 hourly,$0.1870 hourly,$0.1437 hourly,unavailable,unavailable,unavailable,unavailable,unavailable,unavailable,unavailable,unavailable,unavailable,unavailable,unavailable,$0.1870 hourly,$0.1437 hourly,unavailable,unavailable
R5B Eight Extra Large,db.r5b.8xlarge,256,EBS Only,32,10 Gigabit,$4.7360 hourly,$2.7432 hourly,$4.7360 hourly,$2.7432 hourly,unavailable,unavailable,unavailable,unavailable,$12.6980 hourly,$12.0000 hourly,$20.6130 hourly,$20.5613 hourly,unavailable,unavailable,unavailable,$4.7360 hourly,$2.7432 hourly,$4.4100 hourly,$2.7786 hourly
M6IN Double Extra Large,db.m6in.2xlarge,32,EBS Only,8,Up to 40 Gbps,$1.0330 hourly,$0.7953 hourly,$1.0330 hourly,$0.7953 hourly,unavailable,unavailable,unavailable,unavailable,unavailable,unavailable,unavailable,unavailable,unavailable,unavailable,unavailable,$1.0330 hourly,$0.7953 hourly,unavailable,unavailable
X2IEDN Double Extra Large,db.x2iedn.2xlarge,256,EBS Only,8,,$3.8040 hourly,unavailable,$3.8040 hourly,$3.4200 hourly,unavailable,unavailable,unavailable,unavailable,$5.2630 hourly,$4.9472 hourly,$6.7766 hourly,unavailable,unavailable,unavailable,unavailable,$3.8040 hourly,$3.4200 hourly,$3.8040 hourly,$3.3869 hourly
X1E Double Extra Large,db.x1e.2xlarge,244,1 x 240 SSD,8,Up to 10 Gigabit,unavailable,unavailable,unavailable,unavailable,unavailable,unavailable,unavailable,unavailable,$4.9430 hourly,unavailable,$6.5470 hourly,unavailable,unavailable,unavailable,unavailable,unavailable,unavailable,$2.8022 hourly,unavailable
M4 General Purpose Quadruple Extra Large,db.m4.4xlarge,64,EBS Only,16,High,$1.4610 hourly,unavailable,$1.4010 hourly,unavailable,unavailable,unavailable,$2.2470 hourly,unavailable,$5.0470 hourly,unavailable,$9.3450 hourly,unavailable,unavailable,unavailable,unavailable,$1.4010 hourly,unavailable,$1.4010 hourly,unavailable
M6IN 16xlarge,db.m6in.16xlarge,256,EBS Only,64,100 Gbps,$8.2620 hourly,$6.3620 hourly,$8.2620 hourly,$6.3620 hourly,unavailable,unavailable,unavailable,unavailable,unavailable,unavailable,unavailable,unavailable,unavailable,unavailable,unavailable,$8.2620 hourly,$6.3620 hourly,unavailable,unavailable
R5 Extra Large,db.r5.xlarge.tpc2.mem2x,64,EBS Only,4,Up to 10 Gigabit,unavailable,unavailable,unavailable,unavailable,unavailable,unavailable,unavailable,unavailable,unavailable,unavailable,unavailable,unavailable,unavailable,unavailable,unavailable,unavailable,unavailable,$0.9320 hourly,$0.5391 hourly
X1 32xlarge,db.x1.32xlarge,1952,2 x 1920 SSD,128,25 Gigabit,unavailable,unavailable,unavailable,unavailable,unavailable,unavailable,unavailable,unavailable,$57.0670 hourly,$53.9282 hourly,$97.4780 hourly,unavailable,unavailable,unavailable,unavailable,unavailable,unavailable,$22.4000 hourly,unavailable
T2 General Purpose Small,db.t2.small,2,EBS Only,1,Low to Moderate,$0.0360 hourly,unavailable,$0.0340 hourly,unavailable,$0.0440 hourly,unavailable,$0.1440 hourly,unavailable,unavailable,unavailable,unavailable,unavailable,unavailable,unavailable,unavailable,$0.0340 hourly,unavailable,$0.0340 hourly,unavailable
R6I Quadruple Extra Large,db.r6i.4xlarge.tpc2.mem2x,256,EBS Only,16,12.5 Gbps,unavailable,unavailable,unavailable,unavailable,unavailable,unavailable,unavailable,unavailable,unavailable,unavailable,unavailable,unavailable,unavailable,unavailable,unavailable,unavailable,unavailable,$3.7280 hourly,$2.6842 hourly
M6G Extra Large,db.m6g.xlarge,16,EBS Only,4,Up to 10 Gigabit,$0.3180 hourly,$0.2037 hourly,$0.3040 hourly,$0.1947 hourly,unavailable,unavailable,unavailable,unavailable,unavailable,unavailable,unavailable,unavailable,unavailable,unavailable,unavailable,$0.3040 hourly,$0.1947 hourly,unavailable,unavailable
R5 Extra Large,db.r5.xlarge.tpc2.mem4x,128,EBS Only,4,Up to 10 Gigabit,unavailable,unavailable,unavailable,unavailable,unavailable,unavailable,unavailable,unavailable,unavailable,unavailable,unavailable,unavailable,unavailable,unavailable,unavailable,unavailable,unavailable,$1.8640 hourly,$1.0782 hourly
M4 General Purpose Extra Large,db.m4.xlarge,16,EBS Only,4,High,$0.3650 hourly,unavailable,$0.3500 hourly,unavailable,unavailable,unavailable,$0.5400 hourly,unavailable,$1.2240 hourly,unavailable,$2.3360 hourly,unavailable,unavailable,unavailable,unavailable,$0.3500 hourly,unavailable,$0.3500 hourly,unavailable
M6G Double Extra Large,db.m6g.2xlarge,32,EBS Only,8,Up to 10 Gigabit,$0.6360 hourly,$0.4073 hourly,$0.6080 hourly,$0.3893 hourly,unavailable,unavailable,unavailable,unavailable,unavailable,unavailable,unavailable,unavailable,unavailable,unavailable,unavailable,$0.6080 hourly,$0.3893 hourly,unavailable,unavailable
T2 General Purpose Micro,db.t2.micro,1,EBS Only,1,Low to Moderate,$0.0180 hourly,unavailable,$0.0170 hourly,unavailable,$0.0220 hourly,unavailable,unavailable,unavailable,unavailable,unavailable,unavailable,unavailable,unavailable,unavailable,unavailable,$0.0170 hourly,unavailable,$0.0170 hourly,unavailable
M6IN Large,db.m6in.large,8,EBS Only,2,Up to 25 Gbps,$0.2580 hourly,$0.1988 hourly,$0.2580 hourly,$0.1988 hourly,unavailable,unavailable,unavailable,unavailable,unavailable,unavailable,unavailable,unavailable,unavailable,unavailable,unavailable,$0.2580 hourly,$0.1988 hourly,unavailable,unavailable
T4G Medium,db.t4g.medium,4,EBS Only,2,Up to 5 Gigabit,$0.0650 hourly,$0.0465 hourly,$0.0650 hourly,$0.0465 hourly,unavailable,unavailable,unavailable,unavailable,unavailable,unavailable,unavailable,unavailable,$0.0730 hourly,$0.0569 hourly,$0.0950 hourly,$0.0650 hourly,$0.0465 hourly,unavailable,unavailable
R6IN Large,db.r6in.large,16,EBS Only,2,Up to 25 Gbps,$0.3460 hourly,$0.2663 hourly,$0.3460 hourly,$0.2663 hourly,unavailable,unavailable,unavailable,unavailable,unavailable,unavailable,unavailable,unavailable,unavailable,unavailable,unavailable,$0.3460 hourly,$0.2663 hourly,unavailable,unavailable
R6I 16xlarge,db.r6i.16xlarge,512,EBS Only,64,25 Gbps,$8.0000 hourly,$4.6208 hourly,$7.6800 hourly,$4.4352 hourly,unavailable,unavailable,unavailable,unavailable,unavailable,unavailable,$40.0160 hourly,$39.9160 hourly,$9.2800 hourly,$6.0800 hourly,$12.0640 hourly,$7.6800 hourly,$4.4352 hourly,$7.4560 hourly,$4.3129 hourly
X2IEDN 16xlarge,db.x2iedn.16xlarge,2048,EBS Only,64,,$30.4320 hourly,unavailable,$30.4320 hourly,$27.3603 hourly,unavailable,unavailable,unavailable,unavailable,unavailable,unavailable,$54.2108 hourly,unavailable,unavailable,unavailable,unavailable,$30.4320 hourly,$27.3603 hourly,$30.4320 hourly,$27.0950 hourly
M7I 12xlarge,db.m7i.12xlarge,192,EBS Only,48,18.75 Gbps,$4.2720 hourly,$2.8620 hourly,$4.2720 hourly,$2.8620 hourly,unavailable,unavailable,unavailable,unavailable,unavailable,unavailable,unavailable,unavailable,unavailable,unavailable,unavailable,$4.2720 hourly,$2.8620 hourly,$4.2720 hourly,$2.8620 hourly
R6IDN Double Extra Large,db.r6idn.2xlarge,64,1 x 474 NVMe SSD,8,Up to 40 Gbps,$1.5510 hourly,$1.1940 hourly,$1.5510 hourly,$1.1940 hourly,unavailable,unavailable,unavailable,unavailable,unavailable,unavailable,unavailable,unavailable,unavailable,unavailable,unavailable,$1.5510 hourly,$1.1940 hourly,unavailable,unavailable
M3 General Purpose Extra Large,db.m3.xlarge,15,2 x 40 SSD,4,High,$0.3900 hourly,unavailable,$0.3700 hourly,unavailable,unavailable,unavailable,unavailable,unavailable,unavailable,unavailable,unavailable,unavailable,unavailable,unavailable,unavailable,$0.3700 hourly,unavailable,$0.3700 hourly,unavailable
R7G 12xlarge,db.r7g.12xlarge,384,EBS Only,48,22.5 Gigabit,$5.7380 hourly,$4.4179 hourly,$5.7380 hourly,$4.4179 hourly,unavailable,unavailable,unavailable,unavailable,unavailable,unavailable,unavailable,unavailable,$6.6330 hourly,$5.1075 hourly,$8.6230 hourly,$5.7380 hourly,$4.4179 hourly,unavailable,unavailable
M6ID Quadruple Extra Large,db.m6id.4xlarge,64,1 x 950 NVMe SSD,16,Up to 12.5 Gbps,$1.7940 hourly,$1.3810 hourly,$1.7940 hourly,$1.3810 hourly,unavailable,unavailable,unavailable,unavailable,unavailable,unavailable,unavailable,unavailable,unavailable,unavailable,unavailable,$1.7940 hourly,$1.3810 hourly,$1.7920 hourly,$1.3800 hourly
R6IN 12xlarge,db.r6in.12xlarge,384,EBS Only,48,75 Gbps,$8.3020 hourly,$6.3922 hourly,$8.3020 hourly,$6.3922 hourly,unavailable,unavailable,unavailable,unavailable,unavailable,unavailable,unavailable,unavailable,unavailable,unavailable,unavailable,$8.3020 hourly,$6.3922 hourly,unavailable,unavailable
R8G Double Extra Large,db.r8g.2xlarge,64,EBS Only,8,Up to 15 Gigabit,$0.9560 hourly,$0.6410 hourly,$0.9560 hourly,$0.6410 hourly,unavailable,unavailable,unavailable,unavailable,unavailable,unavailable,unavailable,unavailable,$1.1040 hourly,$0.7400 hourly,$1.4360 hourly,$0.9560 hourly,$0.6410 hourly,unavailable,unavailable
R7G Extra Large,db.r7g.xlarge,32,Aurora IO Optimization Mode,4,Up to 12.5 Gigabit,$0.4780 hourly,$0.3682 hourly,$0.4780 hourly,$0.3682 hourly,unavailable,unavailable,unavailable,unavailable,unavailable,unavailable,unavailable,unavailable,$0.5530 hourly,$0.4256 hourly,$0.7190 hourly,$0.4780 hourly,$0.3682 hourly,unavailable,unavailable
R5 Quadruple Extra Large,db.r5.4xlarge.tpc2.mem2x,256,EBS Only,16,10 Gigabit,unavailable,unavailable,unavailable,unavailable,unavailable,unavailable,unavailable,unavailable,unavailable,unavailable,unavailable,unavailable,unavailable,unavailable,unavailable,unavailable,unavailable,$3.7280 hourly,$2.1564 hourly
R7I Large,db.r7i.large,16,EBS Only,2,Up to 12.5 Gbps,$0.2500 hourly,$0.1670 hourly,$0.2500 hourly,$0.1670 hourly,unavailable,unavailable,unavailable,unavailable,unavailable,unavailable,unavailable,unavailable,$0.2900 hourly,$0.1940 hourly,$0.3770 hourly,$0.2500 hourly,$0.1670 hourly,$0.2500 hourly,$0.1670 hourly
X2IDN 24xlarge,db.x2idn.24xlarge,1536,2 x 1425 NVMe SSD,96,75 Gbps,unavailable,unavailable,unavailable,unavailable,unavailable,unavailable,unavailable,unavailable,unavailable,unavailable,unavailable,unavailable,unavailable,unavailable,unavailable,unavailable,unavailable,$16.8000 hourly,$12.0960 hourly
R6GD Eight Extra Large,db.r6gd.8xlarge,256,1 x 1900 NVMe SSD,32,10 Gigabit,$4.1140 hourly,$3.1680 hourly,$4.1140 hourly,$3.1680 hourly,unavailable,unavailable,unavailable,unavailable,unavailable,unavailable,unavailable,unavailable,$4.9920 hourly,$3.8438 hourly,$6.4900 hourly,$4.1140 hourly,$3.1680 hourly,unavailable,unavailable
R6ID Extra Large,db.r6id.xlarge,32,1 x 237 NVMe SSD,4,Up to 12.5 Gbps,$0.5960 hourly,$0.4592 hourly,$0.5960 hourly,$0.4592 hourly,unavailable,unavailable,unavailable,unavailable,unavailable,unavailable,unavailable,unavailable,unavailable,unavailable,unavailable,$0.5960 hourly,$0.4592 hourly,$0.5960 hourly,$0.4590 hourly
R6G 16xlarge,db.r6g.16xlarge,512,EBS Only,64,25 Gigabit,$7.1940 hourly,$4.1550 hourly,$6.8740 hourly,$3.9695 hourly,unavailable,unavailable,unavailable,unavailable,unavailable,unavailable,unavailable,unavailable,$8.3060 hourly,$5.4416 hourly,$10.7980 hourly,$6.8740 hourly,$3.9695 hourly,unavailable,unavailable
M5D 12xlarge,db.m5d.12xlarge,192,2 x 900 NVMe SSD,48,12 Gbps,$5.0280 hourly,$3.8719 hourly,$5.0280 hourly,$3.8719 hourly,unavailable,unavailable,unavailable,unavailable,$15.4860 hourly,$12.1952 hourly,$28.6500 hourly,$27.7905 hourly,unavailable,unavailable,unavailable,$5.0280 hourly,$3.8719 hourly,$4.8300 hourly,$3.4560 hourly
R8G 24xlarge,db.r8g.24xlarge,768,Aurora IO Optimization Mode,96,40 Gigabit,$11.4720 hourly,$7.6860 hourly,$11.4720 hourly,$7.6860 hourly,unavailable,unavailable,unavailable,unavailable,unavailable,unavailable,unavailable,unavailable,$13.2480 hourly,$8.8760 hourly,$17.2320 hourly,$11.4720 hourly,$7.6860 hourly,unavailable,unavailable
M7I Large,db.m7i.large,8,EBS Only,2,Up to 12.5 Gbps,$0.1780 hourly,$0.1190 hourly,$0.1780 hourly,$0.1190 hourly,unavailable,unavailable,unavailable,unavailable,unavailable,unavailable,unavailable,unavailable,unavailable,unavailable,unavailable,$0.1780 hourly,$0.1190 hourly,$0.1780 hourly,$0.1190 hourly
R7G 16xlarge,db.r7g.16xlarge,512,EBS Only,64,30 Gigabit,$7.6500 hourly,$5.8905 hourly,$7.6500 hourly,$5.8905 hourly,unavailable,unavailable,unavailable,unavailable,unavailable,unavailable,unavailable,unavailable,$8.8440 hourly,$6.8100 hourly,$11.4970 hourly,$7.6500 hourly,$5.8905 hourly,unavailable,unavailable
M7I 48xlarge,db.m7i.48xlarge,768,EBS Only,192,50 Gbps,$17.0880 hourly,$11.4490 hourly,$17.0880 hourly,$11.4490 hourly,unavailable,unavailable,unavailable,unavailable,unavailable,unavailable,unavailable,unavailable,unavailable,unavailable,unavailable,$17.0880 hourly,$11.4490 hourly,$17.0880 hourly,$11.4490 hourly
Z1D Double Extra Large,db.z1d.2xlarge,64,1 x 300 NVMe SSD,8,"Up to 10,000 Mbps",unavailable,unavailable,unavailable,unavailable,unavailable,unavailable,$2.1820 hourly,$1.8331 hourly,$3.4190 hourly,$3.2308 hourly,$5.3460 hourly,unavailable,unavailable,unavailable,unavailable,unavailable,unavailable,$1.3680 hourly,$0.9337 hourly
R6ID Double Extra Large,db.r6id.2xlarge,64,1 x 474 NVMe SSD,8,Up to 12.5 Gbps,$1.1930 hourly,$0.9185 hourly,$1.1930 hourly,$0.9185 hourly,unavailable,unavailable,unavailable,unavailable,unavailable,unavailable,unavailable,unavailable,unavailable,unavailable,unavailable,$1.1930 hourly,$0.9185 hourly,$1.1920 hourly,$0.9180 hourly
T3 Double Extra Large,db.t3.2xlarge,32,EBS Only,8,Moderate,$0.5790 hourly,$0.4135 hourly,$0.5440 hourly,$0.3827 hourly,unavailable,unavailable,$0.8000 hourly,$0.5038 hourly,$2.0880 hourly,$1.9732 hourly,$4.5240 hourly,unavailable,unavailable,unavailable,unavailable,$0.5440 hourly,$0.3827 hourly,$0.5440 hourly,$0.3427 hourly
M6GD Eight Extra Large,db.m6gd.8xlarge,128,1 x 1900 NVMe SSD,32,10 Gigabit,$2.9870 hourly,$2.2998 hourly,$2.9870 hourly,$2.2998 hourly,unavailable,unavailable,unavailable,unavailable,unavailable,unavailable,unavailable,unavailable,unavailable,unavailable,unavailable,$2.9870 hourly,$2.2998 hourly,unavailable,unavailable
X1E 16xlarge,db.x1e.16xlarge,1952,1 x 1920 SSD,64,Up to 10 Gigabit,unavailable,unavailable,unavailable,unavailable,unavailable,unavailable,unavailable,unavailable,$39.5470 hourly,unavailable,$52.3740 hourly,unavailable,unavailable,unavailable,unavailable,unavailable,unavailable,$22.4179 hourly,unavailable
R5 6xlarge,db.r5.6xlarge.tpc2.mem4x,768,EBS Only,24,25 Gigabit,unavailable,unavailable,unavailable,unavailable,unavailable,unavailable,unavailable,unavailable,unavailable,unavailable,unavailable,unavailable,unavailable,unavailable,unavailable,unavailable,unavailable,$11.1840 hourly,$6.4690 hourly
R6G Extra Large,db.r6g.xlarge,32,EBS Only,4,Up to 10 Gigabit,$0.4500 hourly,$0.2597 hourly,$0.4300 hourly,$0.2481 hourly,unavailable,unavailable,unavailable,unavailable,unavailable,unavailable,unavailable,unavailable,$0.5190 hourly,$0.3401 hourly,$0.6750 hourly,$0.4300 hourly,$0.2481 hourly,unavailable,unavailable
R6I Double Extra Large,db.r6i.2xlarge.tpc1.mem2x,128,EBS Only,8,Up to 12.5 Gbps,unavailable,unavailable,unavailable,unavailable,unavailable,unavailable,unavailable,unavailable,unavailable,unavailable,unavailable,unavailable,unavailable,unavailable,unavailable,unavailable,unavailable,$1.8640 hourly,$1.3421 hourly
M5 24xlarge,db.m5.24xlarge,384,EBS Only,96,,$8.5440 hourly,$5.4724 hourly,$8.2080 hourly,$5.2572 hourly,unavailable,unavailable,unavailable,unavailable,$29.3760 hourly,$24.9600 hourly,$56.0640 hourly,$53.8080 hourly,unavailable,unavailable,unavailable,$8.2080 hourly,$5.2572 hourly,$8.2080 hourly,$5.0719 hourly
M5D 24xlarge,db.m5d.24xlarge,384,4 x 900 NVMe SSD,96,25 Gbps,$10.0570 hourly,$7.7439 hourly,$10.0570 hourly,$7.7439 hourly,unavailable,unavailable,unavailable,unavailable,$30.9720 hourly,$24.3905 hourly,$57.3000 hourly,$55.5810 hourly,unavailable,unavailable,unavailable,$10.0570 hourly,$7.7439 hourly,$9.6610 hourly,$6.9120 hourly
M7G 12xlarge,db.m7g.12xlarge,192,EBS Only,48,20 Gigabit,$4.0440 hourly,$3.1139 hourly,$4.0440 hourly,$3.1139 hourly,unavailable,unavailable,unavailable,unavailable,unavailable,unavailable,unavailable,unavailable,unavailable,unavailable,unavailable,$4.0440 hourly,$3.1139 hourly,unavailable,unavailable
R5B 16xlarge,db.r5b.16xlarge,512,EBS Only,64,20 Gigabit,$9.4720 hourly,$5.4863 hourly,$9.4720 hourly,$5.4863 hourly,unavailable,unavailable,unavailable,unavailable,$25.3970 hourly,$24.0000 hourly,$41.2260 hourly,$41.1225 hourly,unavailable,unavailable,unavailable,$9.4720 hourly,$5.4863 hourly,$8.8210 hourly,$5.5571 hourly
R6IN Extra Large,db.r6in.xlarge,32,EBS Only,4,Up to 30 Gbps,$0.6920 hourly,$0.5327 hourly,$0.6920 hourly,$0.5327 hourly,unavailable,unavailable,unavailable,unavailable,unavailable,unavailable,unavailable,unavailable,unavailable,unavailable,unavailable,$0.6920 hourly,$0.5327 hourly,unavailable,unavailable
Z1D 12xlarge,db.z1d.12xlarge,384,2 x 900 NVMe SSD,48,"25,000 Mbps",unavailable,unavailable,unavailable,unavailable,unavailable,unavailable,unavailable,unavailable,$20.5130 hourly,$19.3846 hourly,$32.0740 hourly,unavailable,unavailable,unavailable,unavailable,unavailable,unavailable,$8.2080 hourly,$5.6020 hourly
R5D Large,db.r5d.large,16,1 x 75 NVMe SSD,2,Up to 10 Gbps,$0.2860 hourly,$0.2200 hourly,$0.2860 hourly,$0.2200 hourly,unavailable,unavailable,$0.5320 hourly,$0.4469 hourly,$1.1810 hourly,$1.1164 hourly,unavailable,unavailable,unavailable,unavailable,unavailable,$0.2860 hourly,unavailable,$0.2660 hourly,$0.1930 hourly
M6G Eight Extra Large,db.m6g.8xlarge,128,EBS Only,32,10 Gigabit,$2.5440 hourly,$1.6293 hourly,$2.4320 hourly,$1.5573 hourly,unavailable,unavailable,unavailable,unavailable,unavailable,unavailable,unavailable,unavailable,unavailable,unavailable,unavailable,$2.4320 hourly,$1.5573 hourly,unavailable,unavailable
M8G Extra Large,db.m8g.xlarge,16,EBS Only,4,Up to 12.5 Gigabit,$0.3360 hourly,$0.2250 hourly,$0.3360 hourly,$0.2250 hourly,unavailable,unavailable,unavailable,unavailable,unavailable,unavailable,unavailable,unavailable,unavailable,unavailable,unavailable,$0.3360 hourly,$0.2250 hourly,unavailable,unavailable
R5D Double Extra Large,db.r5d.2xlarge,64,1 x 300 NVMe SSD,8,Up to 10 Gbps,$1.1430 hourly,$0.8800 hourly,$1.1430 hourly,$0.8800 hourly,unavailable,unavailable,$1.8880 hourly,$1.5861 hourly,$3.1420 hourly,$2.9688 hourly,$5.1270 hourly,$5.1144 hourly,unavailable,unavailable,unavailable,$1.1430 hourly,unavailable,$1.0650 hourly,$0.7718 hourly
X2G 16xlarge,db.x2g.16xlarge,1024,EBS Only,64,25 Gigabit,$10.4320 hourly,$6.0506 hourly,$10.4320 hourly,$6.0506 hourly,unavailable,unavailable,unavailable,unavailable,unavailable,unavailable,unavailable,unavailable,$12.0640 hourly,$7.8374 hourly,$15.6830 hourly,$10.4320 hourly,$6.0506 hourly,unavailable,unavailable
R7I 48xlarge,db.r7i.48xlarge,1536,EBS Only,192,50 Gbps,$24.0000 hourly,$16.0800 hourly,$24.0000 hourly,$16.0800 hourly,unavailable,unavailable,unavailable,unavailable,unavailable,unavailable,unavailable,unavailable,$27.8400 hourly,$18.6530 hourly,$36.1920 hourly,$24.0000 hourly,$16.0800 hourly,$24.0000 hourly,$16.0800 hourly
X1E Quadruple Extra Large,db.x1e.4xlarge,488,1 x 480 SSD,16,Up to 10 Gigabit,unavailable,unavailable,unavailable,unavailable,unavailable,unavailable,unavailable,unavailable,$9.8870 hourly,unavailable,$13.0940 hourly,unavailable,unavailable,unavailable,unavailable,unavailable,unavailable,$5.6045 hourly,unavailable
R5B Extra Large,db.r5b.xlarge.tpc2.mem4x,128,EBS Only,4,Up to 10 Gigabit,unavailable,unavailable,unavailable,unavailable,unavailable,unavailable,unavailable,unavailable,unavailable,unavailable,unavailable,unavailable,unavailable,unavailable,unavailable,unavailable,unavailable,$2.2050 hourly,$1.5869 hourly
M7G Extra Large,db.m7g.xlarge,16,EBS Only,4,Up to 12.5 Gigabit,$0.3370 hourly,$0.2595 hourly,$0.3370 hourly,$0.2595 hourly,unavailable,unavailable,unavailable,unavailable,unavailable,unavailable,unavailable,unavailable,unavailable,unavailable,unavailable,$0.3370 hourly,$0.2595 hourly,unavailable,unavailable
T4G Double Extra Large,db.t4g.2xlarge,32,EBS Only,8,Up to 5 Gigabit,$0.5170 hourly,$0.3721 hourly,$0.5170 hourly,$0.3721 hourly,unavailable,unavailable,unavailable,unavailable,unavailable,unavailable,unavailable,unavailable,unavailable,unavailable,unavailable,$0.5170 hourly,$0.3721 hourly,unavailable,unavailable
R6GD Quadruple Extra Large,db.r6gd.4xlarge,128,1 x 950 NVMe SSD,16,Up to 10 Gigabit,$2.0570 hourly,$1.5840 hourly,$2.0570 hourly,$1.5840 hourly,unavailable,unavailable,unavailable,unavailable,unavailable,unavailable,unavailable,unavailable,$2.4960 hourly,$1.9219 hourly,$3.2450 hourly,$2.0570 hourly,$1.5840 hourly,unavailable,unavailable
M6GD Double Extra Large,db.m6gd.2xlarge,32,1 x 475 NVMe SSD,8,Up to 10 Gigabit,$0.7470 hourly,$0.5749 hourly,$0.7470 hourly,$0.5749 hourly,unavailable,unavailable,unavailable,unavailable,unavailable,unavailable,unavailable,unavailable,unavailable,unavailable,unavailable,$0.7470 hourly,$0.5749 hourly,unavailable,unavailable
R5D Quadruple Extra Large,db.r5d.4xlarge,128,2 x 300 NVMe SSD,16,Up to 10 Gbps,$2.2860 hourly,$1.7600 hourly,$2.2860 hourly,$1.7600 hourly,unavailable,unavailable,$3.7770 hourly,$3.1723 hourly,$6.2830 hourly,$5.9376 hourly,$10.2540 hourly,$10.2288 hourly,unavailable,unavailable,unavailable,$2.2860 hourly,unavailable,$2.1310 hourly,$1.5437 hourly
Z1D Extra Large,db.z1d.xlarge,32,1 x 150 NVMe SSD,4,"Up to 10,000 Mbps",unavailable,unavailable,unavailable,unavailable,unavailable,unavailable,$1.0920 hourly,$0.9173 hourly,$1.7090 hourly,$1.6154 hourly,$2.6730 hourly,unavailable,unavailable,unavailable,unavailable,unavailable,unavailable,$0.6830 hourly,$0.4661 hourly
R3 Memory Optimized Quadruple Extra Large,db.r3.4xlarge,122,1 x 320 SSD,16,High,$1.9900 hourly,unavailable,$1.8900 hourly,unavailable,unavailable,unavailable,unavailable,unavailable,unavailable,unavailable,unavailable,unavailable,unavailable,unavailable,unavailable,$1.8900 hourly,unavailable,$1.8900 hourly,unavailable
R5D 16xlarge,db.r5d.16xlarge,512,4 x 600 NVMe SSD,64,20 Gbps,$9.1430 hourly,$7.0400 hourly,$9.1430 hourly,$7.0400 hourly,unavailable,unavailable,unavailable,unavailable,$25.1330 hourly,$23.7505 hourly,$41.0180 hourly,$40.9151 hourly,unavailable,unavailable,unavailable,$9.1430 hourly,unavailable,$8.5220 hourly,$6.1747 hourly
M6IDN 12xlarge,db.m6idn.12xlarge,192,2 x 1425 NVMe SSD,48,75 Gbps,$7.0800 hourly,$5.4516 hourly,$7.0800 hourly,$5.4516 hourly,unavailable,unavailable,unavailable,unavailable,unavailable,unavailable,unavailable,unavailable,unavailable,unavailable,unavailable,$7.0800 hourly,$5.4516 hourly,unavailable,unavailable
M8G 24xlarge,db.m8g.24xlarge,512,EBS Only,96,40 Gigabit,$8.0640 hourly,$5.4030 hourly,$8.0640 hourly,$5.4030 hourly,unavailable,unavailable,unavailable,unavailable,unavailable,unavailable,unavailable,unavailable,unavailable,unavailable,unavailable,$8.0640 hourly,$5.4030 hourly,unavailable,unavailable
R6I Extra Large,db.r6i.xlarge.tpc2.mem2x,64,EBS Only,4,Up to 12.5 Gbps,unavailable,unavailable,unavailable,unavailable,unavailable,unavailable,unavailable,unavailable,unavailable,unavailable,unavailable,unavailable,unavailable,unavailable,unavailable,unavailable,unavailable,$0.9320 hourly,$0.6710 hourly
X2G Eight Extra Large,db.x2g.8xlarge,512,EBS Only,32,12 gigabit,$5.2160 hourly,$3.0253 hourly,$5.2160 hourly,$3.0253 hourly,unavailable,unavailable,unavailable,unavailable,unavailable,unavailable,unavailable,unavailable,$6.0320 hourly,$3.9187 hourly,$7.8420 hourly,$5.2160 hourly,$3.0253 hourly,unavailable,unavailable
M6GD Extra Large,db.m6gd.xlarge,16,1 x 237 NVMe SSD,4,Up to 10 Gigabit,$0.3730 hourly,$0.2875 hourly,$0.3730 hourly,$0.2875 hourly,unavailable,unavailable,unavailable,unavailable,unavailable,unavailable,unavailable,unavailable,unavailable,unavailable,unavailable,$0.3730 hourly,$0.2875 hourly,unavailable,unavailable
X2G Double Extra Large,db.x2g.2xlarge,128,EBS Only,8,Up to 10 Gigabit,$1.3040 hourly,$0.7563 hourly,$1.3040 hourly,$0.7563 hourly,unavailable,unavailable,unavailable,unavailable,unavailable,unavailable,unavailable,unavailable,$1.5080 hourly,$0.9797 hourly,$1.9600 hourly,$1.3040 hourly,$0.7563 hourly,unavailable,unavailable
R6I Extra Large,db.r6i.xlarge.tpc2.mem4x,128,EBS Only,4,Up to 12.5 Gbps,unavailable,unavailable,unavailable,unavailable,unavailable,unavailable,unavailable,unavailable,unavailable,unavailable,unavailable,unavailable,unavailable,unavailable,unavailable,unavailable,unavailable,$1.8640 hourly,$1.3421 hourly
M7G Quadruple Extra Large,db.m7g.4xlarge,64,EBS Only,16,Up to 15 Gigabit,$1.3480 hourly,$1.0380 hourly,$1.3480 hourly,$1.0380 hourly,unavailable,unavailable,unavailable,unavailable,unavailable,unavailable,unavailable,unavailable,unavailable,unavailable,unavailable,$1.3480 hourly,$1.0380 hourly,unavailable,unavailable
R5B Quadruple Extra Large,db.r5b.4xlarge.tpc2.mem2x,256,EBS Only,16,10 Gigabit,unavailable,unavailable,unavailable,unavailable,unavailable,unavailable,unavailable,unavailable,unavailable,unavailable,unavailable,unavailable,unavailable,unavailable,unavailable,unavailable,unavailable,$4.4100 hourly,$3.1738 hourly
R8G 48xlarge,db.r8g.48xlarge,1536,EBS Only,192,50 Gigabit,$22.9440 hourly,$15.3720 hourly,$22.9440 hourly,$15.3720 hourly,unavailable,unavailable,unavailable,unavailable,unavailable,unavailable,unavailable,unavailable,$26.4960 hourly,$17.7520 hourly,$34.4640 hourly,$22.9440 hourly,$15.3720 hourly,unavailable,unavailable
R5B Quadruple Extra Large,db.r5b.4xlarge.tpc2.mem3x,384,EBS Only,16,10 Gigabit,unavailable,unavailable,unavailable,unavailable,unavailable,unavailable,unavailable,unavailable,unavailable,unavailable,unavailable,unavailable,unavailable,unavailable,unavailable,unavailable,unavailable,$6.6150 hourly,$4.7606 hourly
T2 General Purpose Double Extra Large,db.t2.2xlarge,32,EBS Only,8,Moderate,$0.5800 hourly,unavailable,$0.5440 hourly,unavailable,unavailable,unavailable,unavailable,unavailable,unavailable,unavailable,unavailable,unavailable,unavailable,unavailable,unavailable,$0.5440 hourly,unavailable,$0.5440 hourly,unavailable
R6I 6xlarge,db.r6i.6xlarge.tpc2.mem4x,768,EBS Only,24,37.5 Gbps,unavailable,unavailable,unavailable,unavailable,unavailable,unavailable,unavailable,unavailable,unavailable,unavailable,unavailable,unavailable,unavailable,unavailable,unavailable,unavailable,unavailable,$11.1840 hourly,$8.0525 hourly
R8G Quadruple Extra Large,db.r8g.4xlarge,128,EBS Only,16,Up to 15 Gigabit,$1.9120 hourly,$1.2810 hourly,$1.9120 hourly,$1.2810 hourly,unavailable,unavailable,unavailable,unavailable,unavailable,unavailable,unavailable,unavailable,$2.2080 hourly,$1.4790 hourly,$2.8720 hourly,$1.9120 hourly,$1.2810 hourly,unavailable,unavailable
M6IDN Eight Extra Large,db.m6idn.8xlarge,128,1 x 1900 NVMe SSD,32,50 Gbps,$4.7200 hourly,$3.6344 hourly,$4.7200 hourly,$3.6344 hourly,unavailable,unavailable,unavailable,unavailable,unavailable,unavailable,unavailable,unavailable,unavailable,unavailable,unavailable,$4.7200 hourly,$3.6344 hourly,unavailable,unavailable
R6GD 12xlarge,db.r6gd.12xlarge,384,Aurora IO Optimization Mode,48,20 Gigabit,$6.1710 hourly,$4.7520 hourly,$6.1710 hourly,$4.7520 hourly,unavailable,unavailable,unavailable,unavailable,unavailable,unavailable,unavailable,unavailable,$7.4880 hourly,$5.7658 hourly,$9.7340 hourly,$6.1710 hourly,$4.7520 hourly,unavailable,unavailable
M4 General Purpose Deca Extra Large,db.m4.10xlarge,160,EBS Only,40,10 Gigabit,$3.6540 hourly,unavailable,$3.5020 hourly,unavailable,unavailable,unavailable,unavailable,unavailable,$12.2400 hourly,unavailable,$23.3620 hourly,unavailable,unavailable,unavailable,unavailable,$3.5020 hourly,unavailable,$3.5020 hourly,unavailable
Z1D 3xlarge,db.z1d.3xlarge,96,1 x 450 NVMe SSD,12,"Up to 10,000 Mbps",unavailable,unavailable,unavailable,unavailable,unavailable,unavailable,$3.2740 hourly,$2.7504 hourly,$5.1280 hourly,$4.8461 hourly,$8.0180 hourly,unavailable,unavailable,unavailable,unavailable,unavailable,unavailable,$2.0520 hourly,$1.4005 hourly
R6ID 24xlarge,db.r6id.24xlarge,768,4 x 1425 NVMe SSD,96,37.5 Gbps,$14.3140 hourly,$11.0219 hourly,$14.3140 hourly,$11.0219 hourly,unavailable,unavailable,unavailable,unavailable,unavailable,unavailable,unavailable,unavailable,$16.7040 hourly,$12.8621 hourly,$21.7150 hourly,$14.3140 hourly,$11.0219 hourly,$14.3040 hourly,$11.0140 hourly
R8G Extra Large,db.r8g.xlarge,32,EBS Only,4,Up to 12.5 Gigabit,$0.4780 hourly,$0.3200 hourly,$0.4780 hourly,$0.3200 hourly,unavailable,unavailable,unavailable,unavailable,unavailable,unavailable,unavailable,unavailable,$0.5520 hourly,$0.3700 hourly,$0.7180 hourly,$0.4780 hourly,$0.3200 hourly,unavailable,unavailable
R6ID Eight Extra Large,db.r6id.8xlarge,256,1 x 1900 NVMe SSD,32,12.5 Gbps,$4.7710 hourly,$3.6740 hourly,$4.7710 hourly,$3.6740 hourly,unavailable,unavailable,unavailable,unavailable,unavailable,unavailable,unavailable,unavailable,unavailable,unavailable,unavailable,$4.7710 hourly,$3.6740 hourly,$4.7680 hourly,$3.6710 hourly
M4 General Purpose 16xlarge,db.m4.16xlarge,256,EBS Only,64,20 Gigabit,$5.8440 hourly,unavailable,$5.6000 hourly,unavailable,unavailable,unavailable,unavailable,unavailable,$19.5840 hourly,unavailable,$37.3760 hourly,unavailable,unavailable,unavailable,unavailable,$5.6000 hourly,unavailable,$5.6064 hourly,unavailable
M6ID 24xlarge,db.m6id.24xlarge,384,4 x 1425 NVMe SSD,96,37.5 Gbps,$10.7610 hourly,$8.2863 hourly,$10.7610 hourly,$8.2863 hourly,unavailable,unavailable,unavailable,unavailable,unavailable,unavailable,unavailable,unavailable,unavailable,unavailable,unavailable,$10.7610 hourly,$8.2863 hourly,$10.7520 hourly,$8.2790 hourly
Z1D Large,db.z1d.large,16,1 x 75 NVMe SSD,2,"Up to 10,000 Mbps",unavailable,unavailable,unavailable,unavailable,unavailable,unavailable,$0.6060 hourly,$0.5086 hourly,$1.2510 hourly,$1.1819 hourly,unavailable,unavailable,unavailable,unavailable,unavailable,unavailable,unavailable,$0.3420 hourly,$0.2334 hourly
R6GD 16xlarge,db.r6gd.16xlarge,512,2 x 1900 NVMe SSD,64,25 Gigabit,$8.2290 hourly,$6.3360 hourly,$8.2290 hourly,$6.3360 hourly,unavailable,unavailable,unavailable,unavailable,unavailable,unavailable,unavailable,unavailable,$9.9840 hourly,$7.6877 hourly,$12.9790 hourly,$8.2290 hourly,$6.3360 hourly,unavailable,unavailable
M6IN 32xlarge,db.m6in.32xlarge,512,EBS Only,128,200 Gbps,$16.5250 hourly,$12.7241 hourly,$16.5250 hourly,$12.7241 hourly,unavailable,unavailable,unavailable,unavailable,unavailable,unavailable,unavailable,unavailable,unavailable,unavailable,unavailable,$16.5250 hourly,$12.7241 hourly,unavailable,unavailable
X2IDN 32xlarge,db.x2idn.32xlarge,2048,2 x 1900 NVMe SSD,128,100 Gbps,unavailable,unavailable,unavailable,unavailable,unavailable,unavailable,unavailable,unavailable,unavailable,unavailable,unavailable,unavailable,unavailable,unavailable,unavailable,unavailable,unavailable,$22.4000 hourly,$16.1280 hourly
T2 General Purpose Extra Large,db.t2.xlarge,16,EBS Only,4,Moderate,$0.2900 hourly,unavailable,$0.2720 hourly,unavailable,unavailable,unavailable,unavailable,unavailable,unavailable,unavailable,unavailable,unavailable,unavailable,unavailable,unavailable,$0.2720 hourly,unavailable,$0.2720 hourly,unavailable
R6ID 12xlarge,db.r6id.12xlarge,384,2 x 1425 NVMe SSD,48,18.75 Gbps,$7.1570 hourly,$5.5110 hourly,$7.1570 hourly,$5.5110 hourly,unavailable,unavailable,unavailable,unavailable,unavailable,unavailable,unavailable,unavailable,unavailable,unavailable,unavailable,$7.1570 hourly,$5.5110 hourly,$7.1520 hourly,$5.5070 hourly
M6GD 12xlarge,db.m6gd.12xlarge,192,2 x 1425 NVMe SSD,48,12 gigabit,$4.4800 hourly,$3.4497 hourly,$4.4800 hourly,$3.4497 hourly,unavailable,unavailable,unavailable,unavailable,unavailable,unavailable,unavailable,unavailable,unavailable,unavailable,unavailable,$4.4800 hourly,$3.4497 hourly,unavailable,unavailable
R6I Quadruple Extra Large,db.r6i.4xlarge.tpc2.mem4x,512,EBS Only,16,25 Gbps,unavailable,unavailable,unavailable,unavailable,unavailable,unavailable,unavailable,unavailable,unavailable,unavailable,unavailable,unavailable,unavailable,unavailable,unavailable,unavailable,unavailable,$7.4560 hourly,$5.3683 hourly
R6I Double Extra Large,db.r6i.2xlarge.tpc2.mem4x,256,EBS Only,8,12.5 Gbps,unavailable,unavailable,unavailable,unavailable,unavailable,unavailable,unavailable,unavailable,unavailable,unavailable,unavailable,unavailable,unavailable,unavailable,unavailable,unavailable,unavailable,$3.7280 hourly,$2.6842 hourly
R5 Double Extra Large,db.r5.2xlarge.tpc1.mem2x,128,EBS Only,8,Up to 10 Gigabit,unavailable,unavailable,unavailable,unavailable,unavailable,unavailable,unavailable,unavailable,unavailable,unavailable,unavailable,unavailable,unavailable,unavailable,unavailable,unavailable,unavailable,$1.8640 hourly,$1.0782 hourly
M7I Eight Extra Large,db.m7i.8xlarge,128,EBS Only,32,12.5 Gbps,$2.8480 hourly,$1.9080 hourly,$2.8480 hourly,$1.9080 hourly,unavailable,unavailable,unavailable,unavailable,unavailable,unavailable,unavailable,unavailable,unavailable,unavailable,unavailable,$2.8480 hourly,$1.9080 hourly,$2.8480 hourly,$1.9080 hourly
M6IN Quadruple Extra Large,db.m6in.4xlarge,64,EBS Only,16,Up to 50 Gbps,$2.0660 hourly,$1.5905 hourly,$2.0660 hourly,$1.5905 hourly,unavailable,unavailable,unavailable,unavailable,unavailable,unavailable,unavailable,unavailable,unavailable,unavailable,unavailable,$2.0660 hourly,$1.5905 hourly,unavailable,unavailable
M6IDN Extra Large,db.m6idn.xlarge,16,1 x 237 NVMe SSD,4,Up to 30 Gbps,$0.5900 hourly,$0.4543 hourly,$0.5900 hourly,$0.4543 hourly,unavailable,unavailable,unavailable,unavailable,unavailable,unavailable,unavailable,unavailable,unavailable,unavailable,unavailable,$0.5900 hourly,$0.4543 hourly,unavailable,unavailable
M7G Large,db.m7g.large,8,EBS Only,2,Up to 12.5 Gigabit,$0.1680 hourly,$0.1297 hourly,$0.1680 hourly,$0.1297 hourly,unavailable,unavailable,unavailable,unavailable,unavailable,unavailable,unavailable,unavailable,unavailable,unavailable,unavailable,$0.1680 hourly,$0.1297 hourly,unavailable,unavailable
R3 Memory Optimized Eight Extra Large,db.r3.8xlarge,244,2 x 320 SSD,32,10 Gigabit,$3.9800 hourly,unavailable,$3.7800 hourly,unavailable,unavailable,unavailable,unavailable,unavailable,unavailable,unavailable,unavailable,unavailable,unavailable,unavailable,unavailable,$3.7800 hourly,unavailable,unavailable,unavailable
R3 Memory Optimized Extra Large,db.r3.xlarge,30.5,1 x 80 SSD,4,Moderate,$0.5000 hourly,unavailable,$0.4750 hourly,unavailable,unavailable,unavailable,unavailable,unavailable,unavailable,unavailable,unavailable,unavailable,unavailable,unavailable,unavailable,$0.4750 hourly,unavailable,$0.4750 hourly,unavailable
M6IDN Quadruple Extra Large,db.m6idn.4xlarge,64,1 x 950 NVMe SSD,16,Up to 50 Gbps,$2.3600 hourly,$1.8172 hourly,$2.3600 hourly,$1.8172 hourly,unavailable,unavailable,unavailable,unavailable,unavailable,unavailable,unavailable,unavailable,unavailable,unavailable,unavailable,$2.3600 hourly,$1.8172 hourly,unavailable,unavailable
M8G Quadruple Extra Large,db.m8g.4xlarge,64,EBS Only,16,Up to 15 Gigabit,$1.3440 hourly,$0.9000 hourly,$1.3440 hourly,$0.9000 hourly,unavailable,unavailable,unavailable,unavailable,unavailable,unavailable,unavailable,unavailable,unavailable,unavailable,unavailable,$1.3440 hourly,$0.9000 hourly,unavailable,unavailable
M6G 16xlarge,db.m6g.16xlarge,256,EBS Only,64,25 Gigabit,$5.0880 hourly,$3.2586 hourly,$4.8640 hourly,$3.1147 hourly,unavailable,unavailable,unavailable,unavailable,unavailable,unavailable,unavailable,unavailable,unavailable,unavailable,unavailable,$4.8640 hourly,$3.1147 hourly,unavailable,unavailable
M3 General Purpose Large,db.m3.large,7.5,1 x 32 SSD,2,Moderate,$0.1950 hourly,unavailable,$0.1850 hourly,unavailable,unavailable,unavailable,unavailable,unavailable,unavailable,unavailable,unavailable,unavailable,unavailable,unavailable,unavailable,$0.1850 hourly,unavailable,$0.1850 hourly,unavailable
M6ID 32xlarge,db.m6id.32xlarge,512,4 x 1900 NVMe SSD,128,50 Gbps,$14.3490 hourly,$11.0484 hourly,$14.3490 hourly,$11.0484 hourly,unavailable,unavailable,unavailable,unavailable,unavailable,unavailable,unavailable,unavailable,unavailable,unavailable,unavailable,$14.3490 hourly,$11.0484 hourly,$14.3360 hourly,$11.0390 hourly
R6GD Large,db.r6gd.large,16,1 x 118 NVMe SSD,2,Up to 10 Gigabit,$0.2570 hourly,$0.1980 hourly,$0.2570 hourly,$0.1980 hourly,unavailable,unavailable,unavailable,unavailable,unavailable,unavailable,unavailable,unavailable,unavailable,unavailable,unavailable,$0.2570 hourly,$0.1980 hourly,unavailable,unavailable
M8G Eight Extra Large,db.m8g.8xlarge,128,EBS Only,32,15 Gigabit,$2.6880 hourly,$1.8010 hourly,$2.6880 hourly,$1.8010 hourly,unavailable,unavailable,unavailable,unavailable,unavailable,unavailable,unavailable,unavailable,unavailable,unavailable,unavailable,$2.6880 hourly,$1.8010 hourly,unavailable,unavailable
X1E Eight Extra Large,db.x1e.8xlarge,976,1 x 960 SSD,32,Up to 10 Gigabit,unavailable,unavailable,unavailable,unavailable,unavailable,unavailable,unavailable,unavailable,$19.7740 hourly,unavailable,$26.1870 hourly,unavailable,unavailable,unavailable,unavailable,unavailable,unavailable,$11.2090 hourly,unavailable
R5 Eight Extra Large,db.r5.8xlarge.tpc2.mem3x,768,EBS Only,32,25 Gigabit,unavailable,unavailable,unavailable,unavailable,unavailable,unavailable,unavailable,unavailable,unavailable,unavailable,unavailable,unavailable,unavailable,unavailable,unavailable,unavailable,unavailable,$11.1840 hourly,$6.4690 hourly
X2G Large,db.x2g.large,32,EBS Only,2,Up to 10 Gigabit,$0.3260 hourly,$0.1891 hourly,$0.3260 hourly,$0.1891 hourly,unavailable,unavailable,unavailable,unavailable,unavailable,unavailable,unavailable,unavailable,$0.3770 hourly,$0.2449 hourly,$0.4900 hourly,$0.3260 hourly,$0.1891 hourly,unavailable,unavailable
X2G Quadruple Extra Large,db.x2g.4xlarge,256,EBS Only,16,Up to 10 Gigabit,$2.6080 hourly,$1.5126 hourly,$2.6080 hourly,$1.5126 hourly,unavailable,unavailable,unavailable,unavailable,unavailable,unavailable,unavailable,unavailable,$3.0160 hourly,$1.9594 hourly,$3.9210 hourly,$2.6080 hourly,$1.5126 hourly,unavailable,unavailable
R6IN Quadruple Extra Large,db.r6in.4xlarge,128,EBS Only,16,Up to 50 Gbps,$2.7670 hourly,$2.1307 hourly,$2.7670 hourly,$2.1307 hourly,unavailable,unavailable,unavailable,unavailable,unavailable,unavailable,unavailable,unavailable,unavailable,unavailable,unavailable,$2.7670 hourly,$2.1307 hourly,unavailable,unavailable
M6IN Eight Extra Large,db.m6in.8xlarge,128,EBS Only,32,50 Gbps,$4.1310 hourly,$3.1810 hourly,$4.1310 hourly,$3.1810 hourly,unavailable,unavailable,unavailable,unavailable,unavailable,unavailable,unavailable,unavailable,unavailable,unavailable,unavailable,$4.1310 hourly,$3.1810 hourly,unavailable,unavailable
M8G 48xlarge,db.m8g.48xlarge,768,EBS Only,192,50 Gigabit,$16.1280 hourly,$10.8060 hourly,$16.1280 hourly,$10.8060 hourly,unavailable,unavailable,unavailable,unavailable,unavailable,unavailable,unavailable,unavailable,unavailable,unavailable,unavailable,$16.1280 hourly,$10.8060 hourly,unavailable,unavailable
M6IDN 24xlarge,db.m6idn.24xlarge,384,4 x 1425 NVMe SSD,96,150 Gbps,$14.1600 hourly,$10.9032 hourly,$14.1600 hourly,$10.9032 hourly,unavailable,unavailable,unavailable,unavailable,unavailable,unavailable,unavailable,unavailable,unavailable,unavailable,unavailable,$14.1600 hourly,$10.9032 hourly,unavailable,unavailable
X2IDN 16xlarge,db.x2idn.16xlarge,1024,1 x 1900 NVMe SSD,64,50 Gbps,unavailable,unavailable,unavailable,unavailable,unavailable,unavailable,unavailable,unavailable,unavailable,unavailable,unavailable,unavailable,unavailable,unavailable,unavailable,unavailable,unavailable,$11.2000 hourly,$8.0640 hourly
X1E 32xlarge,db.x1e.32xlarge,3904,2 x 1920 SSD,128,25 Gigabit,unavailable,unavailable,unavailable,unavailable,unavailable,unavailable,unavailable,unavailable,$79.0940 hourly,unavailable,$104.7490 hourly,unavailable,unavailable,unavailable,unavailable,unavailable,unavailable,$44.8358 hourly,unavailable
T4G Small,db.t4g.small,2,EBS Only,2,Up to 5 Gigabit,$0.0320 hourly,$0.0233 hourly,$0.0320 hourly,$0.0233 hourly,unavailable,unavailable,unavailable,unavailable,unavailable,unavailable,unavailable,unavailable,unavailable,unavailable,unavailable,$0.0320 hourly,$0.0233 hourly,unavailable,unavailable
X2IEZN Quadruple Extra Large,db.x2iezn.4xlarge,512,EBS Only,16,,unavailable,unavailable,unavailable,unavailable,unavailable,unavailable,unavailable,unavailable,unavailable,unavailable,unavailable,unavailable,unavailable,unavailable,unavailable,unavailable,unavailable,$6.0720 hourly,$4.3718 hourly
R6GD Double Extra Large,db.r6gd.2xlarge,64,Aurora IO Optimization Mode,8,Up to 10 Gigabit,$1.0290 hourly,$0.7920 hourly,$1.0290 hourly,$0.7920 hourly,unavailable,unavailable,unavailable,unavailable,unavailable,unavailable,unavailable,unavailable,$1.2480 hourly,$0.9610 hourly,$1.6220 hourly,$1.0290 hourly,$0.7920 hourly,unavailable,unavailable
R5 Quadruple Extra Large,db.r5.4xlarge.tpc2.mem3x,384,EBS Only,16,10 Gigabit,unavailable,unavailable,unavailable,unavailable,unavailable,unavailable,unavailable,unavailable,unavailable,unavailable,unavailable,unavailable,unavailable,unavailable,unavailable,unavailable,unavailable,$5.5920 hourly,$3.2345 hourly
R6IN 32xlarge,db.r6in.32xlarge,1024,EBS Only,128,200 Gbps,$22.1380 hourly,$17.0460 hourly,$22.1380 hourly,$17.0460 hourly,unavailable,unavailable,unavailable,unavailable,unavailable,unavailable,unavailable,unavailable,unavailable,unavailable,unavailable,$22.1380 hourly,$17.0460 hourly,unavailable,unavailable
M6ID 12xlarge,db.m6id.12xlarge,192,2 x 1425 NVMe SSD,48,18.75 Gbps,$5.3810 hourly,$4.1431 hourly,$5.3810 hourly,$4.1431 hourly,unavailable,unavailable,unavailable,unavailable,unavailable,unavailable,unavailable,unavailable,unavailable,unavailable,unavailable,$5.3810 hourly,$4.1431 hourly,$5.3760 hourly,$4.1400 hourly
M8G 16xlarge,db.m8g.16xlarge,384,EBS Only,64,30 Gigabit,$5.3760 hourly,$3.6020 hourly,$5.3760 hourly,$3.6020 hourly,unavailable,unavailable,unavailable,unavailable,unavailable,unavailable,unavailable,unavailable,unavailable,unavailable,unavailable,$5.3760 hourly,$3.6020 hourly,unavailable,unavailable
X2G Extra Large,db.x2g.xlarge,64,EBS Only,4,Up to 10 Gigabit,$0.6520 hourly,$0.3782 hourly,$0.6520 hourly,$0.3782 hourly,unavailable,unavailable,unavailable,unavailable,unavailable,unavailable,unavailable,unavailable,$0.7540 hourly,$0.4898 hourly,$0.9800 hourly,$0.6520 hourly,$0.3782 hourly,unavailable,unavailable
R6IN Double Extra Large,db.r6in.2xlarge,64,EBS Only,8,Up to 40 Gbps,$1.3840 hourly,$1.0654 hourly,$1.3840 hourly,$1.0654 hourly,unavailable,unavailable,unavailable,unavailable,unavailable,unavailable,unavailable,unavailable,unavailable,unavailable,unavailable,$1.3840 hourly,$1.0654 hourly,unavailable,unavailable
R6I Large,db.r6i.large.tpc1.mem2x,32,EBS Only,2,Up to 12.5 Gbps,unavailable,unavailable,unavailable,unavailable,unavailable,unavailable,unavailable,unavailable,unavailable,unavailable,unavailable,unavailable,unavailable,unavailable,unavailable,unavailable,unavailable,$0.4660 hourly,$0.3355 hourly
R6GD Extra Large,db.r6gd.xlarge,32,Aurora IO Optimization Mode,4,10 Gigabit,$0.5140 hourly,$0.3960 hourly,$0.5140 hourly,$0.3960 hourly,unavailable,unavailable,unavailable,unavailable,unavailable,unavailable,unavailable,unavailable,$0.6240 hourly,$0.4805 hourly,$0.8110 hourly,$0.5140 hourly,$0.3960 hourly,unavailable,unavailable
R5B 6xlarge,db.r5b.6xlarge.tpc2.mem4x,768,EBS Only,24,25 Gigabit,unavailable,unavailable,unavailable,unavailable,unavailable,unavailable,unavailable,unavailable,unavailable,unavailable,unavailable,unavailable,unavailable,unavailable,unavailable,unavailable,unavailable,$13.2310 hourly,$9.5213 hourly
R6ID 16xlarge,db.r6id.16xlarge,512,2 x 1900 NVMe SSD,64,25 Gbps,$9.5430 hourly,$7.3479 hourly,$9.5430 hourly,$7.3479 hourly,unavailable,unavailable,unavailable,unavailable,unavailable,unavailable,unavailable,unavailable,unavailable,unavailable,unavailable,$9.5430 hourly,$7.3479 hourly,$9.5360 hourly,$7.3430 hourly
M2 High Memory Quadruple Extra Large,db.m2.4xlarge,68.4,2 x 840,8,High,$1.3900 hourly,unavailable,$1.3200 hourly,unavailable,unavailable,unavailable,unavailable,unavailable,unavailable,unavailable,unavailable,unavailable,unavailable,unavailable,unavailable,unavailable,unavailable,unavailable,unavailable
R6I 12xlarge,db.r6i.12xlarge.tpc2.mem2x,768,EBS Only,48,37.5 Gbps,unavailable,unavailable,unavailable,unavailable,unavailable,unavailable,unavailable,unavailable,unavailable,unavailable,unavailable,unavailable,unavailable,unavailable,unavailable,unavailable,unavailable,unavailable,unavailable
R6ID Large,db.r6id.large,16,1 x 118 NVMe SSD,2,Up to 12.5 Gbps,$0.2980 hourly,$0.2296 hourly,$0.2980 hourly,$0.2296 hourly,unavailable,unavailable,unavailable,unavailable,unavailable,unavailable,unavailable,unavailable,unavailable,unavailable,unavailable,$0.2980 hourly,$0.2296 hourly,$0.2980 hourly,$0.2290 hourly
M1 General Purpose Small,db.m1.small,1.7,1 x 160,1,Low,$0.0600 hourly,unavailable,$0.0550 hourly,unavailable,unavailable,unavailable,unavailable,unavailable,unavailable,unavailable,unavailable,unavailable,unavailable,unavailable,unavailable,unavailable,unavailable,unavailable,unavailable
T1 Micro,db.t1.micro,0.613,EBS Only,1,Very Low,$0.0260 hourly,unavailable,$0.0250 hourly,unavailable,unavailable,unavailable,unavailable,unavailable,unavailable,unavailable,unavailable,unavailable,unavailable,unavailable,unavailable,unavailable,unavailable,unavailable,unavailable
M2 High Memory Extra Large,db.m2.xlarge,17.1,1 x 420,2,Moderate,$0.3450 hourly,unavailable,$0.3300 hourly,unavailable,unavailable,unavailable,unavailable,unavailable,unavailable,unavailable,unavailable,unavailable,unavailable,unavailable,unavailable,unavailable,unavailable,unavailable,unavailable
R6IDN Large,db.r6idn.large,16,1 x 118 NVMe SSD,2,Up to 25 Gbps,$0.3880 hourly,$0.2985 hourly,$0.3880 hourly,$0.2985 hourly,unavailable,unavailable,unavailable,unavailable,unavailable,unavailable,unavailable,unavailable,unavailable,unavailable,unavailable,$0.3880 hourly,$0.2985 hourly,unavailable,unavailable
R6IDN 32xlarge,db.r6idn.32xlarge,1024,4 x 1900 NVMe SSD,128,200 Gbps,$24.8100 hourly,$19.1039 hourly,$24.8100 hourly,$19.1039 hourly,unavailable,unavailable,unavailable,unavailable,unavailable,unavailable,unavailable,unavailable,unavailable,unavailable,unavailable,$24.8100 hourly,$19.1039 hourly,unavailable,unavailable
R5B Double Extra Large,db.r5b.2xlarge.tpc1.mem2x,128,EBS Only,8,Up to 10 Gigabit,unavailable,unavailable,unavailable,unavailable,unavailable,unavailable,unavailable,unavailable,unavailable,unavailable,unavailable,unavailable,unavailable,unavailable,unavailable,unavailable,unavailable,$2.2050 hourly,$1.5869 hourly
M6IN 12xlarge,db.m6in.12xlarge,192,EBS Only,48,75 Gbps,$6.1970 hourly,$4.7715 hourly,$6.1970 hourly,$4.7715 hourly,unavailable,unavailable,unavailable,unavailable,unavailable,unavailable,unavailable,unavailable,unavailable,unavailable,unavailable,$6.1970 hourly,$4.7715 hourly,unavailable,unavailable
M3 General Purpose Medium,db.m3.medium,3.75,1 x 4 SSD,1,Moderate,$0.0950 hourly,unavailable,$0.0900 hourly,unavailable,unavailable,unavailable,unavailable,unavailable,unavailable,unavailable,unavailable,unavailable,unavailable,unavailable,unavailable,$0.0900 hourly,unavailable,$0.0900 hourly,unavailable
R6IDN Eight Extra Large,db.r6idn.8xlarge,256,1 x 1900 NVMe SSD,32,50 Gbps,$6.2030 hourly,$4.7760 hourly,$6.2030 hourly,$4.7760 hourly,unavailable,unavailable,unavailable,unavailable,unavailable,unavailable,unavailable,unavailable,unavailable,unavailable,unavailable,$6.2030 hourly,$4.7760 hourly,unavailable,unavailable
X2IEZN 12xlarge,db.x2iezn.12xlarge,1536,EBS Only,48,,unavailable,unavailable,unavailable,unavailable,unavailable,unavailable,unavailable,unavailable,unavailable,unavailable,unavailable,unavailable,unavailable,unavailable,unavailable,unavailable,unavailable,$18.2150 hourly,$13.1155 hourly
R6I Eight Extra Large,db.r6i.8xlarge.tpc2.mem3x,768,EBS Only,32,37.5 Gbps,unavailable,unavailable,unavailable,unavailable,unavailable,unavailable,unavailable,unavailable,unavailable,unavailable,unavailable,unavailable,unavailable,unavailable,unavailable,unavailable,unavailable,$11.1840 hourly,$8.0525 hourly
X1E Extra Large,db.x1e.xlarge,122,1 x 120 SSD,4,Up to 10 Gigabit,unavailable,unavailable,unavailable,unavailable,unavailable,unavailable,unavailable,unavailable,$2.4720 hourly,unavailable,$3.2730 hourly,unavailable,unavailable,unavailable,unavailable,unavailable,unavailable,$1.4011 hourly,unavailable
R5B Extra Large,db.r5b.xlarge.tpc2.mem2x,64,EBS Only,4,Up to 10 Gigabit,unavailable,unavailable,unavailable,unavailable,unavailable,unavailable,unavailable,unavailable,unavailable,unavailable,unavailable,unavailable,unavailable,unavailable,unavailable,unavailable,unavailable,$1.1030 hourly,$0.7934 hourly
R6IDN 12xlarge,db.r6idn.12xlarge,384,2 x 1425 NVMe SSD,48,75 Gbps,$9.3040 hourly,$7.1640 hourly,$9.3040 hourly,$7.1640 hourly,unavailable,unavailable,unavailable,unavailable,unavailable,unavailable,unavailable,unavailable,unavailable,unavailable,unavailable,$9.3040 hourly,$7.1640 hourly,unavailable,unavailable
R5B Quadruple Extra Large,db.r5b.4xlarge.tpc2.mem4x,512,EBS Only,16,20 Gigabit,unavailable,unavailable,unavailable,unavailable,unavailable,unavailable,unavailable,unavailable,unavailable,unavailable,unavailable,unavailable,unavailable,unavailable,unavailable,unavailable,unavailable,$8.8210 hourly,$6.3475 hourly
X1 16xlarge,db.x1.16xlarge,976,1 x 1920 SSD,64,10 Gigabit,unavailable,unavailable,unavailable,unavailable,unavailable,unavailable,unavailable,unavailable,$28.5330 hourly,$26.9641 hourly,$48.7390 hourly,unavailable,unavailable,unavailable,unavailable,unavailable,unavailable,$11.2000 hourly,unavailable
M6IDN Double Extra Large,db.m6idn.2xlarge,32,1 x 474 NVMe SSD,8,Up to 40 Gbps,$1.1800 hourly,$0.9086 hourly,$1.1800 hourly,$0.9086 hourly,unavailable,unavailable,unavailable,unavailable,unavailable,unavailable,unavailable,unavailable,unavailable,unavailable,unavailable,$1.1800 hourly,$0.9086 hourly,unavailable,unavailable
R6IDN Extra Large,db.r6idn.xlarge,32,1 x 237 NVMe SSD,4,Up to 30 Gbps,$0.7750 hourly,$0.5970 hourly,$0.7750 hourly,$0.5970 hourly,unavailable,unavailable,unavailable,unavailable,unavailable,unavailable,unavailable,unavailable,unavailable,unavailable,unavailable,$0.7750 hourly,$0.5970 hourly,unavailable,unavailable
R6IN 16xlarge,db.r6in.16xlarge,512,EBS Only,64,100 Gbps,$11.0690 hourly,$8.5230 hourly,$11.0690 hourly,$8.5230 hourly,unavailable,unavailable,unavailable,unavailable,unavailable,unavailable,unavailable,unavailable,unavailable,unavailable,unavailable,$11.0690 hourly,$8.5230 hourly,unavailable,unavailable
M2 High Memory Double Extra Large,db.m2.2xlarge,34.2,1 x 850,4,Moderate,$0.6900 hourly,unavailable,$0.6600 hourly,unavailable,unavailable,unavailable,unavailable,unavailable,unavailable,unavailable,unavailable,unavailable,unavailable,unavailable,unavailable,unavailable,unavailable,unavailable,unavailable
R5 12xlarge,db.r5.12xlarge.tpc2.mem2x,768,EBS Only,48,25 Gigabit,unavailable,unavailable,unavailable,unavailable,unavailable,unavailable,unavailable,unavailable,unavailable,unavailable,unavailable,unavailable,unavailable,unavailable,unavailable,unavailable,unavailable,$11.1840 hourly,$6.4690 hourly
X2IEZN Eight Extra Large,db.x2iezn.8xlarge,1024,EBS Only,32,,unavailable,unavailable,unavailable,unavailable,unavailable,unavailable,unavailable,unavailable,unavailable,unavailable,unavailable,unavailable,unavailable,unavailable,unavailable,unavailable,unavailable,$12.1430 hourly,$8.7437 hourly
R5B Double Extra Large,db.r5b.2xlarge.tpc2.mem8x,512,EBS Only,8,20 Gigabit,unavailable,unavailable,unavailable,unavailable,unavailable,unavailable,unavailable,unavailable,unavailable,unavailable,unavailable,unavailable,unavailable,unavailable,unavailable,unavailable,unavailable,$8.8210 hourly,$6.3475 hourly
R6IDN 24xlarge,db.r6idn.24xlarge,768,4 x 1425 NVMe SSD,96,150 Gbps,$18.6080 hourly,$14.3279 hourly,$18.6080 hourly,$14.3279 hourly,unavailable,unavailable,unavailable,unavailable,unavailable,unavailable,unavailable,unavailable,unavailable,unavailable,unavailable,$18.6080 hourly,$14.3279 hourly,unavailable,unavailable
R5B Eight Extra Large,db.r5b.8xlarge.tpc2.mem3x,768,EBS Only,32,25 Gigabit,unavailable,unavailable,unavailable,unavailable,unavailable,unavailable,unavailable,unavailable,unavailable,unavailable,unavailable,unavailable,unavailable,unavailable,unavailable,unavailable,unavailable,$13.2310 hourly,$9.5213 hourly
X2IEZN Double Extra Large,db.x2iezn.2xlarge,256,EBS Only,8,Up to 25 Gbps,unavailable,unavailable,unavailable,unavailable,unavailable,unavailable,unavailable,unavailable,unavailable,unavailable,unavailable,unavailable,unavailable,unavailable,unavailable,unavailable,unavailable,$3.0360 hourly,$2.1859 hourly
M8G Double Extra Large,db.m8g.2xlarge,32,EBS Only,8,Up to 15 Gigabit,$0.6720 hourly,$0.4500 hourly,$0.6720 hourly,$0.4500 hourly,unavailable,unavailable,unavailable,unavailable,unavailable,unavailable,unavailable,unavailable,unavailable,unavailable,unavailable,$0.6720 hourly,$0.4500 hourly,unavailable,unavailable
X2G 12xlarge,db.x2g.12xlarge,768,EBS Only,48,20 Gigabit,$7.8240 hourly,$4.5379 hourly,$7.8240 hourly,$4.5379 hourly,unavailable,unavailable,unavailable,unavailable,unavailable,unavailable,unavailable,unavailable,$9.0480 hourly,$5.8781 hourly,$11.7620 hourly,$7.8240 hourly,$4.5379 hourly,unavailable,unavailable
M1 General Purpose Large,db.m1.large,7.5,2 x 420,2,Moderate,$0.2450 hourly,unavailable,$0.2300 hourly,unavailable,unavailable,unavailable,unavailable,unavailable,unavailable,unavailable,unavailable,unavailable,unavailable,unavailable,unavailable,unavailable,unavailable,unavailable,unavailable
M8G 12xlarge,db.m8g.12xlarge,256,EBS Only,48,22.5 Gigabit,$4.0320 hourly,$2.7010 hourly,$4.0320 hourly,$2.7010 hourly,unavailable,unavailable,unavailable,unavailable,unavailable,unavailable,unavailable,unavailable,unavailable,unavailable,unavailable,$4.0320 hourly,$2.7010 hourly,unavailable,unavailable
M6IDN 16xlarge,db.m6idn.16xlarge,256,2 x 1900 NVMe SSD,64,100 Gbps,$9.4400 hourly,$7.2688 hourly,$9.4400 hourly,$7.2688 hourly,unavailable,unavailable,unavailable,unavailable,unavailable,unavailable,unavailable,unavailable,unavailable,unavailable,unavailable,$9.4400 hourly,$7.2688 hourly,unavailable,unavailable
R6IN 24xlarge,db.r6in.24xlarge,768,EBS Only,96,150 Gbps,$16.6030 hourly,$12.7845 hourly,$16.6030 hourly,$12.7845 hourly,unavailable,unavailable,unavailable,unavailable,unavailable,unavailable,unavailable,unavailable,unavailable,unavailable,unavailable,$16.6030 hourly,$12.7845 hourly,unavailable,unavailable
M1 General Purpose Extra Large,db.m1.xlarge,15,4 x 420,4,High,$0.4900 hourly,unavailable,$0.4650 hourly,unavailable,unavailable,unavailable,unavailable,unavailable,unavailable,unavailable,unavailable,unavailable,unavailable,unavailable,unavailable,unavailable,unavailable,unavailable,unavailable
M6IDN 32xlarge,db.m6idn.32xlarge,512,4 x 1900 NVMe SSD,128,200 Gbps,$18.8800 hourly,$14.5376 hourly,$18.8800 hourly,$14.5376 hourly,unavailable,unavailable,unavailable,unavailable,unavailable,unavailable,unavailable,unavailable,unavailable,unavailable,unavailable,$18.8800 hourly,$14.5376 hourly,unavailable,unavailable
X2IEZN 6xlarge,db.x2iezn.6xlarge,768,EBS Only,24,,unavailable,unavailable,unavailable,unavailable,unavailable,unavailable,unavailable,unavailable,unavailable,unavailable,unavailable,unavailable,unavailable,unavailable,unavailable,unavailable,unavailable,$9.1070 hourly,$6.5578 hourly
M1 General Purpose Medium,db.m1.medium,3.75,1 x 410,1,Moderate,$0.1200 hourly,unavailable,$0.1150 hourly,unavailable,unavailable,unavailable,unavailable,unavailable,unavailable,unavailable,unavailable,unavailable,unavailable,unavailable,unavailable,unavailable,unavailable,unavailable,unavailable
R6I Quadruple Extra Large,db.r6i.4xlarge.tpc2.mem8x,1024,EBS Only,16,50 Gbps,unavailable,unavailable,unavailable,unavailable,unavailable,unavailable,unavailable,unavailable,unavailable,unavailable,unavailable,unavailable,unavailable,unavailable,unavailable,unavailable,unavailable,unavailable,unavailable