integration_id,api_id,arn,description,integration_method,integration_type,integration_uri,api_gateway_managed,connection_id,connection_type,content_handling_strategy,credentials_arn,integration_response_selection_expression,integration_subtype,passthrough_behavior,payload_format_version,template_selection_expression,timeout_in_millis,request_parameters,request_templates,response_parameters,tls_config,title,akas,partition,region,account_id,sp_connection_name,sp_ctx,_ctx
kewvx21,8qrolkeoo1,arn:aws:apigateway:sa-east-1::/apis/8qrolkeoo1/integrations/kewvx21,,GET,HTTP_PROXY,arn:aws:elasticloadbalancing:sa-east-1:413850945308:listener/net/ad4caa3a4f45f4f6e9537f6d866bb60c/519b96f326b13403/3cc0372570e7edbb,,f3joad,VPC_LINK,,,,,,1.0,,30000,,,,,kewvx21,"[""arn:aws:apigateway:sa-east-1::/apis/8qrolkeoo1/integrations/kewvx21""]",aws,sa-east-1,413850945308,aws_backbonedigitalprd,"{""connection_name"":""aws_backbonedigitalprd"",""steampipe"":{""sdk_version"":""5.13.1""}}","{""connection_name"":""aws_backbonedigitalprd"",""steampipe"":{""sdk_version"":""5.13.1""}}"
xff0x32,5blgkzmbg1,arn:aws:apigateway:sa-east-1::/apis/5blgkzmbg1/integrations/xff0x32,,POST,AWS_PROXY,arn:aws:lambda:sa-east-1:413850945308:function:meioPagamentoServerless-prd-meioPagamentoVerificaStatus,,,INTERNET,,,,,,2.0,,30000,,{},,,xff0x32,"[""arn:aws:apigateway:sa-east-1::/apis/5blgkzmbg1/integrations/xff0x32""]",aws,sa-east-1,413850945308,aws_backbonedigitalprd,"{""connection_name"":""aws_backbonedigitalprd"",""steampipe"":{""sdk_version"":""5.13.1""}}","{""connection_name"":""aws_backbonedigitalprd"",""steampipe"":{""sdk_version"":""5.13.1""}}"
6xi4on9,8qrolkeoo1,arn:aws:apigateway:sa-east-1::/apis/8qrolkeoo1/integrations/6xi4on9,,GET,HTTP_PROXY,arn:aws:elasticloadbalancing:sa-east-1:413850945308:listener/net/a0bcabae134444ddc84f2ebbdf7ab6a6/606e3b04daf44550/6cdf3fd8beb928b8,,f3joad,VPC_LINK,,,,,,1.0,,30000,,,,,6xi4on9,"[""arn:aws:apigateway:sa-east-1::/apis/8qrolkeoo1/integrations/6xi4on9""]",aws,sa-east-1,413850945308,aws_backbonedigitalprd,"{""connection_name"":""aws_backbonedigitalprd"",""steampipe"":{""sdk_version"":""5.13.1""}}","{""connection_name"":""aws_backbonedigitalprd"",""steampipe"":{""sdk_version"":""5.13.1""}}"
3ibbxj0,8qrolkeoo1,arn:aws:apigateway:sa-east-1::/apis/8qrolkeoo1/integrations/3ibbxj0,,GET,HTTP_PROXY,arn:aws:elasticloadbalancing:sa-east-1:413850945308:listener/net/a0bcabae134444ddc84f2ebbdf7ab6a6/606e3b04daf44550/6cdf3fd8beb928b8,,f3joad,VPC_LINK,,,,,,1.0,,30000,,,,,3ibbxj0,"[""arn:aws:apigateway:sa-east-1::/apis/8qrolkeoo1/integrations/3ibbxj0""]",aws,sa-east-1,413850945308,aws_backbonedigitalprd,"{""connection_name"":""aws_backbonedigitalprd"",""steampipe"":{""sdk_version"":""5.13.1""}}","{""connection_name"":""aws_backbonedigitalprd"",""steampipe"":{""sdk_version"":""5.13.1""}}"
7fh1p6g,8qrolkeoo1,arn:aws:apigateway:sa-east-1::/apis/8qrolkeoo1/integrations/7fh1p6g,,GET,HTTP_PROXY,arn:aws:elasticloadbalancing:sa-east-1:413850945308:listener/net/a0bcabae134444ddc84f2ebbdf7ab6a6/606e3b04daf44550/6cdf3fd8beb928b8,,f3joad,VPC_LINK,,,,,,1.0,,30000,,,,,7fh1p6g,"[""arn:aws:apigateway:sa-east-1::/apis/8qrolkeoo1/integrations/7fh1p6g""]",aws,sa-east-1,413850945308,aws_backbonedigitalprd,"{""connection_name"":""aws_backbonedigitalprd"",""steampipe"":{""sdk_version"":""5.13.1""}}","{""connection_name"":""aws_backbonedigitalprd"",""steampipe"":{""sdk_version"":""5.13.1""}}"
yq1q73u,8qrolkeoo1,arn:aws:apigateway:sa-east-1::/apis/8qrolkeoo1/integrations/yq1q73u,,GET,HTTP_PROXY,arn:aws:elasticloadbalancing:sa-east-1:413850945308:listener/net/a0bcabae134444ddc84f2ebbdf7ab6a6/606e3b04daf44550/6cdf3fd8beb928b8,,f3joad,VPC_LINK,,,,,,1.0,,30000,,,,,yq1q73u,"[""arn:aws:apigateway:sa-east-1::/apis/8qrolkeoo1/integrations/yq1q73u""]",aws,sa-east-1,413850945308,aws_backbonedigitalprd,"{""connection_name"":""aws_backbonedigitalprd"",""steampipe"":{""sdk_version"":""5.13.1""}}","{""connection_name"":""aws_backbonedigitalprd"",""steampipe"":{""sdk_version"":""5.13.1""}}"
3jk8bx1,8qrolkeoo1,arn:aws:apigateway:sa-east-1::/apis/8qrolkeoo1/integrations/3jk8bx1,,GET,HTTP_PROXY,arn:aws:elasticloadbalancing:sa-east-1:413850945308:listener/net/a0bcabae134444ddc84f2ebbdf7ab6a6/606e3b04daf44550/6cdf3fd8beb928b8,,f3joad,VPC_LINK,,,,,,1.0,,30000,,,,,3jk8bx1,"[""arn:aws:apigateway:sa-east-1::/apis/8qrolkeoo1/integrations/3jk8bx1""]",aws,sa-east-1,413850945308,aws_backbonedigitalprd,"{""connection_name"":""aws_backbonedigitalprd"",""steampipe"":{""sdk_version"":""5.13.1""}}","{""connection_name"":""aws_backbonedigitalprd"",""steampipe"":{""sdk_version"":""5.13.1""}}"
nex0rkh,8qrolkeoo1,arn:aws:apigateway:sa-east-1::/apis/8qrolkeoo1/integrations/nex0rkh,,GET,HTTP_PROXY,arn:aws:elasticloadbalancing:sa-east-1:413850945308:listener/net/a0bcabae134444ddc84f2ebbdf7ab6a6/606e3b04daf44550/6cdf3fd8beb928b8,,f3joad,VPC_LINK,,,,,,1.0,,30000,,,,,nex0rkh,"[""arn:aws:apigateway:sa-east-1::/apis/8qrolkeoo1/integrations/nex0rkh""]",aws,sa-east-1,413850945308,aws_backbonedigitalprd,"{""connection_name"":""aws_backbonedigitalprd"",""steampipe"":{""sdk_version"":""5.13.1""}}","{""connection_name"":""aws_backbonedigitalprd"",""steampipe"":{""sdk_version"":""5.13.1""}}"
2w007u5,8qrolkeoo1,arn:aws:apigateway:sa-east-1::/apis/8qrolkeoo1/integrations/2w007u5,,GET,HTTP_PROXY,https://api-plugplay.hsl.org.br/profissional-api/v1/profissionais,,,INTERNET,,,,,,1.0,,30000,"{""overwrite:querystring.id"":""$request.querystring._id"",""overwrite:querystring.idtasy"":""$request.querystring.codPaciente""}",,,,2w007u5,"[""arn:aws:apigateway:sa-east-1::/apis/8qrolkeoo1/integrations/2w007u5""]",aws,sa-east-1,413850945308,aws_backbonedigitalprd,"{""connection_name"":""aws_backbonedigitalprd"",""steampipe"":{""sdk_version"":""5.13.1""}}","{""connection_name"":""aws_backbonedigitalprd"",""steampipe"":{""sdk_version"":""5.13.1""}}"
eqktrc6,szo9hxfrb0,arn:aws:apigateway:sa-east-1::/apis/szo9hxfrb0/integrations/eqktrc6,,GET,HTTP_PROXY,arn:aws:elasticloadbalancing:sa-east-1:413850945308:listener/net/acc4825f53971418799f69cd8ccdea8d/d0120ee711cde8b1/237a74980e343468,,f3joad,VPC_LINK,,,,,,1.0,,30000,,,,,eqktrc6,"[""arn:aws:apigateway:sa-east-1::/apis/szo9hxfrb0/integrations/eqktrc6""]",aws,sa-east-1,413850945308,aws_backbonedigitalprd,"{""connection_name"":""aws_backbonedigitalprd"",""steampipe"":{""sdk_version"":""5.13.1""}}","{""connection_name"":""aws_backbonedigitalprd"",""steampipe"":{""sdk_version"":""5.13.1""}}"
9wt09dt,8qrolkeoo1,arn:aws:apigateway:sa-east-1::/apis/8qrolkeoo1/integrations/9wt09dt,,GET,HTTP_PROXY,arn:aws:elasticloadbalancing:sa-east-1:413850945308:listener/net/a0bcabae134444ddc84f2ebbdf7ab6a6/606e3b04daf44550/6cdf3fd8beb928b8,,f3joad,VPC_LINK,,,,,,1.0,,30000,,,,,9wt09dt,"[""arn:aws:apigateway:sa-east-1::/apis/8qrolkeoo1/integrations/9wt09dt""]",aws,sa-east-1,413850945308,aws_backbonedigitalprd,"{""connection_name"":""aws_backbonedigitalprd"",""steampipe"":{""sdk_version"":""5.13.1""}}","{""connection_name"":""aws_backbonedigitalprd"",""steampipe"":{""sdk_version"":""5.13.1""}}"
3nt1nzj,8qrolkeoo1,arn:aws:apigateway:sa-east-1::/apis/8qrolkeoo1/integrations/3nt1nzj,,GET,HTTP_PROXY,arn:aws:elasticloadbalancing:sa-east-1:413850945308:listener/net/a0bcabae134444ddc84f2ebbdf7ab6a6/606e3b04daf44550/6cdf3fd8beb928b8,,f3joad,VPC_LINK,,,,,,1.0,,30000,,,,,3nt1nzj,"[""arn:aws:apigateway:sa-east-1::/apis/8qrolkeoo1/integrations/3nt1nzj""]",aws,sa-east-1,413850945308,aws_backbonedigitalprd,"{""connection_name"":""aws_backbonedigitalprd"",""steampipe"":{""sdk_version"":""5.13.1""}}","{""connection_name"":""aws_backbonedigitalprd"",""steampipe"":{""sdk_version"":""5.13.1""}}"
08eocod,5blgkzmbg1,arn:aws:apigateway:sa-east-1::/apis/5blgkzmbg1/integrations/08eocod,,POST,AWS_PROXY,arn:aws:lambda:sa-east-1:413850945308:function:meioPagamentoServerless-prd-meioPagamentoGerarLink,,,INTERNET,,,,,,2.0,,30000,,{},,,08eocod,"[""arn:aws:apigateway:sa-east-1::/apis/5blgkzmbg1/integrations/08eocod""]",aws,sa-east-1,413850945308,aws_backbonedigitalprd,"{""connection_name"":""aws_backbonedigitalprd"",""steampipe"":{""sdk_version"":""5.13.1""}}","{""connection_name"":""aws_backbonedigitalprd"",""steampipe"":{""sdk_version"":""5.13.1""}}"
g4rc9ir,5blgkzmbg1,arn:aws:apigateway:sa-east-1::/apis/5blgkzmbg1/integrations/g4rc9ir,,POST,AWS_PROXY,arn:aws:lambda:sa-east-1:413850945308:function:meioPagamentoServerless-prd-meioPagamentoAtualizaStatus,,,INTERNET,,,,,,2.0,,30000,,{},,,g4rc9ir,"[""arn:aws:apigateway:sa-east-1::/apis/5blgkzmbg1/integrations/g4rc9ir""]",aws,sa-east-1,413850945308,aws_backbonedigitalprd,"{""connection_name"":""aws_backbonedigitalprd"",""steampipe"":{""sdk_version"":""5.13.1""}}","{""connection_name"":""aws_backbonedigitalprd"",""steampipe"":{""sdk_version"":""5.13.1""}}"
jc43lk7,szo9hxfrb0,arn:aws:apigateway:sa-east-1::/apis/szo9hxfrb0/integrations/jc43lk7,,PUT,HTTP_PROXY,arn:aws:elasticloadbalancing:sa-east-1:413850945308:listener/net/acc4825f53971418799f69cd8ccdea8d/d0120ee711cde8b1/237a74980e343468,,f3joad,VPC_LINK,,,,,,1.0,,30000,,,,,jc43lk7,"[""arn:aws:apigateway:sa-east-1::/apis/szo9hxfrb0/integrations/jc43lk7""]",aws,sa-east-1,413850945308,aws_backbonedigitalprd,"{""connection_name"":""aws_backbonedigitalprd"",""steampipe"":{""sdk_version"":""5.13.1""}}","{""connection_name"":""aws_backbonedigitalprd"",""steampipe"":{""sdk_version"":""5.13.1""}}"
pkn4cvn,lom29q18ab,arn:aws:apigateway:sa-east-1::/apis/lom29q18ab/integrations/pkn4cvn,,ANY,HTTP_PROXY,arn:aws:elasticloadbalancing:sa-east-1:413850945308:listener/net/ae88bb2ab192141c88349915d69a9890/cb1d317bc6c74aee/ef607fffd79c71f5,,f3joad,VPC_LINK,,,,,,1.0,,30000,,,,,pkn4cvn,"[""arn:aws:apigateway:sa-east-1::/apis/lom29q18ab/integrations/pkn4cvn""]",aws,sa-east-1,413850945308,aws_backbonedigitalprd,"{""connection_name"":""aws_backbonedigitalprd"",""steampipe"":{""sdk_version"":""5.13.1""}}","{""connection_name"":""aws_backbonedigitalprd"",""steampipe"":{""sdk_version"":""5.13.1""}}"
nkbtket,5blgkzmbg1,arn:aws:apigateway:sa-east-1::/apis/5blgkzmbg1/integrations/nkbtket,,POST,AWS_PROXY,arn:aws:lambda:sa-east-1:413850945308:function:meioPagamentoServerless-prd-meioPagamentoGerarLinkFaculdade,,,INTERNET,,,,,,2.0,,30000,,,,,nkbtket,"[""arn:aws:apigateway:sa-east-1::/apis/5blgkzmbg1/integrations/nkbtket""]",aws,sa-east-1,413850945308,aws_backbonedigitalprd,"{""connection_name"":""aws_backbonedigitalprd"",""steampipe"":{""sdk_version"":""5.13.1""}}","{""connection_name"":""aws_backbonedigitalprd"",""steampipe"":{""sdk_version"":""5.13.1""}}"
slyltz3,szo9hxfrb0,arn:aws:apigateway:sa-east-1::/apis/szo9hxfrb0/integrations/slyltz3,,POST,HTTP_PROXY,arn:aws:elasticloadbalancing:sa-east-1:413850945308:listener/net/acc4825f53971418799f69cd8ccdea8d/d0120ee711cde8b1/237a74980e343468,,f3joad,VPC_LINK,,,,,,1.0,,30000,,,,,slyltz3,"[""arn:aws:apigateway:sa-east-1::/apis/szo9hxfrb0/integrations/slyltz3""]",aws,sa-east-1,413850945308,aws_backbonedigitalprd,"{""connection_name"":""aws_backbonedigitalprd"",""steampipe"":{""sdk_version"":""5.13.1""}}","{""connection_name"":""aws_backbonedigitalprd"",""steampipe"":{""sdk_version"":""5.13.1""}}"
vkz6wsm,8qrolkeoo1,arn:aws:apigateway:sa-east-1::/apis/8qrolkeoo1/integrations/vkz6wsm,,GET,HTTP_PROXY,arn:aws:elasticloadbalancing:sa-east-1:413850945308:listener/net/a0bcabae134444ddc84f2ebbdf7ab6a6/606e3b04daf44550/6cdf3fd8beb928b8,,f3joad,VPC_LINK,,,,,,1.0,,30000,,,,,vkz6wsm,"[""arn:aws:apigateway:sa-east-1::/apis/8qrolkeoo1/integrations/vkz6wsm""]",aws,sa-east-1,413850945308,aws_backbonedigitalprd,"{""connection_name"":""aws_backbonedigitalprd"",""steampipe"":{""sdk_version"":""5.13.1""}}","{""connection_name"":""aws_backbonedigitalprd"",""steampipe"":{""sdk_version"":""5.13.1""}}"
7pjrmbb,5blgkzmbg1,arn:aws:apigateway:sa-east-1::/apis/5blgkzmbg1/integrations/7pjrmbb,,POST,AWS_PROXY,arn:aws:lambda:sa-east-1:413850945308:function:meioPagamentoServerless-prd-meioPagamentoBaixaSapFaculdade,,,INTERNET,,,,,,2.0,,30000,,{},,,7pjrmbb,"[""arn:aws:apigateway:sa-east-1::/apis/5blgkzmbg1/integrations/7pjrmbb""]",aws,sa-east-1,413850945308,aws_backbonedigitalprd,"{""connection_name"":""aws_backbonedigitalprd"",""steampipe"":{""sdk_version"":""5.13.1""}}","{""connection_name"":""aws_backbonedigitalprd"",""steampipe"":{""sdk_version"":""5.13.1""}}"
t7i2hj3,5blgkzmbg1,arn:aws:apigateway:sa-east-1::/apis/5blgkzmbg1/integrations/t7i2hj3,,POST,AWS_PROXY,arn:aws:lambda:sa-east-1:413850945308:function:meioPagamentoServerless-prd-meioPagamentoBaixaSap,,,INTERNET,,,,,,2.0,,30000,,{},,,t7i2hj3,"[""arn:aws:apigateway:sa-east-1::/apis/5blgkzmbg1/integrations/t7i2hj3""]",aws,sa-east-1,413850945308,aws_backbonedigitalprd,"{""connection_name"":""aws_backbonedigitalprd"",""steampipe"":{""sdk_version"":""5.13.1""}}","{""connection_name"":""aws_backbonedigitalprd"",""steampipe"":{""sdk_version"":""5.13.1""}}"
i2krfsn,8qrolkeoo1,arn:aws:apigateway:sa-east-1::/apis/8qrolkeoo1/integrations/i2krfsn,,GET,HTTP_PROXY,arn:aws:elasticloadbalancing:sa-east-1:413850945308:listener/net/a0bcabae134444ddc84f2ebbdf7ab6a6/606e3b04daf44550/6cdf3fd8beb928b8,,f3joad,VPC_LINK,,,,,,1.0,,30000,,,,,i2krfsn,"[""arn:aws:apigateway:sa-east-1::/apis/8qrolkeoo1/integrations/i2krfsn""]",aws,sa-east-1,413850945308,aws_backbonedigitalprd,"{""connection_name"":""aws_backbonedigitalprd"",""steampipe"":{""sdk_version"":""5.13.1""}}","{""connection_name"":""aws_backbonedigitalprd"",""steampipe"":{""sdk_version"":""5.13.1""}}"
mhvywfn,8qrolkeoo1,arn:aws:apigateway:sa-east-1::/apis/8qrolkeoo1/integrations/mhvywfn,,GET,HTTP_PROXY,arn:aws:elasticloadbalancing:sa-east-1:413850945308:listener/net/a0bcabae134444ddc84f2ebbdf7ab6a6/606e3b04daf44550/6cdf3fd8beb928b8,,f3joad,VPC_LINK,,,,,,1.0,,30000,,,,,mhvywfn,"[""arn:aws:apigateway:sa-east-1::/apis/8qrolkeoo1/integrations/mhvywfn""]",aws,sa-east-1,413850945308,aws_backbonedigitalprd,"{""connection_name"":""aws_backbonedigitalprd"",""steampipe"":{""sdk_version"":""5.13.1""}}","{""connection_name"":""aws_backbonedigitalprd"",""steampipe"":{""sdk_version"":""5.13.1""}}"
zfk93w1,8qrolkeoo1,arn:aws:apigateway:sa-east-1::/apis/8qrolkeoo1/integrations/zfk93w1,,GET,HTTP_PROXY,arn:aws:elasticloadbalancing:sa-east-1:413850945308:listener/net/a0bcabae134444ddc84f2ebbdf7ab6a6/606e3b04daf44550/6cdf3fd8beb928b8,,f3joad,VPC_LINK,,,,,,1.0,,30000,,,,,zfk93w1,"[""arn:aws:apigateway:sa-east-1::/apis/8qrolkeoo1/integrations/zfk93w1""]",aws,sa-east-1,413850945308,aws_backbonedigitalprd,"{""connection_name"":""aws_backbonedigitalprd"",""steampipe"":{""sdk_version"":""5.13.1""}}","{""connection_name"":""aws_backbonedigitalprd"",""steampipe"":{""sdk_version"":""5.13.1""}}"
4gi006o,5blgkzmbg1,arn:aws:apigateway:sa-east-1::/apis/5blgkzmbg1/integrations/4gi006o,,POST,AWS_PROXY,arn:aws:lambda:sa-east-1:413850945308:function:meioPagamentoServerless-prd-meioPagamentoAtualizarLink,,,INTERNET,,,,,,2.0,,30000,,{},,,4gi006o,"[""arn:aws:apigateway:sa-east-1::/apis/5blgkzmbg1/integrations/4gi006o""]",aws,sa-east-1,413850945308,aws_backbonedigitalprd,"{""connection_name"":""aws_backbonedigitalprd"",""steampipe"":{""sdk_version"":""5.13.1""}}","{""connection_name"":""aws_backbonedigitalprd"",""steampipe"":{""sdk_version"":""5.13.1""}}"
2qjsj50,1cgsqi60x3,arn:aws:apigateway:sa-east-1::/apis/1cgsqi60x3/integrations/2qjsj50,,ANY,HTTP_PROXY,arn:aws:elasticloadbalancing:sa-east-1:413850945308:listener/net/aac187120221b46719f010efe29e0e93/4328737778763410/26fa3562a17e8a2d,,f3joad,VPC_LINK,,,,,,1.0,,30000,,,,,2qjsj50,"[""arn:aws:apigateway:sa-east-1::/apis/1cgsqi60x3/integrations/2qjsj50""]",aws,sa-east-1,413850945308,aws_backbonedigitalprd,"{""connection_name"":""aws_backbonedigitalprd"",""steampipe"":{""sdk_version"":""5.13.1""}}","{""connection_name"":""aws_backbonedigitalprd"",""steampipe"":{""sdk_version"":""5.13.1""}}"
d93v3at,1cgsqi60x3,arn:aws:apigateway:sa-east-1::/apis/1cgsqi60x3/integrations/d93v3at,,GET,HTTP_PROXY,arn:aws:elasticloadbalancing:sa-east-1:413850945308:listener/net/aac187120221b46719f010efe29e0e93/4328737778763410/26fa3562a17e8a2d,,f3joad,VPC_LINK,,,,,,1.0,,30000,,,,,d93v3at,"[""arn:aws:apigateway:sa-east-1::/apis/1cgsqi60x3/integrations/d93v3at""]",aws,sa-east-1,413850945308,aws_backbonedigitalprd,"{""connection_name"":""aws_backbonedigitalprd"",""steampipe"":{""sdk_version"":""5.13.1""}}","{""connection_name"":""aws_backbonedigitalprd"",""steampipe"":{""sdk_version"":""5.13.1""}}"
neku6w1,1cgsqi60x3,arn:aws:apigateway:sa-east-1::/apis/1cgsqi60x3/integrations/neku6w1,,PUT,HTTP_PROXY,arn:aws:elasticloadbalancing:sa-east-1:413850945308:listener/net/aac187120221b46719f010efe29e0e93/4328737778763410/26fa3562a17e8a2d,,f3joad,VPC_LINK,,,,,,1.0,,30000,,,,,neku6w1,"[""arn:aws:apigateway:sa-east-1::/apis/1cgsqi60x3/integrations/neku6w1""]",aws,sa-east-1,413850945308,aws_backbonedigitalprd,"{""connection_name"":""aws_backbonedigitalprd"",""steampipe"":{""sdk_version"":""5.13.1""}}","{""connection_name"":""aws_backbonedigitalprd"",""steampipe"":{""sdk_version"":""5.13.1""}}"
u4f9n1u,1cgsqi60x3,arn:aws:apigateway:sa-east-1::/apis/1cgsqi60x3/integrations/u4f9n1u,,GET,HTTP_PROXY,arn:aws:elasticloadbalancing:sa-east-1:413850945308:listener/net/aac187120221b46719f010efe29e0e93/4328737778763410/26fa3562a17e8a2d,,f3joad,VPC_LINK,,,,,,1.0,,30000,,,,,u4f9n1u,"[""arn:aws:apigateway:sa-east-1::/apis/1cgsqi60x3/integrations/u4f9n1u""]",aws,sa-east-1,413850945308,aws_backbonedigitalprd,"{""connection_name"":""aws_backbonedigitalprd"",""steampipe"":{""sdk_version"":""5.13.1""}}","{""connection_name"":""aws_backbonedigitalprd"",""steampipe"":{""sdk_version"":""5.13.1""}}"
r6ilk7d,1cgsqi60x3,arn:aws:apigateway:sa-east-1::/apis/1cgsqi60x3/integrations/r6ilk7d,,ANY,HTTP_PROXY,arn:aws:elasticloadbalancing:sa-east-1:413850945308:listener/net/aac187120221b46719f010efe29e0e93/4328737778763410/26fa3562a17e8a2d,,f3joad,VPC_LINK,,,,,,1.0,,30000,,,,,r6ilk7d,"[""arn:aws:apigateway:sa-east-1::/apis/1cgsqi60x3/integrations/r6ilk7d""]",aws,sa-east-1,413850945308,aws_backbonedigitalprd,"{""connection_name"":""aws_backbonedigitalprd"",""steampipe"":{""sdk_version"":""5.13.1""}}","{""connection_name"":""aws_backbonedigitalprd"",""steampipe"":{""sdk_version"":""5.13.1""}}"
nsojue1,1cgsqi60x3,arn:aws:apigateway:sa-east-1::/apis/1cgsqi60x3/integrations/nsojue1,,POST,HTTP_PROXY,arn:aws:elasticloadbalancing:sa-east-1:413850945308:listener/net/aac187120221b46719f010efe29e0e93/4328737778763410/26fa3562a17e8a2d,,f3joad,VPC_LINK,,,,,,1.0,,30000,,,,,nsojue1,"[""arn:aws:apigateway:sa-east-1::/apis/1cgsqi60x3/integrations/nsojue1""]",aws,sa-east-1,413850945308,aws_backbonedigitalprd,"{""connection_name"":""aws_backbonedigitalprd"",""steampipe"":{""sdk_version"":""5.13.1""}}","{""connection_name"":""aws_backbonedigitalprd"",""steampipe"":{""sdk_version"":""5.13.1""}}"
mrinqic,1cgsqi60x3,arn:aws:apigateway:sa-east-1::/apis/1cgsqi60x3/integrations/mrinqic,,PUT,HTTP_PROXY,arn:aws:elasticloadbalancing:sa-east-1:413850945308:listener/net/aac187120221b46719f010efe29e0e93/4328737778763410/26fa3562a17e8a2d,,f3joad,VPC_LINK,,,,,,1.0,,30000,,,,,mrinqic,"[""arn:aws:apigateway:sa-east-1::/apis/1cgsqi60x3/integrations/mrinqic""]",aws,sa-east-1,413850945308,aws_backbonedigitalprd,"{""connection_name"":""aws_backbonedigitalprd"",""steampipe"":{""sdk_version"":""5.13.1""}}","{""connection_name"":""aws_backbonedigitalprd"",""steampipe"":{""sdk_version"":""5.13.1""}}"
zwkdej7,ultuq2zm3c,arn:aws:apigateway:sa-east-1::/apis/ultuq2zm3c/integrations/zwkdej7,,POST,AWS_PROXY,arn:aws:lambda:sa-east-1:413850945308:function:plugplay-atendimento-faculdade-get-requester,,,INTERNET,,,,,,2.0,,30000,,,,,zwkdej7,"[""arn:aws:apigateway:sa-east-1::/apis/ultuq2zm3c/integrations/zwkdej7""]",aws,sa-east-1,413850945308,aws_backbonedigitalprd,"{""connection_name"":""aws_backbonedigitalprd"",""steampipe"":{""sdk_version"":""5.13.1""}}","{""connection_name"":""aws_backbonedigitalprd"",""steampipe"":{""sdk_version"":""5.13.1""}}"
2m5e37g,ultuq2zm3c,arn:aws:apigateway:sa-east-1::/apis/ultuq2zm3c/integrations/2m5e37g,,POST,AWS_PROXY,arn:aws:lambda:sa-east-1:413850945308:function:plugplay-atendimento-faculdade-create-customer-service-request,,,INTERNET,,,,,,2.0,,30000,,,,,2m5e37g,"[""arn:aws:apigateway:sa-east-1::/apis/ultuq2zm3c/integrations/2m5e37g""]",aws,sa-east-1,413850945308,aws_backbonedigitalprd,"{""connection_name"":""aws_backbonedigitalprd"",""steampipe"":{""sdk_version"":""5.13.1""}}","{""connection_name"":""aws_backbonedigitalprd"",""steampipe"":{""sdk_version"":""5.13.1""}}"
32dsd0d,7alz3b2pmh,arn:aws:apigateway:sa-east-1::/apis/7alz3b2pmh/integrations/32dsd0d,,POST,HTTP_PROXY,arn:aws:elasticloadbalancing:sa-east-1:413850945308:listener/net/a520bc36af74d4d00ab7334daa70bbe8/de50724727620fee/1b89a0502849aee5,,f3joad,VPC_LINK,,,,,,1.0,,30000,,,,,32dsd0d,"[""arn:aws:apigateway:sa-east-1::/apis/7alz3b2pmh/integrations/32dsd0d""]",aws,sa-east-1,413850945308,aws_backbonedigitalprd,"{""connection_name"":""aws_backbonedigitalprd"",""steampipe"":{""sdk_version"":""5.13.1""}}","{""connection_name"":""aws_backbonedigitalprd"",""steampipe"":{""sdk_version"":""5.13.1""}}"
h3lyrgd,7alz3b2pmh,arn:aws:apigateway:sa-east-1::/apis/7alz3b2pmh/integrations/h3lyrgd,,POST,HTTP_PROXY,arn:aws:elasticloadbalancing:sa-east-1:413850945308:listener/net/a520bc36af74d4d00ab7334daa70bbe8/de50724727620fee/1b89a0502849aee5,,f3joad,VPC_LINK,,,,,,1.0,,30000,,,,,h3lyrgd,"[""arn:aws:apigateway:sa-east-1::/apis/7alz3b2pmh/integrations/h3lyrgd""]",aws,sa-east-1,413850945308,aws_backbonedigitalprd,"{""connection_name"":""aws_backbonedigitalprd"",""steampipe"":{""sdk_version"":""5.13.1""}}","{""connection_name"":""aws_backbonedigitalprd"",""steampipe"":{""sdk_version"":""5.13.1""}}"
4ui6kg7,7alz3b2pmh,arn:aws:apigateway:sa-east-1::/apis/7alz3b2pmh/integrations/4ui6kg7,,POST,HTTP_PROXY,arn:aws:elasticloadbalancing:sa-east-1:413850945308:listener/net/a520bc36af74d4d00ab7334daa70bbe8/de50724727620fee/1b89a0502849aee5,,f3joad,VPC_LINK,,,,,,1.0,,30000,,,,,4ui6kg7,"[""arn:aws:apigateway:sa-east-1::/apis/7alz3b2pmh/integrations/4ui6kg7""]",aws,sa-east-1,413850945308,aws_backbonedigitalprd,"{""connection_name"":""aws_backbonedigitalprd"",""steampipe"":{""sdk_version"":""5.13.1""}}","{""connection_name"":""aws_backbonedigitalprd"",""steampipe"":{""sdk_version"":""5.13.1""}}"
5s5h7uf,7alz3b2pmh,arn:aws:apigateway:sa-east-1::/apis/7alz3b2pmh/integrations/5s5h7uf,,POST,HTTP_PROXY,arn:aws:elasticloadbalancing:sa-east-1:413850945308:listener/net/a520bc36af74d4d00ab7334daa70bbe8/de50724727620fee/1b89a0502849aee5,,f3joad,VPC_LINK,,,,,,1.0,,30000,,,,,5s5h7uf,"[""arn:aws:apigateway:sa-east-1::/apis/7alz3b2pmh/integrations/5s5h7uf""]",aws,sa-east-1,413850945308,aws_backbonedigitalprd,"{""connection_name"":""aws_backbonedigitalprd"",""steampipe"":{""sdk_version"":""5.13.1""}}","{""connection_name"":""aws_backbonedigitalprd"",""steampipe"":{""sdk_version"":""5.13.1""}}"
paztofd,e0nwoywf35,arn:aws:apigateway:us-east-1::/apis/e0nwoywf35/integrations/paztofd,,POST,AWS_PROXY,arn:aws:apigateway:us-east-1:lambda:path/2015-03-31/functions/arn:aws:lambda:us-east-1:978569075048:function:getProfessionalScheduleWS/invocations,,,INTERNET,CONVERT_TO_TEXT,,,,WHEN_NO_MATCH,1.0,,29000,,,,,paztofd,"[""arn:aws:apigateway:us-east-1::/apis/e0nwoywf35/integrations/paztofd""]",aws,us-east-1,978569075048,aws_cockpitprd,"{""connection_name"":""aws_cockpitprd"",""steampipe"":{""sdk_version"":""5.13.1""}}","{""connection_name"":""aws_cockpitprd"",""steampipe"":{""sdk_version"":""5.13.1""}}"
lys53cg,6513rbn0zk,arn:aws:apigateway:us-east-1::/apis/6513rbn0zk/integrations/lys53cg,,POST,AWS_PROXY,arn:aws:apigateway:us-east-1:lambda:path/2015-03-31/functions/arn:aws:lambda:us-east-1:978569075048:function:bsWSVideoRoom/invocations,,,INTERNET,,,,,WHEN_NO_MATCH,1.0,,29000,,,,,lys53cg,"[""arn:aws:apigateway:us-east-1::/apis/6513rbn0zk/integrations/lys53cg""]",aws,us-east-1,978569075048,aws_cockpitprd,"{""connection_name"":""aws_cockpitprd"",""steampipe"":{""sdk_version"":""5.13.1""}}","{""connection_name"":""aws_cockpitprd"",""steampipe"":{""sdk_version"":""5.13.1""}}"
yedksqm,6513rbn0zk,arn:aws:apigateway:us-east-1::/apis/6513rbn0zk/integrations/yedksqm,,POST,AWS_PROXY,arn:aws:apigateway:us-east-1:lambda:path/2015-03-31/functions/arn:aws:lambda:us-east-1:978569075048:function:bsWSVideoRoom/invocations,,,INTERNET,,,,,WHEN_NO_MATCH,1.0,,29000,,,,,yedksqm,"[""arn:aws:apigateway:us-east-1::/apis/6513rbn0zk/integrations/yedksqm""]",aws,us-east-1,978569075048,aws_cockpitprd,"{""connection_name"":""aws_cockpitprd"",""steampipe"":{""sdk_version"":""5.13.1""}}","{""connection_name"":""aws_cockpitprd"",""steampipe"":{""sdk_version"":""5.13.1""}}"
p3tu728,e0nwoywf35,arn:aws:apigateway:us-east-1::/apis/e0nwoywf35/integrations/p3tu728,,POST,AWS_PROXY,arn:aws:apigateway:us-east-1:lambda:path/2015-03-31/functions/arn:aws:lambda:us-east-1:978569075048:function:getProfessionalScheduleWS/invocations,,,INTERNET,CONVERT_TO_TEXT,,,,WHEN_NO_MATCH,1.0,,29000,,,,,p3tu728,"[""arn:aws:apigateway:us-east-1::/apis/e0nwoywf35/integrations/p3tu728""]",aws,us-east-1,978569075048,aws_cockpitprd,"{""connection_name"":""aws_cockpitprd"",""steampipe"":{""sdk_version"":""5.13.1""}}","{""connection_name"":""aws_cockpitprd"",""steampipe"":{""sdk_version"":""5.13.1""}}"
dksxn6n,5fkxceqzpk,arn:aws:apigateway:us-east-1::/apis/5fkxceqzpk/integrations/dksxn6n,,POST,AWS_PROXY,arn:aws:apigateway:us-east-1:lambda:path/2015-03-31/functions/arn:aws:lambda:us-east-1:978569075048:function:websocket-ping-pong/invocations,,,INTERNET,CONVERT_TO_TEXT,,,,WHEN_NO_MATCH,1.0,,29000,,,,,dksxn6n,"[""arn:aws:apigateway:us-east-1::/apis/5fkxceqzpk/integrations/dksxn6n""]",aws,us-east-1,978569075048,aws_cockpitprd,"{""connection_name"":""aws_cockpitprd"",""steampipe"":{""sdk_version"":""5.13.1""}}","{""connection_name"":""aws_cockpitprd"",""steampipe"":{""sdk_version"":""5.13.1""}}"
pd4ewnm,6513rbn0zk,arn:aws:apigateway:us-east-1::/apis/6513rbn0zk/integrations/pd4ewnm,,POST,AWS_PROXY,arn:aws:apigateway:us-east-1:lambda:path/2015-03-31/functions/arn:aws:lambda:us-east-1:978569075048:function:bsWSVideoRoom/invocations,,,INTERNET,,,,,WHEN_NO_MATCH,1.0,,29000,,,,,pd4ewnm,"[""arn:aws:apigateway:us-east-1::/apis/6513rbn0zk/integrations/pd4ewnm""]",aws,us-east-1,978569075048,aws_cockpitprd,"{""connection_name"":""aws_cockpitprd"",""steampipe"":{""sdk_version"":""5.13.1""}}","{""connection_name"":""aws_cockpitprd"",""steampipe"":{""sdk_version"":""5.13.1""}}"
c5yg4up,5fkxceqzpk,arn:aws:apigateway:us-east-1::/apis/5fkxceqzpk/integrations/c5yg4up,,POST,AWS_PROXY,arn:aws:apigateway:us-east-1:lambda:path/2015-03-31/functions/arn:aws:lambda:us-east-1:978569075048:function:bsGetPAQueueWS/invocations,,,INTERNET,CONVERT_TO_TEXT,,,,WHEN_NO_MATCH,1.0,,29000,,,,,c5yg4up,"[""arn:aws:apigateway:us-east-1::/apis/5fkxceqzpk/integrations/c5yg4up""]",aws,us-east-1,978569075048,aws_cockpitprd,"{""connection_name"":""aws_cockpitprd"",""steampipe"":{""sdk_version"":""5.13.1""}}","{""connection_name"":""aws_cockpitprd"",""steampipe"":{""sdk_version"":""5.13.1""}}"
ykowumc,bvkwl4wbm2,arn:aws:apigateway:us-east-1::/apis/bvkwl4wbm2/integrations/ykowumc,,POST,AWS_PROXY,arn:aws:apigateway:us-east-1:lambda:path/2015-03-31/functions/arn:aws:lambda:us-east-1:978569075048:function:websocket-ping-pong/invocations,,,INTERNET,CONVERT_TO_TEXT,,,,WHEN_NO_MATCH,1.0,,29000,,,,,ykowumc,"[""arn:aws:apigateway:us-east-1::/apis/bvkwl4wbm2/integrations/ykowumc""]",aws,us-east-1,978569075048,aws_cockpitprd,"{""connection_name"":""aws_cockpitprd"",""steampipe"":{""sdk_version"":""5.13.1""}}","{""connection_name"":""aws_cockpitprd"",""steampipe"":{""sdk_version"":""5.13.1""}}"
xa0sn6o,e0nwoywf35,arn:aws:apigateway:us-east-1::/apis/e0nwoywf35/integrations/xa0sn6o,,POST,AWS_PROXY,arn:aws:apigateway:us-east-1:lambda:path/2015-03-31/functions/arn:aws:lambda:us-east-1:978569075048:function:getProfessionalScheduleWS/invocations,,,INTERNET,CONVERT_TO_TEXT,,,,WHEN_NO_MATCH,1.0,,29000,,,,,xa0sn6o,"[""arn:aws:apigateway:us-east-1::/apis/e0nwoywf35/integrations/xa0sn6o""]",aws,us-east-1,978569075048,aws_cockpitprd,"{""connection_name"":""aws_cockpitprd"",""steampipe"":{""sdk_version"":""5.13.1""}}","{""connection_name"":""aws_cockpitprd"",""steampipe"":{""sdk_version"":""5.13.1""}}"
cprcx0v,bvkwl4wbm2,arn:aws:apigateway:us-east-1::/apis/bvkwl4wbm2/integrations/cprcx0v,,POST,AWS_PROXY,arn:aws:apigateway:us-east-1:lambda:path/2015-03-31/functions/arn:aws:lambda:us-east-1:978569075048:function:bsGetPAQueueWS/invocations,,,INTERNET,CONVERT_TO_TEXT,,,,WHEN_NO_MATCH,1.0,,29000,,,,,cprcx0v,"[""arn:aws:apigateway:us-east-1::/apis/bvkwl4wbm2/integrations/cprcx0v""]",aws,us-east-1,978569075048,aws_cockpitprd,"{""connection_name"":""aws_cockpitprd"",""steampipe"":{""sdk_version"":""5.13.1""}}","{""connection_name"":""aws_cockpitprd"",""steampipe"":{""sdk_version"":""5.13.1""}}"
r03131r,5fkxceqzpk,arn:aws:apigateway:us-east-1::/apis/5fkxceqzpk/integrations/r03131r,,POST,AWS_PROXY,arn:aws:apigateway:us-east-1:lambda:path/2015-03-31/functions/arn:aws:lambda:us-east-1:978569075048:function:bsGetPAQueueAmountWS/invocations,,,INTERNET,,,,,WHEN_NO_MATCH,1.0,,29000,,,,,r03131r,"[""arn:aws:apigateway:us-east-1::/apis/5fkxceqzpk/integrations/r03131r""]",aws,us-east-1,978569075048,aws_cockpitprd,"{""connection_name"":""aws_cockpitprd"",""steampipe"":{""sdk_version"":""5.13.1""}}","{""connection_name"":""aws_cockpitprd"",""steampipe"":{""sdk_version"":""5.13.1""}}"
641vi13,bvkwl4wbm2,arn:aws:apigateway:us-east-1::/apis/bvkwl4wbm2/integrations/641vi13,,POST,AWS_PROXY,arn:aws:apigateway:us-east-1:lambda:path/2015-03-31/functions/arn:aws:lambda:us-east-1:978569075048:function:bsGetPAQueueWS/invocations,,,INTERNET,CONVERT_TO_TEXT,,,,WHEN_NO_MATCH,1.0,,29000,,,,,641vi13,"[""arn:aws:apigateway:us-east-1::/apis/bvkwl4wbm2/integrations/641vi13""]",aws,us-east-1,978569075048,aws_cockpitprd,"{""connection_name"":""aws_cockpitprd"",""steampipe"":{""sdk_version"":""5.13.1""}}","{""connection_name"":""aws_cockpitprd"",""steampipe"":{""sdk_version"":""5.13.1""}}"
83jeh6g,bvkwl4wbm2,arn:aws:apigateway:us-east-1::/apis/bvkwl4wbm2/integrations/83jeh6g,,POST,AWS_PROXY,arn:aws:apigateway:us-east-1:lambda:path/2015-03-31/functions/arn:aws:lambda:us-east-1:978569075048:function:bsGetPAQueueWS/invocations,,,INTERNET,CONVERT_TO_TEXT,,,,WHEN_NO_MATCH,1.0,,29000,,,,,83jeh6g,"[""arn:aws:apigateway:us-east-1::/apis/bvkwl4wbm2/integrations/83jeh6g""]",aws,us-east-1,978569075048,aws_cockpitprd,"{""connection_name"":""aws_cockpitprd"",""steampipe"":{""sdk_version"":""5.13.1""}}","{""connection_name"":""aws_cockpitprd"",""steampipe"":{""sdk_version"":""5.13.1""}}"
lvtibn9,5fkxceqzpk,arn:aws:apigateway:us-east-1::/apis/5fkxceqzpk/integrations/lvtibn9,,POST,AWS_PROXY,arn:aws:apigateway:us-east-1:lambda:path/2015-03-31/functions/arn:aws:lambda:us-east-1:978569075048:function:bsGetPAQueueAmountWS/invocations,,,INTERNET,,,,,WHEN_NO_MATCH,1.0,,29000,,,,,lvtibn9,"[""arn:aws:apigateway:us-east-1::/apis/5fkxceqzpk/integrations/lvtibn9""]",aws,us-east-1,978569075048,aws_cockpitprd,"{""connection_name"":""aws_cockpitprd"",""steampipe"":{""sdk_version"":""5.13.1""}}","{""connection_name"":""aws_cockpitprd"",""steampipe"":{""sdk_version"":""5.13.1""}}"
5mjnuvo,e0nwoywf35,arn:aws:apigateway:us-east-1::/apis/e0nwoywf35/integrations/5mjnuvo,,POST,AWS_PROXY,arn:aws:apigateway:us-east-1:lambda:path/2015-03-31/functions/arn:aws:lambda:us-east-1:978569075048:function:getProfessionalScheduleWS/invocations,,,INTERNET,CONVERT_TO_TEXT,,,,WHEN_NO_MATCH,1.0,,29000,,,,,5mjnuvo,"[""arn:aws:apigateway:us-east-1::/apis/e0nwoywf35/integrations/5mjnuvo""]",aws,us-east-1,978569075048,aws_cockpitprd,"{""connection_name"":""aws_cockpitprd"",""steampipe"":{""sdk_version"":""5.13.1""}}","{""connection_name"":""aws_cockpitprd"",""steampipe"":{""sdk_version"":""5.13.1""}}"
qk9xf36,bvkwl4wbm2,arn:aws:apigateway:us-east-1::/apis/bvkwl4wbm2/integrations/qk9xf36,,POST,AWS_PROXY,arn:aws:apigateway:us-east-1:lambda:path/2015-03-31/functions/arn:aws:lambda:us-east-1:978569075048:function:bsGetPAQueueWS/invocations,,,INTERNET,CONVERT_TO_TEXT,,,,WHEN_NO_MATCH,1.0,,29000,,,,,qk9xf36,"[""arn:aws:apigateway:us-east-1::/apis/bvkwl4wbm2/integrations/qk9xf36""]",aws,us-east-1,978569075048,aws_cockpitprd,"{""connection_name"":""aws_cockpitprd"",""steampipe"":{""sdk_version"":""5.13.1""}}","{""connection_name"":""aws_cockpitprd"",""steampipe"":{""sdk_version"":""5.13.1""}}"
qum8tib,bvkwl4wbm2,arn:aws:apigateway:us-east-1::/apis/bvkwl4wbm2/integrations/qum8tib,,POST,AWS_PROXY,arn:aws:apigateway:us-east-1:lambda:path/2015-03-31/functions/arn:aws:lambda:us-east-1:978569075048:function:bsGetPAQueueWS/invocations,,,INTERNET,CONVERT_TO_TEXT,,,,WHEN_NO_MATCH,1.0,,29000,,,,,qum8tib,"[""arn:aws:apigateway:us-east-1::/apis/bvkwl4wbm2/integrations/qum8tib""]",aws,us-east-1,978569075048,aws_cockpitprd,"{""connection_name"":""aws_cockpitprd"",""steampipe"":{""sdk_version"":""5.13.1""}}","{""connection_name"":""aws_cockpitprd"",""steampipe"":{""sdk_version"":""5.13.1""}}"
8il1hej,bvkwl4wbm2,arn:aws:apigateway:us-east-1::/apis/bvkwl4wbm2/integrations/8il1hej,,POST,AWS_PROXY,arn:aws:apigateway:us-east-1:lambda:path/2015-03-31/functions/arn:aws:lambda:us-east-1:978569075048:function:bsGetPAQueueWS/invocations,,,INTERNET,CONVERT_TO_TEXT,,,,WHEN_NO_MATCH,1.0,,29000,,,,,8il1hej,"[""arn:aws:apigateway:us-east-1::/apis/bvkwl4wbm2/integrations/8il1hej""]",aws,us-east-1,978569075048,aws_cockpitprd,"{""connection_name"":""aws_cockpitprd"",""steampipe"":{""sdk_version"":""5.13.1""}}","{""connection_name"":""aws_cockpitprd"",""steampipe"":{""sdk_version"":""5.13.1""}}"
8725pzq,bvkwl4wbm2,arn:aws:apigateway:us-east-1::/apis/bvkwl4wbm2/integrations/8725pzq,,POST,AWS_PROXY,arn:aws:apigateway:us-east-1:lambda:path/2015-03-31/functions/arn:aws:lambda:us-east-1:978569075048:function:bsGetPAQueueWS/invocations,,,INTERNET,CONVERT_TO_TEXT,,,,WHEN_NO_MATCH,1.0,,29000,,,,,8725pzq,"[""arn:aws:apigateway:us-east-1::/apis/bvkwl4wbm2/integrations/8725pzq""]",aws,us-east-1,978569075048,aws_cockpitprd,"{""connection_name"":""aws_cockpitprd"",""steampipe"":{""sdk_version"":""5.13.1""}}","{""connection_name"":""aws_cockpitprd"",""steampipe"":{""sdk_version"":""5.13.1""}}"
3dfamzu,5fkxceqzpk,arn:aws:apigateway:us-east-1::/apis/5fkxceqzpk/integrations/3dfamzu,,POST,AWS_PROXY,arn:aws:apigateway:us-east-1:lambda:path/2015-03-31/functions/arn:aws:lambda:us-east-1:978569075048:function:bsGetPAQueueAmountWS/invocations,,,INTERNET,,,,,WHEN_NO_MATCH,1.0,,29000,,,,,3dfamzu,"[""arn:aws:apigateway:us-east-1::/apis/5fkxceqzpk/integrations/3dfamzu""]",aws,us-east-1,978569075048,aws_cockpitprd,"{""connection_name"":""aws_cockpitprd"",""steampipe"":{""sdk_version"":""5.13.1""}}","{""connection_name"":""aws_cockpitprd"",""steampipe"":{""sdk_version"":""5.13.1""}}"
lbgrrie,5fkxceqzpk,arn:aws:apigateway:us-east-1::/apis/5fkxceqzpk/integrations/lbgrrie,,POST,AWS_PROXY,arn:aws:apigateway:us-east-1:lambda:path/2015-03-31/functions/arn:aws:lambda:us-east-1:978569075048:function:bsGetPAQueueAmountWS/invocations,,,INTERNET,,,,,WHEN_NO_MATCH,1.0,,29000,,,,,lbgrrie,"[""arn:aws:apigateway:us-east-1::/apis/5fkxceqzpk/integrations/lbgrrie""]",aws,us-east-1,978569075048,aws_cockpitprd,"{""connection_name"":""aws_cockpitprd"",""steampipe"":{""sdk_version"":""5.13.1""}}","{""connection_name"":""aws_cockpitprd"",""steampipe"":{""sdk_version"":""5.13.1""}}"
mdqzx9v,bvkwl4wbm2,arn:aws:apigateway:us-east-1::/apis/bvkwl4wbm2/integrations/mdqzx9v,,POST,AWS_PROXY,arn:aws:apigateway:us-east-1:lambda:path/2015-03-31/functions/arn:aws:lambda:us-east-1:978569075048:function:bsGetPAQueueWS/invocations,,,INTERNET,CONVERT_TO_TEXT,,,,WHEN_NO_MATCH,1.0,,29000,,,,,mdqzx9v,"[""arn:aws:apigateway:us-east-1::/apis/bvkwl4wbm2/integrations/mdqzx9v""]",aws,us-east-1,978569075048,aws_cockpitprd,"{""connection_name"":""aws_cockpitprd"",""steampipe"":{""sdk_version"":""5.13.1""}}","{""connection_name"":""aws_cockpitprd"",""steampipe"":{""sdk_version"":""5.13.1""}}"
gznig3p,bvkwl4wbm2,arn:aws:apigateway:us-east-1::/apis/bvkwl4wbm2/integrations/gznig3p,,POST,AWS_PROXY,arn:aws:apigateway:us-east-1:lambda:path/2015-03-31/functions/arn:aws:lambda:us-east-1:978569075048:function:bsGetPAQueueWS/invocations,,,INTERNET,CONVERT_TO_TEXT,,,,WHEN_NO_MATCH,1.0,,29000,,,,,gznig3p,"[""arn:aws:apigateway:us-east-1::/apis/bvkwl4wbm2/integrations/gznig3p""]",aws,us-east-1,978569075048,aws_cockpitprd,"{""connection_name"":""aws_cockpitprd"",""steampipe"":{""sdk_version"":""5.13.1""}}","{""connection_name"":""aws_cockpitprd"",""steampipe"":{""sdk_version"":""5.13.1""}}"
eb4such,bvkwl4wbm2,arn:aws:apigateway:us-east-1::/apis/bvkwl4wbm2/integrations/eb4such,,POST,AWS_PROXY,arn:aws:apigateway:us-east-1:lambda:path/2015-03-31/functions/arn:aws:lambda:us-east-1:978569075048:function:bsGetPAQueueWS/invocations,,,INTERNET,CONVERT_TO_TEXT,,,,WHEN_NO_MATCH,1.0,,29000,,,,,eb4such,"[""arn:aws:apigateway:us-east-1::/apis/bvkwl4wbm2/integrations/eb4such""]",aws,us-east-1,978569075048,aws_cockpitprd,"{""connection_name"":""aws_cockpitprd"",""steampipe"":{""sdk_version"":""5.13.1""}}","{""connection_name"":""aws_cockpitprd"",""steampipe"":{""sdk_version"":""5.13.1""}}"
sjvdsz3,bvkwl4wbm2,arn:aws:apigateway:us-east-1::/apis/bvkwl4wbm2/integrations/sjvdsz3,,POST,AWS_PROXY,arn:aws:apigateway:us-east-1:lambda:path/2015-03-31/functions/arn:aws:lambda:us-east-1:978569075048:function:bsGetPAQueueWS/invocations,,,INTERNET,CONVERT_TO_TEXT,,,,WHEN_NO_MATCH,1.0,,29000,,,,,sjvdsz3,"[""arn:aws:apigateway:us-east-1::/apis/bvkwl4wbm2/integrations/sjvdsz3""]",aws,us-east-1,978569075048,aws_cockpitprd,"{""connection_name"":""aws_cockpitprd"",""steampipe"":{""sdk_version"":""5.13.1""}}","{""connection_name"":""aws_cockpitprd"",""steampipe"":{""sdk_version"":""5.13.1""}}"
n0q5jnc,bvkwl4wbm2,arn:aws:apigateway:us-east-1::/apis/bvkwl4wbm2/integrations/n0q5jnc,,POST,AWS_PROXY,arn:aws:apigateway:us-east-1:lambda:path/2015-03-31/functions/arn:aws:lambda:us-east-1:978569075048:function:bsGetPAQueueWS/invocations,,,INTERNET,CONVERT_TO_TEXT,,,,WHEN_NO_MATCH,1.0,,29000,,,,,n0q5jnc,"[""arn:aws:apigateway:us-east-1::/apis/bvkwl4wbm2/integrations/n0q5jnc""]",aws,us-east-1,978569075048,aws_cockpitprd,"{""connection_name"":""aws_cockpitprd"",""steampipe"":{""sdk_version"":""5.13.1""}}","{""connection_name"":""aws_cockpitprd"",""steampipe"":{""sdk_version"":""5.13.1""}}"
kb8cdte,bvkwl4wbm2,arn:aws:apigateway:us-east-1::/apis/bvkwl4wbm2/integrations/kb8cdte,,POST,AWS_PROXY,arn:aws:apigateway:us-east-1:lambda:path/2015-03-31/functions/arn:aws:lambda:us-east-1:978569075048:function:bsGetPAQueueWS/invocations,,,INTERNET,CONVERT_TO_TEXT,,,,WHEN_NO_MATCH,1.0,,29000,,,,,kb8cdte,"[""arn:aws:apigateway:us-east-1::/apis/bvkwl4wbm2/integrations/kb8cdte""]",aws,us-east-1,978569075048,aws_cockpitprd,"{""connection_name"":""aws_cockpitprd"",""steampipe"":{""sdk_version"":""5.13.1""}}","{""connection_name"":""aws_cockpitprd"",""steampipe"":{""sdk_version"":""5.13.1""}}"
7a634ya,6513rbn0zk,arn:aws:apigateway:us-east-1::/apis/6513rbn0zk/integrations/7a634ya,,POST,AWS_PROXY,arn:aws:apigateway:us-east-1:lambda:path/2015-03-31/functions/arn:aws:lambda:us-east-1:978569075048:function:bsWSVideoRoom/invocations,,,INTERNET,CONVERT_TO_TEXT,,,,WHEN_NO_MATCH,1.0,,29000,,,,,7a634ya,"[""arn:aws:apigateway:us-east-1::/apis/6513rbn0zk/integrations/7a634ya""]",aws,us-east-1,978569075048,aws_cockpitprd,"{""connection_name"":""aws_cockpitprd"",""steampipe"":{""sdk_version"":""5.13.1""}}","{""connection_name"":""aws_cockpitprd"",""steampipe"":{""sdk_version"":""5.13.1""}}"
gqlrp2b,bvkwl4wbm2,arn:aws:apigateway:us-east-1::/apis/bvkwl4wbm2/integrations/gqlrp2b,,POST,AWS_PROXY,arn:aws:apigateway:us-east-1:lambda:path/2015-03-31/functions/arn:aws:lambda:us-east-1:978569075048:function:bsGetPAQueueWS/invocations,,,INTERNET,CONVERT_TO_TEXT,,,,WHEN_NO_MATCH,1.0,,29000,,,,,gqlrp2b,"[""arn:aws:apigateway:us-east-1::/apis/bvkwl4wbm2/integrations/gqlrp2b""]",aws,us-east-1,978569075048,aws_cockpitprd,"{""connection_name"":""aws_cockpitprd"",""steampipe"":{""sdk_version"":""5.13.1""}}","{""connection_name"":""aws_cockpitprd"",""steampipe"":{""sdk_version"":""5.13.1""}}"
wr1d8ya,bvkwl4wbm2,arn:aws:apigateway:us-east-1::/apis/bvkwl4wbm2/integrations/wr1d8ya,,POST,AWS_PROXY,arn:aws:apigateway:us-east-1:lambda:path/2015-03-31/functions/arn:aws:lambda:us-east-1:978569075048:function:bsGetPAQueueWS/invocations,,,INTERNET,CONVERT_TO_TEXT,,,,WHEN_NO_MATCH,1.0,,29000,,,,,wr1d8ya,"[""arn:aws:apigateway:us-east-1::/apis/bvkwl4wbm2/integrations/wr1d8ya""]",aws,us-east-1,978569075048,aws_cockpitprd,"{""connection_name"":""aws_cockpitprd"",""steampipe"":{""sdk_version"":""5.13.1""}}","{""connection_name"":""aws_cockpitprd"",""steampipe"":{""sdk_version"":""5.13.1""}}"
yj4mrm7,6513rbn0zk,arn:aws:apigateway:us-east-1::/apis/6513rbn0zk/integrations/yj4mrm7,,POST,AWS_PROXY,arn:aws:apigateway:us-east-1:lambda:path/2015-03-31/functions/arn:aws:lambda:us-east-1:978569075048:function:websocket-ping-pong/invocations,,,INTERNET,CONVERT_TO_TEXT,,,,WHEN_NO_MATCH,1.0,,29000,,,,,yj4mrm7,"[""arn:aws:apigateway:us-east-1::/apis/6513rbn0zk/integrations/yj4mrm7""]",aws,us-east-1,978569075048,aws_cockpitprd,"{""connection_name"":""aws_cockpitprd"",""steampipe"":{""sdk_version"":""5.13.1""}}","{""connection_name"":""aws_cockpitprd"",""steampipe"":{""sdk_version"":""5.13.1""}}"
h9zguzg,bvkwl4wbm2,arn:aws:apigateway:us-east-1::/apis/bvkwl4wbm2/integrations/h9zguzg,,POST,AWS_PROXY,arn:aws:apigateway:us-east-1:lambda:path/2015-03-31/functions/arn:aws:lambda:us-east-1:978569075048:function:bsGetPAQueueWS/invocations,,,INTERNET,CONVERT_TO_TEXT,,,,WHEN_NO_MATCH,1.0,,29000,,,,,h9zguzg,"[""arn:aws:apigateway:us-east-1::/apis/bvkwl4wbm2/integrations/h9zguzg""]",aws,us-east-1,978569075048,aws_cockpitprd,"{""connection_name"":""aws_cockpitprd"",""steampipe"":{""sdk_version"":""5.13.1""}}","{""connection_name"":""aws_cockpitprd"",""steampipe"":{""sdk_version"":""5.13.1""}}"
wwhyyi8,bvkwl4wbm2,arn:aws:apigateway:us-east-1::/apis/bvkwl4wbm2/integrations/wwhyyi8,,POST,AWS_PROXY,arn:aws:apigateway:us-east-1:lambda:path/2015-03-31/functions/arn:aws:lambda:us-east-1:978569075048:function:bsGetPAQueueWS/invocations,,,INTERNET,CONVERT_TO_TEXT,,,,WHEN_NO_MATCH,1.0,,29000,,,,,wwhyyi8,"[""arn:aws:apigateway:us-east-1::/apis/bvkwl4wbm2/integrations/wwhyyi8""]",aws,us-east-1,978569075048,aws_cockpitprd,"{""connection_name"":""aws_cockpitprd"",""steampipe"":{""sdk_version"":""5.13.1""}}","{""connection_name"":""aws_cockpitprd"",""steampipe"":{""sdk_version"":""5.13.1""}}"
b6kgo9f,6513rbn0zk,arn:aws:apigateway:us-east-1::/apis/6513rbn0zk/integrations/b6kgo9f,,POST,AWS_PROXY,arn:aws:apigateway:us-east-1:lambda:path/2015-03-31/functions/arn:aws:lambda:us-east-1:978569075048:function:bsWSVideoRoom/invocations,,,INTERNET,CONVERT_TO_TEXT,,,,WHEN_NO_MATCH,1.0,,29000,,,,,b6kgo9f,"[""arn:aws:apigateway:us-east-1::/apis/6513rbn0zk/integrations/b6kgo9f""]",aws,us-east-1,978569075048,aws_cockpitprd,"{""connection_name"":""aws_cockpitprd"",""steampipe"":{""sdk_version"":""5.13.1""}}","{""connection_name"":""aws_cockpitprd"",""steampipe"":{""sdk_version"":""5.13.1""}}"
k1gy6io,6513rbn0zk,arn:aws:apigateway:us-east-1::/apis/6513rbn0zk/integrations/k1gy6io,,POST,AWS_PROXY,arn:aws:apigateway:us-east-1:lambda:path/2015-03-31/functions/arn:aws:lambda:us-east-1:978569075048:function:bsWSVideoRoom/invocations,,,INTERNET,,,,,WHEN_NO_MATCH,1.0,,29000,,,,,k1gy6io,"[""arn:aws:apigateway:us-east-1::/apis/6513rbn0zk/integrations/k1gy6io""]",aws,us-east-1,978569075048,aws_cockpitprd,"{""connection_name"":""aws_cockpitprd"",""steampipe"":{""sdk_version"":""5.13.1""}}","{""connection_name"":""aws_cockpitprd"",""steampipe"":{""sdk_version"":""5.13.1""}}"
9mkvd95,6513rbn0zk,arn:aws:apigateway:us-east-1::/apis/6513rbn0zk/integrations/9mkvd95,,POST,AWS_PROXY,arn:aws:apigateway:us-east-1:lambda:path/2015-03-31/functions/arn:aws:lambda:us-east-1:978569075048:function:bsWSVideoRoom/invocations,,,INTERNET,CONVERT_TO_TEXT,,,,WHEN_NO_MATCH,1.0,,29000,,,,,9mkvd95,"[""arn:aws:apigateway:us-east-1::/apis/6513rbn0zk/integrations/9mkvd95""]",aws,us-east-1,978569075048,aws_cockpitprd,"{""connection_name"":""aws_cockpitprd"",""steampipe"":{""sdk_version"":""5.13.1""}}","{""connection_name"":""aws_cockpitprd"",""steampipe"":{""sdk_version"":""5.13.1""}}"
1pj3ck0,0a3429gfok,arn:aws:apigateway:us-east-1::/apis/0a3429gfok/integrations/1pj3ck0,,POST,AWS_PROXY,arn:aws:apigateway:us-east-1:lambda:path/2015-03-31/functions/arn:aws:lambda:us-east-1:978569075048:function:professionalNotifications/invocations,,,INTERNET,CONVERT_TO_TEXT,,,,WHEN_NO_MATCH,1.0,,29000,,,,,1pj3ck0,"[""arn:aws:apigateway:us-east-1::/apis/0a3429gfok/integrations/1pj3ck0""]",aws,us-east-1,978569075048,aws_cockpitprd,"{""connection_name"":""aws_cockpitprd"",""steampipe"":{""sdk_version"":""5.13.1""}}","{""connection_name"":""aws_cockpitprd"",""steampipe"":{""sdk_version"":""5.13.1""}}"
4kzhgag,0a3429gfok,arn:aws:apigateway:us-east-1::/apis/0a3429gfok/integrations/4kzhgag,,POST,AWS_PROXY,arn:aws:apigateway:us-east-1:lambda:path/2015-03-31/functions/arn:aws:lambda:us-east-1:978569075048:function:professionalNotifications/invocations,,,INTERNET,CONVERT_TO_TEXT,,,,WHEN_NO_MATCH,1.0,,29000,,,,,4kzhgag,"[""arn:aws:apigateway:us-east-1::/apis/0a3429gfok/integrations/4kzhgag""]",aws,us-east-1,978569075048,aws_cockpitprd,"{""connection_name"":""aws_cockpitprd"",""steampipe"":{""sdk_version"":""5.13.1""}}","{""connection_name"":""aws_cockpitprd"",""steampipe"":{""sdk_version"":""5.13.1""}}"
a5y9fa0,0a3429gfok,arn:aws:apigateway:us-east-1::/apis/0a3429gfok/integrations/a5y9fa0,,POST,AWS_PROXY,arn:aws:apigateway:us-east-1:lambda:path/2015-03-31/functions/arn:aws:lambda:us-east-1:978569075048:function:professionalNotifications/invocations,,,INTERNET,CONVERT_TO_TEXT,,,,WHEN_NO_MATCH,1.0,,29000,,,,,a5y9fa0,"[""arn:aws:apigateway:us-east-1::/apis/0a3429gfok/integrations/a5y9fa0""]",aws,us-east-1,978569075048,aws_cockpitprd,"{""connection_name"":""aws_cockpitprd"",""steampipe"":{""sdk_version"":""5.13.1""}}","{""connection_name"":""aws_cockpitprd"",""steampipe"":{""sdk_version"":""5.13.1""}}"
w9bcmsj,0a3429gfok,arn:aws:apigateway:us-east-1::/apis/0a3429gfok/integrations/w9bcmsj,,POST,AWS_PROXY,arn:aws:apigateway:us-east-1:lambda:path/2015-03-31/functions/arn:aws:lambda:us-east-1:978569075048:function:professionalNotifications/invocations,,,INTERNET,CONVERT_TO_TEXT,,,,WHEN_NO_MATCH,1.0,,29000,,,,,w9bcmsj,"[""arn:aws:apigateway:us-east-1::/apis/0a3429gfok/integrations/w9bcmsj""]",aws,us-east-1,978569075048,aws_cockpitprd,"{""connection_name"":""aws_cockpitprd"",""steampipe"":{""sdk_version"":""5.13.1""}}","{""connection_name"":""aws_cockpitprd"",""steampipe"":{""sdk_version"":""5.13.1""}}"
4r6ende,0a3429gfok,arn:aws:apigateway:us-east-1::/apis/0a3429gfok/integrations/4r6ende,,POST,AWS_PROXY,arn:aws:apigateway:us-east-1:lambda:path/2015-03-31/functions/arn:aws:lambda:us-east-1:978569075048:function:websocket-ping-pong/invocations,,,INTERNET,CONVERT_TO_TEXT,,,,WHEN_NO_MATCH,1.0,,29000,,,,,4r6ende,"[""arn:aws:apigateway:us-east-1::/apis/0a3429gfok/integrations/4r6ende""]",aws,us-east-1,978569075048,aws_cockpitprd,"{""connection_name"":""aws_cockpitprd"",""steampipe"":{""sdk_version"":""5.13.1""}}","{""connection_name"":""aws_cockpitprd"",""steampipe"":{""sdk_version"":""5.13.1""}}"
fhtpgta,0a3429gfok,arn:aws:apigateway:us-east-1::/apis/0a3429gfok/integrations/fhtpgta,,POST,AWS_PROXY,arn:aws:apigateway:us-east-1:lambda:path/2015-03-31/functions/arn:aws:lambda:us-east-1:978569075048:function:professionalNotifications/invocations,,,INTERNET,CONVERT_TO_TEXT,,,,WHEN_NO_MATCH,1.0,,29000,,,,,fhtpgta,"[""arn:aws:apigateway:us-east-1::/apis/0a3429gfok/integrations/fhtpgta""]",aws,us-east-1,978569075048,aws_cockpitprd,"{""connection_name"":""aws_cockpitprd"",""steampipe"":{""sdk_version"":""5.13.1""}}","{""connection_name"":""aws_cockpitprd"",""steampipe"":{""sdk_version"":""5.13.1""}}"
9t3v3u9,z8upexe9o1,arn:aws:apigateway:us-east-1::/apis/z8upexe9o1/integrations/9t3v3u9,,POST,AWS_PROXY,arn:aws:lambda:us-east-1:787345280606:function:sms-email-sender-prod-sms-email-handler,,,INTERNET,,,,,,2.0,,30000,,{},,,9t3v3u9,"[""arn:aws:apigateway:us-east-1::/apis/z8upexe9o1/integrations/9t3v3u9""]",aws,us-east-1,787345280606,aws_apppacienteprd,"{""connection_name"":""aws_apppacienteprd"",""steampipe"":{""sdk_version"":""5.13.1""}}","{""connection_name"":""aws_apppacienteprd"",""steampipe"":{""sdk_version"":""5.13.1""}}"
fxhs4l7,tbywoiirql,arn:aws:apigateway:us-east-1::/apis/tbywoiirql/integrations/fxhs4l7,,ANY,HTTP_PROXY,http://notification-nlb-f769e317704ebcf8.elb.us-east-1.amazonaws.com/{proxy},,,INTERNET,,,,,,1.0,,30000,,,,,fxhs4l7,"[""arn:aws:apigateway:us-east-1::/apis/tbywoiirql/integrations/fxhs4l7""]",aws,us-east-1,787345280606,aws_apppacienteprd,"{""connection_name"":""aws_apppacienteprd"",""steampipe"":{""sdk_version"":""5.13.1""}}","{""connection_name"":""aws_apppacienteprd"",""steampipe"":{""sdk_version"":""5.13.1""}}"
2sq83tf,xig0pd32zg,arn:aws:apigateway:sa-east-1::/apis/xig0pd32zg/integrations/2sq83tf,,POST,AWS_PROXY,arn:aws:lambda:sa-east-1:413850945308:function:atendimentoComplementoCrudServerless-prd-api,,,INTERNET,,,,,,2.0,,30000,,{},,,2sq83tf,"[""arn:aws:apigateway:sa-east-1::/apis/xig0pd32zg/integrations/2sq83tf""]",aws,sa-east-1,413850945308,aws_backbonedigitalprd,"{""connection_name"":""aws_backbonedigitalprd"",""steampipe"":{""sdk_version"":""5.13.1""}}","{""connection_name"":""aws_backbonedigitalprd"",""steampipe"":{""sdk_version"":""5.13.1""}}"
qp3vv0n,5tbexvjtad,arn:aws:apigateway:sa-east-1::/apis/5tbexvjtad/integrations/qp3vv0n,,GET,HTTP_PROXY,arn:aws:elasticloadbalancing:sa-east-1:413850945308:listener/net/a442fb6dd2d804284a442c01279af7dc/af8517d93168017d/267fdee84d1dc252,,f3joad,VPC_LINK,,,,,,1.0,,30000,,,,,qp3vv0n,"[""arn:aws:apigateway:sa-east-1::/apis/5tbexvjtad/integrations/qp3vv0n""]",aws,sa-east-1,413850945308,aws_backbonedigitalprd,"{""connection_name"":""aws_backbonedigitalprd"",""steampipe"":{""sdk_version"":""5.13.1""}}","{""connection_name"":""aws_backbonedigitalprd"",""steampipe"":{""sdk_version"":""5.13.1""}}"
6ftjlzl,5tbexvjtad,arn:aws:apigateway:sa-east-1::/apis/5tbexvjtad/integrations/6ftjlzl,,PUT,HTTP_PROXY,arn:aws:elasticloadbalancing:sa-east-1:413850945308:listener/net/a442fb6dd2d804284a442c01279af7dc/af8517d93168017d/267fdee84d1dc252,,f3joad,VPC_LINK,,,,,,1.0,,30000,,,,,6ftjlzl,"[""arn:aws:apigateway:sa-east-1::/apis/5tbexvjtad/integrations/6ftjlzl""]",aws,sa-east-1,413850945308,aws_backbonedigitalprd,"{""connection_name"":""aws_backbonedigitalprd"",""steampipe"":{""sdk_version"":""5.13.1""}}","{""connection_name"":""aws_backbonedigitalprd"",""steampipe"":{""sdk_version"":""5.13.1""}}"
rdjys4f,5tbexvjtad,arn:aws:apigateway:sa-east-1::/apis/5tbexvjtad/integrations/rdjys4f,,GET,HTTP_PROXY,https://api-plugplay.hsl.org.br/v1/patient/tasy/4918576,,,INTERNET,,,,,,1.0,,30000,"{""append:header.Channel"":""$request.header.Channel""}",,,,rdjys4f,"[""arn:aws:apigateway:sa-east-1::/apis/5tbexvjtad/integrations/rdjys4f""]",aws,sa-east-1,413850945308,aws_backbonedigitalprd,"{""connection_name"":""aws_backbonedigitalprd"",""steampipe"":{""sdk_version"":""5.13.1""}}","{""connection_name"":""aws_backbonedigitalprd"",""steampipe"":{""sdk_version"":""5.13.1""}}"
zg8uk5m,5tbexvjtad,arn:aws:apigateway:sa-east-1::/apis/5tbexvjtad/integrations/zg8uk5m,,GET,HTTP_PROXY,arn:aws:elasticloadbalancing:sa-east-1:413850945308:listener/net/a442fb6dd2d804284a442c01279af7dc/af8517d93168017d/267fdee84d1dc252,,f3joad,VPC_LINK,,,,,,1.0,,30000,,,,,zg8uk5m,"[""arn:aws:apigateway:sa-east-1::/apis/5tbexvjtad/integrations/zg8uk5m""]",aws,sa-east-1,413850945308,aws_backbonedigitalprd,"{""connection_name"":""aws_backbonedigitalprd"",""steampipe"":{""sdk_version"":""5.13.1""}}","{""connection_name"":""aws_backbonedigitalprd"",""steampipe"":{""sdk_version"":""5.13.1""}}"
5bspgng,5tbexvjtad,arn:aws:apigateway:sa-east-1::/apis/5tbexvjtad/integrations/5bspgng,,GET,HTTP_PROXY,arn:aws:elasticloadbalancing:sa-east-1:413850945308:listener/net/a442fb6dd2d804284a442c01279af7dc/af8517d93168017d/267fdee84d1dc252,,f3joad,VPC_LINK,,,,,,1.0,,30000,,,,,5bspgng,"[""arn:aws:apigateway:sa-east-1::/apis/5tbexvjtad/integrations/5bspgng""]",aws,sa-east-1,413850945308,aws_backbonedigitalprd,"{""connection_name"":""aws_backbonedigitalprd"",""steampipe"":{""sdk_version"":""5.13.1""}}","{""connection_name"":""aws_backbonedigitalprd"",""steampipe"":{""sdk_version"":""5.13.1""}}"
nz5wmff,5tbexvjtad,arn:aws:apigateway:sa-east-1::/apis/5tbexvjtad/integrations/nz5wmff,,GET,HTTP_PROXY,arn:aws:elasticloadbalancing:sa-east-1:413850945308:listener/net/a442fb6dd2d804284a442c01279af7dc/af8517d93168017d/267fdee84d1dc252,,f3joad,VPC_LINK,,,,,,1.0,,30000,,,,,nz5wmff,"[""arn:aws:apigateway:sa-east-1::/apis/5tbexvjtad/integrations/nz5wmff""]",aws,sa-east-1,413850945308,aws_backbonedigitalprd,"{""connection_name"":""aws_backbonedigitalprd"",""steampipe"":{""sdk_version"":""5.13.1""}}","{""connection_name"":""aws_backbonedigitalprd"",""steampipe"":{""sdk_version"":""5.13.1""}}"
av3peh6,5tbexvjtad,arn:aws:apigateway:sa-east-1::/apis/5tbexvjtad/integrations/av3peh6,,GET,HTTP_PROXY,arn:aws:elasticloadbalancing:sa-east-1:413850945308:listener/net/a442fb6dd2d804284a442c01279af7dc/af8517d93168017d/267fdee84d1dc252,,f3joad,VPC_LINK,,,,,,1.0,,30000,,,,,av3peh6,"[""arn:aws:apigateway:sa-east-1::/apis/5tbexvjtad/integrations/av3peh6""]",aws,sa-east-1,413850945308,aws_backbonedigitalprd,"{""connection_name"":""aws_backbonedigitalprd"",""steampipe"":{""sdk_version"":""5.13.1""}}","{""connection_name"":""aws_backbonedigitalprd"",""steampipe"":{""sdk_version"":""5.13.1""}}"
r39k6tj,5tbexvjtad,arn:aws:apigateway:sa-east-1::/apis/5tbexvjtad/integrations/r39k6tj,,POST,HTTP_PROXY,arn:aws:elasticloadbalancing:sa-east-1:413850945308:listener/net/a442fb6dd2d804284a442c01279af7dc/af8517d93168017d/267fdee84d1dc252,,f3joad,VPC_LINK,,,,,,1.0,,30000,,,,,r39k6tj,"[""arn:aws:apigateway:sa-east-1::/apis/5tbexvjtad/integrations/r39k6tj""]",aws,sa-east-1,413850945308,aws_backbonedigitalprd,"{""connection_name"":""aws_backbonedigitalprd"",""steampipe"":{""sdk_version"":""5.13.1""}}","{""connection_name"":""aws_backbonedigitalprd"",""steampipe"":{""sdk_version"":""5.13.1""}}"
bhvqzht,5tbexvjtad,arn:aws:apigateway:sa-east-1::/apis/5tbexvjtad/integrations/bhvqzht,,POST,AWS_PROXY,arn:aws:lambda:sa-east-1:413850945308:function:olaMundo,,,INTERNET,,,,,,2.0,,300,,,,,bhvqzht,"[""arn:aws:apigateway:sa-east-1::/apis/5tbexvjtad/integrations/bhvqzht""]",aws,sa-east-1,413850945308,aws_backbonedigitalprd,"{""connection_name"":""aws_backbonedigitalprd"",""steampipe"":{""sdk_version"":""5.13.1""}}","{""connection_name"":""aws_backbonedigitalprd"",""steampipe"":{""sdk_version"":""5.13.1""}}"
bbc438u,5tbexvjtad,arn:aws:apigateway:sa-east-1::/apis/5tbexvjtad/integrations/bbc438u,,GET,HTTP_PROXY,arn:aws:elasticloadbalancing:sa-east-1:413850945308:listener/net/a442fb6dd2d804284a442c01279af7dc/af8517d93168017d/267fdee84d1dc252,,f3joad,VPC_LINK,,,,,,1.0,,30000,,,,,bbc438u,"[""arn:aws:apigateway:sa-east-1::/apis/5tbexvjtad/integrations/bbc438u""]",aws,sa-east-1,413850945308,aws_backbonedigitalprd,"{""connection_name"":""aws_backbonedigitalprd"",""steampipe"":{""sdk_version"":""5.13.1""}}","{""connection_name"":""aws_backbonedigitalprd"",""steampipe"":{""sdk_version"":""5.13.1""}}"
i2dnag7,p922rqjjhc,arn:aws:apigateway:sa-east-1::/apis/p922rqjjhc/integrations/i2dnag7,,POST,AWS_PROXY,arn:aws:lambda:sa-east-1:413850945308:function:payments_notification-webhook,,,INTERNET,,,,,,2.0,,30000,,,,,i2dnag7,"[""arn:aws:apigateway:sa-east-1::/apis/p922rqjjhc/integrations/i2dnag7""]",aws,sa-east-1,413850945308,aws_backbonedigitalprd,"{""connection_name"":""aws_backbonedigitalprd"",""steampipe"":{""sdk_version"":""5.13.1""}}","{""connection_name"":""aws_backbonedigitalprd"",""steampipe"":{""sdk_version"":""5.13.1""}}"
