route_key,api_id,route_id,api_gateway_managed,api_key_required,authorization_type,authorizer_id,model_selection_expression,operation_name,route_response_selection_expression,target,authorization_scopes,request_models,request_parameters,title,akas,partition,region,account_id,sp_connection_name,sp_ctx,_ctx
POST /atendimentos,ultuq2zm3c,aasrm39,,false,CUSTOM,x3ilnp,,,,integrations/2m5e37g,,,,aasrm39,"[""arn:aws:apigateway:sa-east-1::/apis/ultuq2zm3c/routes/aasrm39""]",aws,sa-east-1,413850945308,aws_backbonedigitalprd,"{""connection_name"":""aws_backbonedigitalprd"",""steampipe"":{""sdk_version"":""5.13.1""}}","{""connection_name"":""aws_backbonedigitalprd"",""steampipe"":{""sdk_version"":""5.13.1""}}"
GET /patient/search,5tbexvjtad,ztm73td,,false,CUSTOM,dib279,,,,integrations/av3peh6,,,,ztm73td,"[""arn:aws:apigateway:sa-east-1::/apis/5tbexvjtad/routes/ztm73td""]",aws,sa-east-1,413850945308,aws_backbonedigitalprd,"{""connection_name"":""aws_backbonedigitalprd"",""steampipe"":{""sdk_version"":""5.13.1""}}","{""connection_name"":""aws_backbonedigitalprd"",""steampipe"":{""sdk_version"":""5.13.1""}}"
PUT /patient/update/{idFhir},5tbexvjtad,6d1jfct,,false,CUSTOM,dib279,,,,integrations/6ftjlzl,,,,6d1jfct,"[""arn:aws:apigateway:sa-east-1::/apis/5tbexvjtad/routes/6d1jfct""]",aws,sa-east-1,413850945308,aws_backbonedigitalprd,"{""connection_name"":""aws_backbonedigitalprd"",""steampipe"":{""sdk_version"":""5.13.1""}}","{""connection_name"":""aws_backbonedigitalprd"",""steampipe"":{""sdk_version"":""5.13.1""}}"
GET /patient/filter/passaporte,5tbexvjtad,e5v7k47,,false,CUSTOM,dib279,,,,integrations/5bspgng,,,,e5v7k47,"[""arn:aws:apigateway:sa-east-1::/apis/5tbexvjtad/routes/e5v7k47""]",aws,sa-east-1,413850945308,aws_backbonedigitalprd,"{""connection_name"":""aws_backbonedigitalprd"",""steampipe"":{""sdk_version"":""5.13.1""}}","{""connection_name"":""aws_backbonedigitalprd"",""steampipe"":{""sdk_version"":""5.13.1""}}"
GET /atendimentos/solicitante,ultuq2zm3c,fk7z2qg,,false,CUSTOM,x3ilnp,,,,integrations/zwkdej7,,,,fk7z2qg,"[""arn:aws:apigateway:sa-east-1::/apis/ultuq2zm3c/routes/fk7z2qg""]",aws,sa-east-1,413850945308,aws_backbonedigitalprd,"{""connection_name"":""aws_backbonedigitalprd"",""steampipe"":{""sdk_version"":""5.13.1""}}","{""connection_name"":""aws_backbonedigitalprd"",""steampipe"":{""sdk_version"":""5.13.1""}}"
GET /patient/filter/nomeDeprecated,5tbexvjtad,3v2uz16,,false,CUSTOM,dib279,,,,integrations/zg8uk5m,,,,3v2uz16,"[""arn:aws:apigateway:sa-east-1::/apis/5tbexvjtad/routes/3v2uz16""]",aws,sa-east-1,413850945308,aws_backbonedigitalprd,"{""connection_name"":""aws_backbonedigitalprd"",""steampipe"":{""sdk_version"":""5.13.1""}}","{""connection_name"":""aws_backbonedigitalprd"",""steampipe"":{""sdk_version"":""5.13.1""}}"
POST /patient/create,5tbexvjtad,jwc3x2a,,false,CUSTOM,dib279,,,,integrations/r39k6tj,,,,jwc3x2a,"[""arn:aws:apigateway:sa-east-1::/apis/5tbexvjtad/routes/jwc3x2a""]",aws,sa-east-1,413850945308,aws_backbonedigitalprd,"{""connection_name"":""aws_backbonedigitalprd"",""steampipe"":{""sdk_version"":""5.13.1""}}","{""connection_name"":""aws_backbonedigitalprd"",""steampipe"":{""sdk_version"":""5.13.1""}}"
GET /patient/tasy/{idTasy},5tbexvjtad,e99ygpt,,false,CUSTOM,dib279,,,,integrations/5bspgng,,,,e99ygpt,"[""arn:aws:apigateway:sa-east-1::/apis/5tbexvjtad/routes/e99ygpt""]",aws,sa-east-1,413850945308,aws_backbonedigitalprd,"{""connection_name"":""aws_backbonedigitalprd"",""steampipe"":{""sdk_version"":""5.13.1""}}","{""connection_name"":""aws_backbonedigitalprd"",""steampipe"":{""sdk_version"":""5.13.1""}}"
GET /patient/filter/buscaNome/{nome},5tbexvjtad,7vn5r8o,,false,CUSTOM,dib279,,,,integrations/bbc438u,,,,7vn5r8o,"[""arn:aws:apigateway:sa-east-1::/apis/5tbexvjtad/routes/7vn5r8o""]",aws,sa-east-1,413850945308,aws_backbonedigitalprd,"{""connection_name"":""aws_backbonedigitalprd"",""steampipe"":{""sdk_version"":""5.13.1""}}","{""connection_name"":""aws_backbonedigitalprd"",""steampipe"":{""sdk_version"":""5.13.1""}}"
GET /patient/filter/cpf,5tbexvjtad,in3uro9,,false,CUSTOM,dib279,,,,integrations/qp3vv0n,,,,in3uro9,"[""arn:aws:apigateway:sa-east-1::/apis/5tbexvjtad/routes/in3uro9""]",aws,sa-east-1,413850945308,aws_backbonedigitalprd,"{""connection_name"":""aws_backbonedigitalprd"",""steampipe"":{""sdk_version"":""5.13.1""}}","{""connection_name"":""aws_backbonedigitalprd"",""steampipe"":{""sdk_version"":""5.13.1""}}"
POST /adicionarProcedimentosOncologia,7alz3b2pmh,sf10q7i,,false,CUSTOM,cwiumc,,,,integrations/h3lyrgd,,,,sf10q7i,"[""arn:aws:apigateway:sa-east-1::/apis/7alz3b2pmh/routes/sf10q7i""]",aws,sa-east-1,413850945308,aws_backbonedigitalprd,"{""connection_name"":""aws_backbonedigitalprd"",""steampipe"":{""sdk_version"":""5.13.1""}}","{""connection_name"":""aws_backbonedigitalprd"",""steampipe"":{""sdk_version"":""5.13.1""}}"
GET /auth/sa,p922rqjjhc,rn5dczk,,false,CUSTOM,1t8il8,,,,integrations/i2dnag7,,,,rn5dczk,"[""arn:aws:apigateway:sa-east-1::/apis/p922rqjjhc/routes/rn5dczk""]",aws,sa-east-1,413850945308,aws_backbonedigitalprd,"{""connection_name"":""aws_backbonedigitalprd"",""steampipe"":{""sdk_version"":""5.13.1""}}","{""connection_name"":""aws_backbonedigitalprd"",""steampipe"":{""sdk_version"":""5.13.1""}}"
POST /patient/createandclassif,5tbexvjtad,rqt03tt,,false,CUSTOM,dib279,,,,integrations/5bspgng,,,,rqt03tt,"[""arn:aws:apigateway:sa-east-1::/apis/5tbexvjtad/routes/rqt03tt""]",aws,sa-east-1,413850945308,aws_backbonedigitalprd,"{""connection_name"":""aws_backbonedigitalprd"",""steampipe"":{""sdk_version"":""5.13.1""}}","{""connection_name"":""aws_backbonedigitalprd"",""steampipe"":{""sdk_version"":""5.13.1""}}"
POST /gravarAtendimentoOncologia,7alz3b2pmh,mvkquy2,,false,CUSTOM,cwiumc,,,,integrations/32dsd0d,,,,mvkquy2,"[""arn:aws:apigateway:sa-east-1::/apis/7alz3b2pmh/routes/mvkquy2""]",aws,sa-east-1,413850945308,aws_backbonedigitalprd,"{""connection_name"":""aws_backbonedigitalprd"",""steampipe"":{""sdk_version"":""5.13.1""}}","{""connection_name"":""aws_backbonedigitalprd"",""steampipe"":{""sdk_version"":""5.13.1""}}"
GET /patient/filter/estrangeiro,5tbexvjtad,ao1tyyd,,false,CUSTOM,dib279,,,,integrations/5bspgng,,,,ao1tyyd,"[""arn:aws:apigateway:sa-east-1::/apis/5tbexvjtad/routes/ao1tyyd""]",aws,sa-east-1,413850945308,aws_backbonedigitalprd,"{""connection_name"":""aws_backbonedigitalprd"",""steampipe"":{""sdk_version"":""5.13.1""}}","{""connection_name"":""aws_backbonedigitalprd"",""steampipe"":{""sdk_version"":""5.13.1""}}"
POST /atendimento/gravarAtendimentoOncologia,7alz3b2pmh,g6d9lc1,,false,CUSTOM,cwiumc,,,,integrations/h3lyrgd,,,,g6d9lc1,"[""arn:aws:apigateway:sa-east-1::/apis/7alz3b2pmh/routes/g6d9lc1""]",aws,sa-east-1,413850945308,aws_backbonedigitalprd,"{""connection_name"":""aws_backbonedigitalprd"",""steampipe"":{""sdk_version"":""5.13.1""}}","{""connection_name"":""aws_backbonedigitalprd"",""steampipe"":{""sdk_version"":""5.13.1""}}"
GET /patient/filter/nameandbirth,5tbexvjtad,vwr22fs,,false,CUSTOM,dib279,,,,integrations/5bspgng,,,,vwr22fs,"[""arn:aws:apigateway:sa-east-1::/apis/5tbexvjtad/routes/vwr22fs""]",aws,sa-east-1,413850945308,aws_backbonedigitalprd,"{""connection_name"":""aws_backbonedigitalprd"",""steampipe"":{""sdk_version"":""5.13.1""}}","{""connection_name"":""aws_backbonedigitalprd"",""steampipe"":{""sdk_version"":""5.13.1""}}"
POST /atendimento/adicionarProcedimentosOncologia,7alz3b2pmh,0hfhw33,,false,CUSTOM,cwiumc,,,,integrations/h3lyrgd,,,,0hfhw33,"[""arn:aws:apigateway:sa-east-1::/apis/7alz3b2pmh/routes/0hfhw33""]",aws,sa-east-1,413850945308,aws_backbonedigitalprd,"{""connection_name"":""aws_backbonedigitalprd"",""steampipe"":{""sdk_version"":""5.13.1""}}","{""connection_name"":""aws_backbonedigitalprd"",""steampipe"":{""sdk_version"":""5.13.1""}}"
GET /test/{idTasy},5tbexvjtad,g8avl3g,,false,CUSTOM,dib279,,,,integrations/5bspgng,,,,g8avl3g,"[""arn:aws:apigateway:sa-east-1::/apis/5tbexvjtad/routes/g8avl3g""]",aws,sa-east-1,413850945308,aws_backbonedigitalprd,"{""connection_name"":""aws_backbonedigitalprd"",""steampipe"":{""sdk_version"":""5.13.1""}}","{""connection_name"":""aws_backbonedigitalprd"",""steampipe"":{""sdk_version"":""5.13.1""}}"
GET /patient/{idFhir},5tbexvjtad,tsw041u,,false,CUSTOM,dib279,,,,integrations/nz5wmff,,,,tsw041u,"[""arn:aws:apigateway:sa-east-1::/apis/5tbexvjtad/routes/tsw041u""]",aws,sa-east-1,413850945308,aws_backbonedigitalprd,"{""connection_name"":""aws_backbonedigitalprd"",""steampipe"":{""sdk_version"":""5.13.1""}}","{""connection_name"":""aws_backbonedigitalprd"",""steampipe"":{""sdk_version"":""5.13.1""}}"
PUT /items,xig0pd32zg,k3wrtt4,,false,CUSTOM,fe8qtn,,,,integrations/2sq83tf,[],{},,k3wrtt4,"[""arn:aws:apigateway:sa-east-1::/apis/xig0pd32zg/routes/k3wrtt4""]",aws,sa-east-1,413850945308,aws_backbonedigitalprd,"{""connection_name"":""aws_backbonedigitalprd"",""steampipe"":{""sdk_version"":""5.13.1""}}","{""connection_name"":""aws_backbonedigitalprd"",""steampipe"":{""sdk_version"":""5.13.1""}}"
GET /items/{codEstabelecimento},xig0pd32zg,0cfuxll,,false,CUSTOM,fe8qtn,,,,integrations/2sq83tf,[],{},,0cfuxll,"[""arn:aws:apigateway:sa-east-1::/apis/xig0pd32zg/routes/0cfuxll""]",aws,sa-east-1,413850945308,aws_backbonedigitalprd,"{""connection_name"":""aws_backbonedigitalprd"",""steampipe"":{""sdk_version"":""5.13.1""}}","{""connection_name"":""aws_backbonedigitalprd"",""steampipe"":{""sdk_version"":""5.13.1""}}"
GET /items,xig0pd32zg,lma1kph,,false,CUSTOM,fe8qtn,,,,integrations/2sq83tf,[],{},,lma1kph,"[""arn:aws:apigateway:sa-east-1::/apis/xig0pd32zg/routes/lma1kph""]",aws,sa-east-1,413850945308,aws_backbonedigitalprd,"{""connection_name"":""aws_backbonedigitalprd"",""steampipe"":{""sdk_version"":""5.13.1""}}","{""connection_name"":""aws_backbonedigitalprd"",""steampipe"":{""sdk_version"":""5.13.1""}}"
GET /consultarappointmenterp,1cgsqi60x3,jyg4830,,false,CUSTOM,k62o7e,,,,,,,,jyg4830,"[""arn:aws:apigateway:sa-east-1::/apis/1cgsqi60x3/routes/jyg4830""]",aws,sa-east-1,413850945308,aws_backbonedigitalprd,"{""connection_name"":""aws_backbonedigitalprd"",""steampipe"":{""sdk_version"":""5.13.1""}}","{""connection_name"":""aws_backbonedigitalprd"",""steampipe"":{""sdk_version"":""5.13.1""}}"
GET /consultaragendamentofiltrado/{id}/{periodoInicial}/{periodoFinal},1cgsqi60x3,9nhmvim,,false,CUSTOM,k62o7e,,,,,,,,9nhmvim,"[""arn:aws:apigateway:sa-east-1::/apis/1cgsqi60x3/routes/9nhmvim""]",aws,sa-east-1,413850945308,aws_backbonedigitalprd,"{""connection_name"":""aws_backbonedigitalprd"",""steampipe"":{""sdk_version"":""5.13.1""}}","{""connection_name"":""aws_backbonedigitalprd"",""steampipe"":{""sdk_version"":""5.13.1""}}"
GET /consultaragendamento/{id},1cgsqi60x3,t5wc5kq,,false,CUSTOM,k62o7e,,,,integrations/u4f9n1u,,,,t5wc5kq,"[""arn:aws:apigateway:sa-east-1::/apis/1cgsqi60x3/routes/t5wc5kq""]",aws,sa-east-1,413850945308,aws_backbonedigitalprd,"{""connection_name"":""aws_backbonedigitalprd"",""steampipe"":{""sdk_version"":""5.13.1""}}","{""connection_name"":""aws_backbonedigitalprd"",""steampipe"":{""sdk_version"":""5.13.1""}}"
PUT /cancelaragendamento,1cgsqi60x3,gntr19i,,false,CUSTOM,k62o7e,,,,integrations/2qjsj50,,,{},gntr19i,"[""arn:aws:apigateway:sa-east-1::/apis/1cgsqi60x3/routes/gntr19i""]",aws,sa-east-1,413850945308,aws_backbonedigitalprd,"{""connection_name"":""aws_backbonedigitalprd"",""steampipe"":{""sdk_version"":""5.13.1""}}","{""connection_name"":""aws_backbonedigitalprd"",""steampipe"":{""sdk_version"":""5.13.1""}}"
GET /consulta/buscarformulario/{id},1cgsqi60x3,9l8zdgl,,false,CUSTOM,k62o7e,,,,integrations/r6ilk7d,,,,9l8zdgl,"[""arn:aws:apigateway:sa-east-1::/apis/1cgsqi60x3/routes/9l8zdgl""]",aws,sa-east-1,413850945308,aws_backbonedigitalprd,"{""connection_name"":""aws_backbonedigitalprd"",""steampipe"":{""sdk_version"":""5.13.1""}}","{""connection_name"":""aws_backbonedigitalprd"",""steampipe"":{""sdk_version"":""5.13.1""}}"
GET /consultaragendamentoporto/{id},1cgsqi60x3,k4zt3mi,,false,CUSTOM,k62o7e,,,,,,,,k4zt3mi,"[""arn:aws:apigateway:sa-east-1::/apis/1cgsqi60x3/routes/k4zt3mi""]",aws,sa-east-1,413850945308,aws_backbonedigitalprd,"{""connection_name"":""aws_backbonedigitalprd"",""steampipe"":{""sdk_version"":""5.13.1""}}","{""connection_name"":""aws_backbonedigitalprd"",""steampipe"":{""sdk_version"":""5.13.1""}}"
POST /consulta/buscar-erro-motion,1cgsqi60x3,jngp511,,false,CUSTOM,k62o7e,,,,integrations/nsojue1,,,,jngp511,"[""arn:aws:apigateway:sa-east-1::/apis/1cgsqi60x3/routes/jngp511""]",aws,sa-east-1,413850945308,aws_backbonedigitalprd,"{""connection_name"":""aws_backbonedigitalprd"",""steampipe"":{""sdk_version"":""5.13.1""}}","{""connection_name"":""aws_backbonedigitalprd"",""steampipe"":{""sdk_version"":""5.13.1""}}"
POST /consulta/buscarhorario,1cgsqi60x3,hvmqwdr,,false,CUSTOM,k62o7e,,,,integrations/nsojue1,,,,hvmqwdr,"[""arn:aws:apigateway:sa-east-1::/apis/1cgsqi60x3/routes/hvmqwdr""]",aws,sa-east-1,413850945308,aws_backbonedigitalprd,"{""connection_name"":""aws_backbonedigitalprd"",""steampipe"":{""sdk_version"":""5.13.1""}}","{""connection_name"":""aws_backbonedigitalprd"",""steampipe"":{""sdk_version"":""5.13.1""}}"
GET /consultarappointmentfhir/{id},1cgsqi60x3,d8jo4ko,,false,CUSTOM,k62o7e,,,,,,,,d8jo4ko,"[""arn:aws:apigateway:sa-east-1::/apis/1cgsqi60x3/routes/d8jo4ko""]",aws,sa-east-1,413850945308,aws_backbonedigitalprd,"{""connection_name"":""aws_backbonedigitalprd"",""steampipe"":{""sdk_version"":""5.13.1""}}","{""connection_name"":""aws_backbonedigitalprd"",""steampipe"":{""sdk_version"":""5.13.1""}}"
PUT /efetuaragendamento,1cgsqi60x3,nxwuq17,,false,CUSTOM,k62o7e,,,,integrations/2qjsj50,,,{},nxwuq17,"[""arn:aws:apigateway:sa-east-1::/apis/1cgsqi60x3/routes/nxwuq17""]",aws,sa-east-1,413850945308,aws_backbonedigitalprd,"{""connection_name"":""aws_backbonedigitalprd"",""steampipe"":{""sdk_version"":""5.13.1""}}","{""connection_name"":""aws_backbonedigitalprd"",""steampipe"":{""sdk_version"":""5.13.1""}}"
GET /buscarhorariofiltrado,1cgsqi60x3,oaytkco,,false,CUSTOM,k62o7e,,,,,,,,oaytkco,"[""arn:aws:apigateway:sa-east-1::/apis/1cgsqi60x3/routes/oaytkco""]",aws,sa-east-1,413850945308,aws_backbonedigitalprd,"{""connection_name"":""aws_backbonedigitalprd"",""steampipe"":{""sdk_version"":""5.13.1""}}","{""connection_name"":""aws_backbonedigitalprd"",""steampipe"":{""sdk_version"":""5.13.1""}}"
POST /buscarhorario,1cgsqi60x3,o1wuvo6,,false,CUSTOM,k62o7e,,,,integrations/2qjsj50,,,{},o1wuvo6,"[""arn:aws:apigateway:sa-east-1::/apis/1cgsqi60x3/routes/o1wuvo6""]",aws,sa-east-1,413850945308,aws_backbonedigitalprd,"{""connection_name"":""aws_backbonedigitalprd"",""steampipe"":{""sdk_version"":""5.13.1""}}","{""connection_name"":""aws_backbonedigitalprd"",""steampipe"":{""sdk_version"":""5.13.1""}}"
GET /consultarpatientfhir/{id},1cgsqi60x3,lwazv2j,,false,CUSTOM,k62o7e,,,,,,,,lwazv2j,"[""arn:aws:apigateway:sa-east-1::/apis/1cgsqi60x3/routes/lwazv2j""]",aws,sa-east-1,413850945308,aws_backbonedigitalprd,"{""connection_name"":""aws_backbonedigitalprd"",""steampipe"":{""sdk_version"":""5.13.1""}}","{""connection_name"":""aws_backbonedigitalprd"",""steampipe"":{""sdk_version"":""5.13.1""}}"
PUT /consulta/cancelaragendamento,1cgsqi60x3,pz1yml0,,false,CUSTOM,k62o7e,,,,integrations/mrinqic,,,,pz1yml0,"[""arn:aws:apigateway:sa-east-1::/apis/1cgsqi60x3/routes/pz1yml0""]",aws,sa-east-1,413850945308,aws_backbonedigitalprd,"{""connection_name"":""aws_backbonedigitalprd"",""steampipe"":{""sdk_version"":""5.13.1""}}","{""connection_name"":""aws_backbonedigitalprd"",""steampipe"":{""sdk_version"":""5.13.1""}}"
PUT /consulta/efetuaragendamento,1cgsqi60x3,nczryuu,,false,CUSTOM,k62o7e,,,,integrations/neku6w1,,,,nczryuu,"[""arn:aws:apigateway:sa-east-1::/apis/1cgsqi60x3/routes/nczryuu""]",aws,sa-east-1,413850945308,aws_backbonedigitalprd,"{""connection_name"":""aws_backbonedigitalprd"",""steampipe"":{""sdk_version"":""5.13.1""}}","{""connection_name"":""aws_backbonedigitalprd"",""steampipe"":{""sdk_version"":""5.13.1""}}"
GET /consulta/consultaragendamento/{id},1cgsqi60x3,s75qjz8,,false,CUSTOM,k62o7e,,,,integrations/d93v3at,,,,s75qjz8,"[""arn:aws:apigateway:sa-east-1::/apis/1cgsqi60x3/routes/s75qjz8""]",aws,sa-east-1,413850945308,aws_backbonedigitalprd,"{""connection_name"":""aws_backbonedigitalprd"",""steampipe"":{""sdk_version"":""5.13.1""}}","{""connection_name"":""aws_backbonedigitalprd"",""steampipe"":{""sdk_version"":""5.13.1""}}"
GET /consultarpractitionerfhir/{id},1cgsqi60x3,9t5m22n,,false,CUSTOM,k62o7e,,,,,,,,9t5m22n,"[""arn:aws:apigateway:sa-east-1::/apis/1cgsqi60x3/routes/9t5m22n""]",aws,sa-east-1,413850945308,aws_backbonedigitalprd,"{""connection_name"":""aws_backbonedigitalprd"",""steampipe"":{""sdk_version"":""5.13.1""}}","{""connection_name"":""aws_backbonedigitalprd"",""steampipe"":{""sdk_version"":""5.13.1""}}"
GET /consultarpatienterp/{id},1cgsqi60x3,qjqvfos,,false,CUSTOM,k62o7e,,,,,,,,qjqvfos,"[""arn:aws:apigateway:sa-east-1::/apis/1cgsqi60x3/routes/qjqvfos""]",aws,sa-east-1,413850945308,aws_backbonedigitalprd,"{""connection_name"":""aws_backbonedigitalprd"",""steampipe"":{""sdk_version"":""5.13.1""}}","{""connection_name"":""aws_backbonedigitalprd"",""steampipe"":{""sdk_version"":""5.13.1""}}"
POST /meioPagamentoAtualizaStatus,5blgkzmbg1,rx7egzp,,false,NONE,,,,,integrations/g4rc9ir,[],{},,rx7egzp,"[""arn:aws:apigateway:sa-east-1::/apis/5blgkzmbg1/routes/rx7egzp""]",aws,sa-east-1,413850945308,aws_backbonedigitalprd,"{""connection_name"":""aws_backbonedigitalprd"",""steampipe"":{""sdk_version"":""5.13.1""}}","{""connection_name"":""aws_backbonedigitalprd"",""steampipe"":{""sdk_version"":""5.13.1""}}"
POST /meioPagamentoGerarLinkFaculdade,5blgkzmbg1,17r8lw5,,false,NONE,,,,,integrations/nkbtket,[],{},,17r8lw5,"[""arn:aws:apigateway:sa-east-1::/apis/5blgkzmbg1/routes/17r8lw5""]",aws,sa-east-1,413850945308,aws_backbonedigitalprd,"{""connection_name"":""aws_backbonedigitalprd"",""steampipe"":{""sdk_version"":""5.13.1""}}","{""connection_name"":""aws_backbonedigitalprd"",""steampipe"":{""sdk_version"":""5.13.1""}}"
GET /meioPagamentoBaixaSap,5blgkzmbg1,zc9b0b9,,false,NONE,,,,,integrations/t7i2hj3,[],{},,zc9b0b9,"[""arn:aws:apigateway:sa-east-1::/apis/5blgkzmbg1/routes/zc9b0b9""]",aws,sa-east-1,413850945308,aws_backbonedigitalprd,"{""connection_name"":""aws_backbonedigitalprd"",""steampipe"":{""sdk_version"":""5.13.1""}}","{""connection_name"":""aws_backbonedigitalprd"",""steampipe"":{""sdk_version"":""5.13.1""}}"
PUT /meioPagamentoAtualizarLink/{idLinkPagamento},5blgkzmbg1,eof1l22,,false,NONE,,,,,integrations/4gi006o,[],{},,eof1l22,"[""arn:aws:apigateway:sa-east-1::/apis/5blgkzmbg1/routes/eof1l22""]",aws,sa-east-1,413850945308,aws_backbonedigitalprd,"{""connection_name"":""aws_backbonedigitalprd"",""steampipe"":{""sdk_version"":""5.13.1""}}","{""connection_name"":""aws_backbonedigitalprd"",""steampipe"":{""sdk_version"":""5.13.1""}}"
GET /meioPagamentoVerificaStatus,5blgkzmbg1,u2s9u51,,false,NONE,,,,,integrations/xff0x32,[],{},,u2s9u51,"[""arn:aws:apigateway:sa-east-1::/apis/5blgkzmbg1/routes/u2s9u51""]",aws,sa-east-1,413850945308,aws_backbonedigitalprd,"{""connection_name"":""aws_backbonedigitalprd"",""steampipe"":{""sdk_version"":""5.13.1""}}","{""connection_name"":""aws_backbonedigitalprd"",""steampipe"":{""sdk_version"":""5.13.1""}}"
POST /meioPagamentoBaixaSapFaculdade,5blgkzmbg1,vrr352d,,false,NONE,,,,,integrations/7pjrmbb,[],{},,vrr352d,"[""arn:aws:apigateway:sa-east-1::/apis/5blgkzmbg1/routes/vrr352d""]",aws,sa-east-1,413850945308,aws_backbonedigitalprd,"{""connection_name"":""aws_backbonedigitalprd"",""steampipe"":{""sdk_version"":""5.13.1""}}","{""connection_name"":""aws_backbonedigitalprd"",""steampipe"":{""sdk_version"":""5.13.1""}}"
POST /meioPagamentoGerarLink,5blgkzmbg1,yotmqgd,,false,NONE,,,,,integrations/08eocod,[],{},,yotmqgd,"[""arn:aws:apigateway:sa-east-1::/apis/5blgkzmbg1/routes/yotmqgd""]",aws,sa-east-1,413850945308,aws_backbonedigitalprd,"{""connection_name"":""aws_backbonedigitalprd"",""steampipe"":{""sdk_version"":""5.13.1""}}","{""connection_name"":""aws_backbonedigitalprd"",""steampipe"":{""sdk_version"":""5.13.1""}}"
GET /consultaPagamento/{idLinkPagamento},lom29q18ab,tmxxyr2,,false,CUSTOM,mdk4jj,,,,integrations/pkn4cvn,,,,tmxxyr2,"[""arn:aws:apigateway:sa-east-1::/apis/lom29q18ab/routes/tmxxyr2""]",aws,sa-east-1,413850945308,aws_backbonedigitalprd,"{""connection_name"":""aws_backbonedigitalprd"",""steampipe"":{""sdk_version"":""5.13.1""}}","{""connection_name"":""aws_backbonedigitalprd"",""steampipe"":{""sdk_version"":""5.13.1""}}"
POST /v2/link-pagamento,lom29q18ab,yppl342,,false,CUSTOM,mdk4jj,,,,integrations/pkn4cvn,,,,yppl342,"[""arn:aws:apigateway:sa-east-1::/apis/lom29q18ab/routes/yppl342""]",aws,sa-east-1,413850945308,aws_backbonedigitalprd,"{""connection_name"":""aws_backbonedigitalprd"",""steampipe"":{""sdk_version"":""5.13.1""}}","{""connection_name"":""aws_backbonedigitalprd"",""steampipe"":{""sdk_version"":""5.13.1""}}"
ANY /teste,lom29q18ab,98tz4vf,,false,NONE,,,,,,,,,98tz4vf,"[""arn:aws:apigateway:sa-east-1::/apis/lom29q18ab/routes/98tz4vf""]",aws,sa-east-1,413850945308,aws_backbonedigitalprd,"{""connection_name"":""aws_backbonedigitalprd"",""steampipe"":{""sdk_version"":""5.13.1""}}","{""connection_name"":""aws_backbonedigitalprd"",""steampipe"":{""sdk_version"":""5.13.1""}}"
PUT /atualizarLink/{idLinkPagamento},lom29q18ab,wky3tkh,,false,CUSTOM,mdk4jj,,,,integrations/pkn4cvn,,,,wky3tkh,"[""arn:aws:apigateway:sa-east-1::/apis/lom29q18ab/routes/wky3tkh""]",aws,sa-east-1,413850945308,aws_backbonedigitalprd,"{""connection_name"":""aws_backbonedigitalprd"",""steampipe"":{""sdk_version"":""5.13.1""}}","{""connection_name"":""aws_backbonedigitalprd"",""steampipe"":{""sdk_version"":""5.13.1""}}"
POST /gerarLink,lom29q18ab,7n3dz1j,,false,CUSTOM,mdk4jj,,,,integrations/pkn4cvn,,,,7n3dz1j,"[""arn:aws:apigateway:sa-east-1::/apis/lom29q18ab/routes/7n3dz1j""]",aws,sa-east-1,413850945308,aws_backbonedigitalprd,"{""connection_name"":""aws_backbonedigitalprd"",""steampipe"":{""sdk_version"":""5.13.1""}}","{""connection_name"":""aws_backbonedigitalprd"",""steampipe"":{""sdk_version"":""5.13.1""}}"
POST /faculdade/titulo-financeiro/adiantamento,lom29q18ab,tewt59i,,false,CUSTOM,mdk4jj,,,,integrations/pkn4cvn,,,,tewt59i,"[""arn:aws:apigateway:sa-east-1::/apis/lom29q18ab/routes/tewt59i""]",aws,sa-east-1,413850945308,aws_backbonedigitalprd,"{""connection_name"":""aws_backbonedigitalprd"",""steampipe"":{""sdk_version"":""5.13.1""}}","{""connection_name"":""aws_backbonedigitalprd"",""steampipe"":{""sdk_version"":""5.13.1""}}"
POST /faculdade/link-pagamento,lom29q18ab,68grdlb,,false,CUSTOM,mdk4jj,,,,integrations/pkn4cvn,,,,68grdlb,"[""arn:aws:apigateway:sa-east-1::/apis/lom29q18ab/routes/68grdlb""]",aws,sa-east-1,413850945308,aws_backbonedigitalprd,"{""connection_name"":""aws_backbonedigitalprd"",""steampipe"":{""sdk_version"":""5.13.1""}}","{""connection_name"":""aws_backbonedigitalprd"",""steampipe"":{""sdk_version"":""5.13.1""}}"
GET /healthcheck,lom29q18ab,ukqzxgc,,false,NONE,,,,,integrations/pkn4cvn,,,,ukqzxgc,"[""arn:aws:apigateway:sa-east-1::/apis/lom29q18ab/routes/ukqzxgc""]",aws,sa-east-1,413850945308,aws_backbonedigitalprd,"{""connection_name"":""aws_backbonedigitalprd"",""steampipe"":{""sdk_version"":""5.13.1""}}","{""connection_name"":""aws_backbonedigitalprd"",""steampipe"":{""sdk_version"":""5.13.1""}}"
GET /practitioner/rede/user,8qrolkeoo1,t77jrfj,,false,CUSTOM,d37m4h,,,,integrations/3nt1nzj,,,{},t77jrfj,"[""arn:aws:apigateway:sa-east-1::/apis/8qrolkeoo1/routes/t77jrfj""]",aws,sa-east-1,413850945308,aws_backbonedigitalprd,"{""connection_name"":""aws_backbonedigitalprd"",""steampipe"":{""sdk_version"":""5.13.1""}}","{""connection_name"":""aws_backbonedigitalprd"",""steampipe"":{""sdk_version"":""5.13.1""}}"
GET /practitioner/buscaNome,8qrolkeoo1,tbx10kn,,false,CUSTOM,d37m4h,,,,integrations/3jk8bx1,,,,tbx10kn,"[""arn:aws:apigateway:sa-east-1::/apis/8qrolkeoo1/routes/tbx10kn""]",aws,sa-east-1,413850945308,aws_backbonedigitalprd,"{""connection_name"":""aws_backbonedigitalprd"",""steampipe"":{""sdk_version"":""5.13.1""}}","{""connection_name"":""aws_backbonedigitalprd"",""steampipe"":{""sdk_version"":""5.13.1""}}"
GET /practitioner/cbo,8qrolkeoo1,w3k5pvf,,false,CUSTOM,d37m4h,,,,integrations/mhvywfn,,,,w3k5pvf,"[""arn:aws:apigateway:sa-east-1::/apis/8qrolkeoo1/routes/w3k5pvf""]",aws,sa-east-1,413850945308,aws_backbonedigitalprd,"{""connection_name"":""aws_backbonedigitalprd"",""steampipe"":{""sdk_version"":""5.13.1""}}","{""connection_name"":""aws_backbonedigitalprd"",""steampipe"":{""sdk_version"":""5.13.1""}}"
GET /test,8qrolkeoo1,4frxw8p,,false,CUSTOM,d37m4h,,,,integrations/2w007u5,,,,4frxw8p,"[""arn:aws:apigateway:sa-east-1::/apis/8qrolkeoo1/routes/4frxw8p""]",aws,sa-east-1,413850945308,aws_backbonedigitalprd,"{""connection_name"":""aws_backbonedigitalprd"",""steampipe"":{""sdk_version"":""5.13.1""}}","{""connection_name"":""aws_backbonedigitalprd"",""steampipe"":{""sdk_version"":""5.13.1""}}"
GET /practitioner/cpffinal,8qrolkeoo1,jahzvv6,,false,CUSTOM,d37m4h,,,,integrations/3ibbxj0,,,,jahzvv6,"[""arn:aws:apigateway:sa-east-1::/apis/8qrolkeoo1/routes/jahzvv6""]",aws,sa-east-1,413850945308,aws_backbonedigitalprd,"{""connection_name"":""aws_backbonedigitalprd"",""steampipe"":{""sdk_version"":""5.13.1""}}","{""connection_name"":""aws_backbonedigitalprd"",""steampipe"":{""sdk_version"":""5.13.1""}}"
GET /practitioner/nome,8qrolkeoo1,uphftfp,,false,CUSTOM,d37m4h,,,,integrations/vkz6wsm,,,,uphftfp,"[""arn:aws:apigateway:sa-east-1::/apis/8qrolkeoo1/routes/uphftfp""]",aws,sa-east-1,413850945308,aws_backbonedigitalprd,"{""connection_name"":""aws_backbonedigitalprd"",""steampipe"":{""sdk_version"":""5.13.1""}}","{""connection_name"":""aws_backbonedigitalprd"",""steampipe"":{""sdk_version"":""5.13.1""}}"
GET /practitioner/especialidade,8qrolkeoo1,po3ekti,,false,CUSTOM,d37m4h,,,,integrations/9wt09dt,,,,po3ekti,"[""arn:aws:apigateway:sa-east-1::/apis/8qrolkeoo1/routes/po3ekti""]",aws,sa-east-1,413850945308,aws_backbonedigitalprd,"{""connection_name"":""aws_backbonedigitalprd"",""steampipe"":{""sdk_version"":""5.13.1""}}","{""connection_name"":""aws_backbonedigitalprd"",""steampipe"":{""sdk_version"":""5.13.1""}}"
GET /practitioner/nomeDeprecated,8qrolkeoo1,myf9hb1,,false,CUSTOM,d37m4h,,,,integrations/6xi4on9,,,,myf9hb1,"[""arn:aws:apigateway:sa-east-1::/apis/8qrolkeoo1/routes/myf9hb1""]",aws,sa-east-1,413850945308,aws_backbonedigitalprd,"{""connection_name"":""aws_backbonedigitalprd"",""steampipe"":{""sdk_version"":""5.13.1""}}","{""connection_name"":""aws_backbonedigitalprd"",""steampipe"":{""sdk_version"":""5.13.1""}}"
GET /practitioner/usuarioHSL,8qrolkeoo1,jm29a3o,,false,CUSTOM,d37m4h,,,,integrations/yq1q73u,,,,jm29a3o,"[""arn:aws:apigateway:sa-east-1::/apis/8qrolkeoo1/routes/jm29a3o""]",aws,sa-east-1,413850945308,aws_backbonedigitalprd,"{""connection_name"":""aws_backbonedigitalprd"",""steampipe"":{""sdk_version"":""5.13.1""}}","{""connection_name"":""aws_backbonedigitalprd"",""steampipe"":{""sdk_version"":""5.13.1""}}"
GET /practitioner/cpf,8qrolkeoo1,tbfyi9c,,false,CUSTOM,d37m4h,,,,integrations/nex0rkh,,,,tbfyi9c,"[""arn:aws:apigateway:sa-east-1::/apis/8qrolkeoo1/routes/tbfyi9c""]",aws,sa-east-1,413850945308,aws_backbonedigitalprd,"{""connection_name"":""aws_backbonedigitalprd"",""steampipe"":{""sdk_version"":""5.13.1""}}","{""connection_name"":""aws_backbonedigitalprd"",""steampipe"":{""sdk_version"":""5.13.1""}}"
GET /practitioner,8qrolkeoo1,unvmafv,,false,CUSTOM,d37m4h,,,,integrations/2w007u5,,,{},unvmafv,"[""arn:aws:apigateway:sa-east-1::/apis/8qrolkeoo1/routes/unvmafv""]",aws,sa-east-1,413850945308,aws_backbonedigitalprd,"{""connection_name"":""aws_backbonedigitalprd"",""steampipe"":{""sdk_version"":""5.13.1""}}","{""connection_name"":""aws_backbonedigitalprd"",""steampipe"":{""sdk_version"":""5.13.1""}}"
GET /practitioner/nomeEspecialidade,8qrolkeoo1,p0bh5cs,,false,CUSTOM,d37m4h,,,,integrations/7fh1p6g,,,,p0bh5cs,"[""arn:aws:apigateway:sa-east-1::/apis/8qrolkeoo1/routes/p0bh5cs""]",aws,sa-east-1,413850945308,aws_backbonedigitalprd,"{""connection_name"":""aws_backbonedigitalprd"",""steampipe"":{""sdk_version"":""5.13.1""}}","{""connection_name"":""aws_backbonedigitalprd"",""steampipe"":{""sdk_version"":""5.13.1""}}"
GET /practitioner/numeroconselhouf/{numeroconselho}/{uf},8qrolkeoo1,lf0cof7,,false,CUSTOM,d37m4h,,,,integrations/i2krfsn,,,,lf0cof7,"[""arn:aws:apigateway:sa-east-1::/apis/8qrolkeoo1/routes/lf0cof7""]",aws,sa-east-1,413850945308,aws_backbonedigitalprd,"{""connection_name"":""aws_backbonedigitalprd"",""steampipe"":{""sdk_version"":""5.13.1""}}","{""connection_name"":""aws_backbonedigitalprd"",""steampipe"":{""sdk_version"":""5.13.1""}}"
GET /practitioner/erp/{id_tasy},8qrolkeoo1,o38gldp,,false,CUSTOM,d37m4h,,,,integrations/zfk93w1,,,{},o38gldp,"[""arn:aws:apigateway:sa-east-1::/apis/8qrolkeoo1/routes/o38gldp""]",aws,sa-east-1,413850945308,aws_backbonedigitalprd,"{""connection_name"":""aws_backbonedigitalprd"",""steampipe"":{""sdk_version"":""5.13.1""}}","{""connection_name"":""aws_backbonedigitalprd"",""steampipe"":{""sdk_version"":""5.13.1""}}"
GET /test-auth,8qrolkeoo1,ugur100,,false,CUSTOM,d37m4h,,,,integrations/2w007u5,,,,ugur100,"[""arn:aws:apigateway:sa-east-1::/apis/8qrolkeoo1/routes/ugur100""]",aws,sa-east-1,413850945308,aws_backbonedigitalprd,"{""connection_name"":""aws_backbonedigitalprd"",""steampipe"":{""sdk_version"":""5.13.1""}}","{""connection_name"":""aws_backbonedigitalprd"",""steampipe"":{""sdk_version"":""5.13.1""}}"
POST /encounter/create,szo9hxfrb0,2neif2e,,false,CUSTOM,2hm6sf,,,,integrations/slyltz3,[],,{},2neif2e,"[""arn:aws:apigateway:sa-east-1::/apis/szo9hxfrb0/routes/2neif2e""]",aws,sa-east-1,413850945308,aws_backbonedigitalprd,"{""connection_name"":""aws_backbonedigitalprd"",""steampipe"":{""sdk_version"":""5.13.1""}}","{""connection_name"":""aws_backbonedigitalprd"",""steampipe"":{""sdk_version"":""5.13.1""}}"
GET /encounter,szo9hxfrb0,r5zjus0,,false,CUSTOM,2hm6sf,,,,integrations/eqktrc6,,,{},r5zjus0,"[""arn:aws:apigateway:sa-east-1::/apis/szo9hxfrb0/routes/r5zjus0""]",aws,sa-east-1,413850945308,aws_backbonedigitalprd,"{""connection_name"":""aws_backbonedigitalprd"",""steampipe"":{""sdk_version"":""5.13.1""}}","{""connection_name"":""aws_backbonedigitalprd"",""steampipe"":{""sdk_version"":""5.13.1""}}"
PUT /encounter/update/{idFhir},szo9hxfrb0,rmll8r6,,false,CUSTOM,2hm6sf,,,,integrations/jc43lk7,[],,{},rmll8r6,"[""arn:aws:apigateway:sa-east-1::/apis/szo9hxfrb0/routes/rmll8r6""]",aws,sa-east-1,413850945308,aws_backbonedigitalprd,"{""connection_name"":""aws_backbonedigitalprd"",""steampipe"":{""sdk_version"":""5.13.1""}}","{""connection_name"":""aws_backbonedigitalprd"",""steampipe"":{""sdk_version"":""5.13.1""}}"
ANY /{proxy+},tbywoiirql,ps7ynd4,,false,NONE,,,,,integrations/fxhs4l7,[],,{},ps7ynd4,"[""arn:aws:apigateway:us-east-1::/apis/tbywoiirql/routes/ps7ynd4""]",aws,us-east-1,787345280606,aws_apppacienteprd,"{""connection_name"":""aws_apppacienteprd"",""steampipe"":{""sdk_version"":""5.13.1""}}","{""connection_name"":""aws_apppacienteprd"",""steampipe"":{""sdk_version"":""5.13.1""}}"
POST /sms-email-handler,z8upexe9o1,y9odfgd,,false,NONE,,,,,integrations/9t3v3u9,[],{},,y9odfgd,"[""arn:aws:apigateway:us-east-1::/apis/z8upexe9o1/routes/y9odfgd""]",aws,us-east-1,787345280606,aws_apppacienteprd,"{""connection_name"":""aws_apppacienteprd"",""steampipe"":{""sdk_version"":""5.13.1""}}","{""connection_name"":""aws_apppacienteprd"",""steampipe"":{""sdk_version"":""5.13.1""}}"
openVideoRoom,6513rbn0zk,a3yk87b,,false,NONE,,,,,integrations/pd4ewnm,,,,a3yk87b,"[""arn:aws:apigateway:us-east-1::/apis/6513rbn0zk/routes/a3yk87b""]",aws,us-east-1,978569075048,aws_cockpitprd,"{""connection_name"":""aws_cockpitprd"",""steampipe"":{""sdk_version"":""5.13.1""}}","{""connection_name"":""aws_cockpitprd"",""steampipe"":{""sdk_version"":""5.13.1""}}"
ping,5fkxceqzpk,v96dtup,,false,NONE,,,,,integrations/c5yg4up,,,,v96dtup,"[""arn:aws:apigateway:us-east-1::/apis/5fkxceqzpk/routes/v96dtup""]",aws,us-east-1,978569075048,aws_cockpitprd,"{""connection_name"":""aws_cockpitprd"",""steampipe"":{""sdk_version"":""5.13.1""}}","{""connection_name"":""aws_cockpitprd"",""steampipe"":{""sdk_version"":""5.13.1""}}"
pong,6513rbn0zk,rvfdsza,,false,NONE,,,,,integrations/yj4mrm7,,,,rvfdsza,"[""arn:aws:apigateway:us-east-1::/apis/6513rbn0zk/routes/rvfdsza""]",aws,us-east-1,978569075048,aws_cockpitprd,"{""connection_name"":""aws_cockpitprd"",""steampipe"":{""sdk_version"":""5.13.1""}}","{""connection_name"":""aws_cockpitprd"",""steampipe"":{""sdk_version"":""5.13.1""}}"
$connect,5fkxceqzpk,07e38nm,,false,NONE,,,,,integrations/lbgrrie,,,,07e38nm,"[""arn:aws:apigateway:us-east-1::/apis/5fkxceqzpk/routes/07e38nm""]",aws,us-east-1,978569075048,aws_cockpitprd,"{""connection_name"":""aws_cockpitprd"",""steampipe"":{""sdk_version"":""5.13.1""}}","{""connection_name"":""aws_cockpitprd"",""steampipe"":{""sdk_version"":""5.13.1""}}"
$connect,6513rbn0zk,8t0b2r7,,false,NONE,,,,,integrations/lys53cg,,,,8t0b2r7,"[""arn:aws:apigateway:us-east-1::/apis/6513rbn0zk/routes/8t0b2r7""]",aws,us-east-1,978569075048,aws_cockpitprd,"{""connection_name"":""aws_cockpitprd"",""steampipe"":{""sdk_version"":""5.13.1""}}","{""connection_name"":""aws_cockpitprd"",""steampipe"":{""sdk_version"":""5.13.1""}}"
pong,5fkxceqzpk,5ofcctf,,false,NONE,,,,,integrations/dksxn6n,,,,5ofcctf,"[""arn:aws:apigateway:us-east-1::/apis/5fkxceqzpk/routes/5ofcctf""]",aws,us-east-1,978569075048,aws_cockpitprd,"{""connection_name"":""aws_cockpitprd"",""steampipe"":{""sdk_version"":""5.13.1""}}","{""connection_name"":""aws_cockpitprd"",""steampipe"":{""sdk_version"":""5.13.1""}}"
$default,5fkxceqzpk,keu5m4c,,false,NONE,,,,,integrations/3dfamzu,,,,keu5m4c,"[""arn:aws:apigateway:us-east-1::/apis/5fkxceqzpk/routes/keu5m4c""]",aws,us-east-1,978569075048,aws_cockpitprd,"{""connection_name"":""aws_cockpitprd"",""steampipe"":{""sdk_version"":""5.13.1""}}","{""connection_name"":""aws_cockpitprd"",""steampipe"":{""sdk_version"":""5.13.1""}}"
closeVideoRoom,6513rbn0zk,j2e87gj,,false,NONE,,,,,integrations/7a634ya,,,,j2e87gj,"[""arn:aws:apigateway:us-east-1::/apis/6513rbn0zk/routes/j2e87gj""]",aws,us-east-1,978569075048,aws_cockpitprd,"{""connection_name"":""aws_cockpitprd"",""steampipe"":{""sdk_version"":""5.13.1""}}","{""connection_name"":""aws_cockpitprd"",""steampipe"":{""sdk_version"":""5.13.1""}}"
queueAmountUpdate,5fkxceqzpk,gy9xzf8,,false,NONE,,,,,integrations/r03131r,,,,gy9xzf8,"[""arn:aws:apigateway:us-east-1::/apis/5fkxceqzpk/routes/gy9xzf8""]",aws,us-east-1,978569075048,aws_cockpitprd,"{""connection_name"":""aws_cockpitprd"",""steampipe"":{""sdk_version"":""5.13.1""}}","{""connection_name"":""aws_cockpitprd"",""steampipe"":{""sdk_version"":""5.13.1""}}"
removeVideoRoom,6513rbn0zk,5cexoil,,false,NONE,,,,,integrations/9mkvd95,,,,5cexoil,"[""arn:aws:apigateway:us-east-1::/apis/6513rbn0zk/routes/5cexoil""]",aws,us-east-1,978569075048,aws_cockpitprd,"{""connection_name"":""aws_cockpitprd"",""steampipe"":{""sdk_version"":""5.13.1""}}","{""connection_name"":""aws_cockpitprd"",""steampipe"":{""sdk_version"":""5.13.1""}}"
$default,6513rbn0zk,gxdgfgo,,false,NONE,,,,,integrations/yedksqm,,,,gxdgfgo,"[""arn:aws:apigateway:us-east-1::/apis/6513rbn0zk/routes/gxdgfgo""]",aws,us-east-1,978569075048,aws_cockpitprd,"{""connection_name"":""aws_cockpitprd"",""steampipe"":{""sdk_version"":""5.13.1""}}","{""connection_name"":""aws_cockpitprd"",""steampipe"":{""sdk_version"":""5.13.1""}}"
authenticator,6513rbn0zk,9o0z3m7,,false,NONE,,,,,integrations/b6kgo9f,,,,9o0z3m7,"[""arn:aws:apigateway:us-east-1::/apis/6513rbn0zk/routes/9o0z3m7""]",aws,us-east-1,978569075048,aws_cockpitprd,"{""connection_name"":""aws_cockpitprd"",""steampipe"":{""sdk_version"":""5.13.1""}}","{""connection_name"":""aws_cockpitprd"",""steampipe"":{""sdk_version"":""5.13.1""}}"
$disconnect,5fkxceqzpk,5tnvb74,,false,NONE,,,,,integrations/lvtibn9,,,,5tnvb74,"[""arn:aws:apigateway:us-east-1::/apis/5fkxceqzpk/routes/5tnvb74""]",aws,us-east-1,978569075048,aws_cockpitprd,"{""connection_name"":""aws_cockpitprd"",""steampipe"":{""sdk_version"":""5.13.1""}}","{""connection_name"":""aws_cockpitprd"",""steampipe"":{""sdk_version"":""5.13.1""}}"
$disconnect,6513rbn0zk,oyr7217,,false,NONE,,,,,integrations/k1gy6io,,,,oyr7217,"[""arn:aws:apigateway:us-east-1::/apis/6513rbn0zk/routes/oyr7217""]",aws,us-east-1,978569075048,aws_cockpitprd,"{""connection_name"":""aws_cockpitprd"",""steampipe"":{""sdk_version"":""5.13.1""}}","{""connection_name"":""aws_cockpitprd"",""steampipe"":{""sdk_version"":""5.13.1""}}"
removeDisconnectedPatients,bvkwl4wbm2,xt0ence,,false,NONE,,,,,integrations/mdqzx9v,,,,xt0ence,"[""arn:aws:apigateway:us-east-1::/apis/bvkwl4wbm2/routes/xt0ence""]",aws,us-east-1,978569075048,aws_cockpitprd,"{""connection_name"":""aws_cockpitprd"",""steampipe"":{""sdk_version"":""5.13.1""}}","{""connection_name"":""aws_cockpitprd"",""steampipe"":{""sdk_version"":""5.13.1""}}"
startCareValidate,bvkwl4wbm2,i94hae4,,false,NONE,,,,,integrations/n0q5jnc,,,,i94hae4,"[""arn:aws:apigateway:us-east-1::/apis/bvkwl4wbm2/routes/i94hae4""]",aws,us-east-1,978569075048,aws_cockpitprd,"{""connection_name"":""aws_cockpitprd"",""steampipe"":{""sdk_version"":""5.13.1""}}","{""connection_name"":""aws_cockpitprd"",""steampipe"":{""sdk_version"":""5.13.1""}}"
insertPatientToQueue,bvkwl4wbm2,eqt7p6r,,false,NONE,,,,,integrations/cprcx0v,,,,eqt7p6r,"[""arn:aws:apigateway:us-east-1::/apis/bvkwl4wbm2/routes/eqt7p6r""]",aws,us-east-1,978569075048,aws_cockpitprd,"{""connection_name"":""aws_cockpitprd"",""steampipe"":{""sdk_version"":""5.13.1""}}","{""connection_name"":""aws_cockpitprd"",""steampipe"":{""sdk_version"":""5.13.1""}}"
setAttendantToWaiting,bvkwl4wbm2,5jz7wc5,,false,NONE,,,,,integrations/gznig3p,,,,5jz7wc5,"[""arn:aws:apigateway:us-east-1::/apis/bvkwl4wbm2/routes/5jz7wc5""]",aws,us-east-1,978569075048,aws_cockpitprd,"{""connection_name"":""aws_cockpitprd"",""steampipe"":{""sdk_version"":""5.13.1""}}","{""connection_name"":""aws_cockpitprd"",""steampipe"":{""sdk_version"":""5.13.1""}}"
finishCare,bvkwl4wbm2,lj5abub,,false,NONE,,,,,integrations/kb8cdte,,,,lj5abub,"[""arn:aws:apigateway:us-east-1::/apis/bvkwl4wbm2/routes/lj5abub""]",aws,us-east-1,978569075048,aws_cockpitprd,"{""connection_name"":""aws_cockpitprd"",""steampipe"":{""sdk_version"":""5.13.1""}}","{""connection_name"":""aws_cockpitprd"",""steampipe"":{""sdk_version"":""5.13.1""}}"
$connect,bvkwl4wbm2,kyjxtpi,,false,NONE,,,,,integrations/83jeh6g,,,,kyjxtpi,"[""arn:aws:apigateway:us-east-1::/apis/bvkwl4wbm2/routes/kyjxtpi""]",aws,us-east-1,978569075048,aws_cockpitprd,"{""connection_name"":""aws_cockpitprd"",""steampipe"":{""sdk_version"":""5.13.1""}}","{""connection_name"":""aws_cockpitprd"",""steampipe"":{""sdk_version"":""5.13.1""}}"
showAvailableProfessionals,bvkwl4wbm2,hqvzwst,,false,NONE,,,,,integrations/gqlrp2b,,,,hqvzwst,"[""arn:aws:apigateway:us-east-1::/apis/bvkwl4wbm2/routes/hqvzwst""]",aws,us-east-1,978569075048,aws_cockpitprd,"{""connection_name"":""aws_cockpitprd"",""steampipe"":{""sdk_version"":""5.13.1""}}","{""connection_name"":""aws_cockpitprd"",""steampipe"":{""sdk_version"":""5.13.1""}}"
insertUserIdToConnection,bvkwl4wbm2,xao0ke8,,false,NONE,,,,,integrations/wwhyyi8,,,,xao0ke8,"[""arn:aws:apigateway:us-east-1::/apis/bvkwl4wbm2/routes/xao0ke8""]",aws,us-east-1,978569075048,aws_cockpitprd,"{""connection_name"":""aws_cockpitprd"",""steampipe"":{""sdk_version"":""5.13.1""}}","{""connection_name"":""aws_cockpitprd"",""steampipe"":{""sdk_version"":""5.13.1""}}"
$default,bvkwl4wbm2,viizss7,,false,NONE,,,,,integrations/8725pzq,,,,viizss7,"[""arn:aws:apigateway:us-east-1::/apis/bvkwl4wbm2/routes/viizss7""]",aws,us-east-1,978569075048,aws_cockpitprd,"{""connection_name"":""aws_cockpitprd"",""steampipe"":{""sdk_version"":""5.13.1""}}","{""connection_name"":""aws_cockpitprd"",""steampipe"":{""sdk_version"":""5.13.1""}}"
pong,bvkwl4wbm2,ifc5m3l,,false,NONE,,,,,integrations/ykowumc,,,,ifc5m3l,"[""arn:aws:apigateway:us-east-1::/apis/bvkwl4wbm2/routes/ifc5m3l""]",aws,us-east-1,978569075048,aws_cockpitprd,"{""connection_name"":""aws_cockpitprd"",""steampipe"":{""sdk_version"":""5.13.1""}}","{""connection_name"":""aws_cockpitprd"",""steampipe"":{""sdk_version"":""5.13.1""}}"
startCare,bvkwl4wbm2,5sog0lj,,false,NONE,,,,,integrations/641vi13,,,,5sog0lj,"[""arn:aws:apigateway:us-east-1::/apis/bvkwl4wbm2/routes/5sog0lj""]",aws,us-east-1,978569075048,aws_cockpitprd,"{""connection_name"":""aws_cockpitprd"",""steampipe"":{""sdk_version"":""5.13.1""}}","{""connection_name"":""aws_cockpitprd"",""steampipe"":{""sdk_version"":""5.13.1""}}"
ping,bvkwl4wbm2,ms7z57q,,false,NONE,,,,,integrations/eb4such,,,,ms7z57q,"[""arn:aws:apigateway:us-east-1::/apis/bvkwl4wbm2/routes/ms7z57q""]",aws,us-east-1,978569075048,aws_cockpitprd,"{""connection_name"":""aws_cockpitprd"",""steampipe"":{""sdk_version"":""5.13.1""}}","{""connection_name"":""aws_cockpitprd"",""steampipe"":{""sdk_version"":""5.13.1""}}"
$disconnect,bvkwl4wbm2,44ocysr,,false,NONE,,,,,integrations/h9zguzg,,,,44ocysr,"[""arn:aws:apigateway:us-east-1::/apis/bvkwl4wbm2/routes/44ocysr""]",aws,us-east-1,978569075048,aws_cockpitprd,"{""connection_name"":""aws_cockpitprd"",""steampipe"":{""sdk_version"":""5.13.1""}}","{""connection_name"":""aws_cockpitprd"",""steampipe"":{""sdk_version"":""5.13.1""}}"
transferDirectCare,bvkwl4wbm2,9ainjnf,,false,NONE,,,,,integrations/qk9xf36,,,,9ainjnf,"[""arn:aws:apigateway:us-east-1::/apis/bvkwl4wbm2/routes/9ainjnf""]",aws,us-east-1,978569075048,aws_cockpitprd,"{""connection_name"":""aws_cockpitprd"",""steampipe"":{""sdk_version"":""5.13.1""}}","{""connection_name"":""aws_cockpitprd"",""steampipe"":{""sdk_version"":""5.13.1""}}"
queueUpdate,bvkwl4wbm2,hudb3j9,,false,NONE,,,,,integrations/sjvdsz3,,,,hudb3j9,"[""arn:aws:apigateway:us-east-1::/apis/bvkwl4wbm2/routes/hudb3j9""]",aws,us-east-1,978569075048,aws_cockpitprd,"{""connection_name"":""aws_cockpitprd"",""steampipe"":{""sdk_version"":""5.13.1""}}","{""connection_name"":""aws_cockpitprd"",""steampipe"":{""sdk_version"":""5.13.1""}}"
transferCare,bvkwl4wbm2,ktubfqm,,false,NONE,,,,,integrations/qum8tib,,,,ktubfqm,"[""arn:aws:apigateway:us-east-1::/apis/bvkwl4wbm2/routes/ktubfqm""]",aws,us-east-1,978569075048,aws_cockpitprd,"{""connection_name"":""aws_cockpitprd"",""steampipe"":{""sdk_version"":""5.13.1""}}","{""connection_name"":""aws_cockpitprd"",""steampipe"":{""sdk_version"":""5.13.1""}}"
$default,0a3429gfok,ghlxa15,,false,NONE,,,,$default,integrations/a5y9fa0,,,,ghlxa15,"[""arn:aws:apigateway:us-east-1::/apis/0a3429gfok/routes/ghlxa15""]",aws,us-east-1,978569075048,aws_cockpitprd,"{""connection_name"":""aws_cockpitprd"",""steampipe"":{""sdk_version"":""5.13.1""}}","{""connection_name"":""aws_cockpitprd"",""steampipe"":{""sdk_version"":""5.13.1""}}"
pong,0a3429gfok,4en6o0a,,false,NONE,,,,,integrations/4r6ende,,,,4en6o0a,"[""arn:aws:apigateway:us-east-1::/apis/0a3429gfok/routes/4en6o0a""]",aws,us-east-1,978569075048,aws_cockpitprd,"{""connection_name"":""aws_cockpitprd"",""steampipe"":{""sdk_version"":""5.13.1""}}","{""connection_name"":""aws_cockpitprd"",""steampipe"":{""sdk_version"":""5.13.1""}}"
$connect,0a3429gfok,6l1rap2,,false,NONE,,,,$default,integrations/w9bcmsj,,,,6l1rap2,"[""arn:aws:apigateway:us-east-1::/apis/0a3429gfok/routes/6l1rap2""]",aws,us-east-1,978569075048,aws_cockpitprd,"{""connection_name"":""aws_cockpitprd"",""steampipe"":{""sdk_version"":""5.13.1""}}","{""connection_name"":""aws_cockpitprd"",""steampipe"":{""sdk_version"":""5.13.1""}}"
authenticator,0a3429gfok,t41pk55,,false,NONE,,,,$default,integrations/4kzhgag,,,,t41pk55,"[""arn:aws:apigateway:us-east-1::/apis/0a3429gfok/routes/t41pk55""]",aws,us-east-1,978569075048,aws_cockpitprd,"{""connection_name"":""aws_cockpitprd"",""steampipe"":{""sdk_version"":""5.13.1""}}","{""connection_name"":""aws_cockpitprd"",""steampipe"":{""sdk_version"":""5.13.1""}}"
$disconnect,0a3429gfok,sumi6vj,,false,NONE,,,,$default,integrations/1pj3ck0,,,,sumi6vj,"[""arn:aws:apigateway:us-east-1::/apis/0a3429gfok/routes/sumi6vj""]",aws,us-east-1,978569075048,aws_cockpitprd,"{""connection_name"":""aws_cockpitprd"",""steampipe"":{""sdk_version"":""5.13.1""}}","{""connection_name"":""aws_cockpitprd"",""steampipe"":{""sdk_version"":""5.13.1""}}"
startedConsultation,0a3429gfok,dx1kau5,,false,NONE,,,,$default,integrations/fhtpgta,,,,dx1kau5,"[""arn:aws:apigateway:us-east-1::/apis/0a3429gfok/routes/dx1kau5""]",aws,us-east-1,978569075048,aws_cockpitprd,"{""connection_name"":""aws_cockpitprd"",""steampipe"":{""sdk_version"":""5.13.1""}}","{""connection_name"":""aws_cockpitprd"",""steampipe"":{""sdk_version"":""5.13.1""}}"
$disconnect,e0nwoywf35,u5t32v1,,false,NONE,,,,$default,integrations/paztofd,,,,u5t32v1,"[""arn:aws:apigateway:us-east-1::/apis/e0nwoywf35/routes/u5t32v1""]",aws,us-east-1,978569075048,aws_cockpitprd,"{""connection_name"":""aws_cockpitprd"",""steampipe"":{""sdk_version"":""5.13.1""}}","{""connection_name"":""aws_cockpitprd"",""steampipe"":{""sdk_version"":""5.13.1""}}"
$default,e0nwoywf35,gi9kvy1,,false,NONE,,,,$default,integrations/xa0sn6o,,,,gi9kvy1,"[""arn:aws:apigateway:us-east-1::/apis/e0nwoywf35/routes/gi9kvy1""]",aws,us-east-1,978569075048,aws_cockpitprd,"{""connection_name"":""aws_cockpitprd"",""steampipe"":{""sdk_version"":""5.13.1""}}","{""connection_name"":""aws_cockpitprd"",""steampipe"":{""sdk_version"":""5.13.1""}}"
subscribe,e0nwoywf35,g389v97,,false,NONE,,,,$default,integrations/p3tu728,,,,g389v97,"[""arn:aws:apigateway:us-east-1::/apis/e0nwoywf35/routes/g389v97""]",aws,us-east-1,978569075048,aws_cockpitprd,"{""connection_name"":""aws_cockpitprd"",""steampipe"":{""sdk_version"":""5.13.1""}}","{""connection_name"":""aws_cockpitprd"",""steampipe"":{""sdk_version"":""5.13.1""}}"
$connect,e0nwoywf35,mo2mreb,,false,NONE,,,,$default,integrations/5mjnuvo,,,,mo2mreb,"[""arn:aws:apigateway:us-east-1::/apis/e0nwoywf35/routes/mo2mreb""]",aws,us-east-1,978569075048,aws_cockpitprd,"{""connection_name"":""aws_cockpitprd"",""steampipe"":{""sdk_version"":""5.13.1""}}","{""connection_name"":""aws_cockpitprd"",""steampipe"":{""sdk_version"":""5.13.1""}}"
