name,api_id,root_resource_id,version,api_key_source,created_date,description,minimum_compression_size,policy,policy_std,binary_media_types,endpoint_configuration_types,endpoint_configuration_vpc_endpoint_ids,api_status,api_status_message,disable_execute_api_endpoint,endpoint_access_mode,security_policy,warnings,tags,title,akas,partition,region,account_id,sp_connection_name,sp_ctx,_ctx
Link de Agendamento (Schedule API),ky2hth1lh4,rvqi2pilr3,,HEADER,2025-05-06T18:41:53-03:00,API responsável por gerenciar os agendamentos,,,,,"[""EDGE""]",,AVAILABLE,,false,,TLS_1_0,,"{""hsl:operation:map-at"":""2025-07-31 05:00:43"",""hsl:product"":""plugplay"",""hsl:product:app"":""schedule-api"",""hsl:product:env"":""production"",""hsl:product:nature"":""operation"",""hsl:security:access"":""private"",""hsl:security:data"":""has-sensitive"",""hsl:security:data:type"":""patient"",""hsl:squad:responsible"":""plugplay"",""map-migrated"":""d-server-02rouei8domo00""}",Link de Agendamento (Schedule API),"[""arn:aws:apigateway:sa-east-1::/restapis/ky2hth1lh4""]",aws,sa-east-1,413850945308,aws_backbonedigitalprd,"{""connection_name"":""aws_backbonedigitalprd"",""steampipe"":{""sdk_version"":""5.13.1""}}","{""connection_name"":""aws_backbonedigitalprd"",""steampipe"":{""sdk_version"":""5.13.1""}}"
Tasy API (tasy-update-api),2b5kujq59h,0w013xpgsd,,HEADER,2025-05-06T17:50:30-03:00,Serve a API Tasy EKS: tasy-update-api,,,,,"[""EDGE""]",,AVAILABLE,,false,,TLS_1_0,,"{""hsl:operation:map-at"":""2025-09-13 05:00:40"",""hsl:product"":""plugplay"",""hsl:product:app"":""tasy-update-api"",""hsl:product:env"":""production"",""hsl:product:nature"":""operation"",""hsl:security:access"":""private"",""hsl:security:data"":""has-sensitive"",""hsl:security:data:type"":""patient"",""hsl:squad:responsible"":""plugplay"",""map-migrated"":""d-server-02rouei8domo00""}",Tasy API (tasy-update-api),"[""arn:aws:apigateway:sa-east-1::/restapis/2b5kujq59h""]",aws,sa-east-1,413850945308,aws_backbonedigitalprd,"{""connection_name"":""aws_backbonedigitalprd"",""steampipe"":{""sdk_version"":""5.13.1""}}","{""connection_name"":""aws_backbonedigitalprd"",""steampipe"":{""sdk_version"":""5.13.1""}}"
Ensino_EAD,2pix47omib,odjl7gamac,,HEADER,2025-09-09T15:54:25-03:00,API responsável por buscar e publicar usuários no Kafka,,,,,"[""EDGE""]",,AVAILABLE,,false,,TLS_1_0,,"{""hsl:operation:map-at"":""2025-11-25 05:00:41"",""hsl:product"":""plugplay"",""hsl:product:app"":""plugplay-ensino-ead-api"",""hsl:product:env"":""production"",""hsl:product:nature"":""operation"",""hsl:security:access"":""private"",""hsl:security:data"":""has-sensitive"",""hsl:security:data:type"":""personal"",""hsl:squad:responsible"":""plugplay"",""map-migrated"":""d-server-02rouei8domo00""}",Ensino_EAD,"[""arn:aws:apigateway:sa-east-1::/restapis/2pix47omib""]",aws,sa-east-1,413850945308,aws_backbonedigitalprd,"{""connection_name"":""aws_backbonedigitalprd"",""steampipe"":{""sdk_version"":""5.13.1""}}","{""connection_name"":""aws_backbonedigitalprd"",""steampipe"":{""sdk_version"":""5.13.1""}}"
domain,dzddu75xgk,0ygmruzpwe,2022-12-21T16:19:08Z,HEADER,2023-03-23T18:19:30-03:00,,,,,,"[""REGIONAL""]",,AVAILABLE,,false,,TLS_1_0,,,domain,"[""arn:aws:apigateway:sa-east-1::/restapis/dzddu75xgk""]",aws,sa-east-1,413850945308,aws_backbonedigitalprd,"{""connection_name"":""aws_backbonedigitalprd"",""steampipe"":{""sdk_version"":""5.13.1""}}","{""connection_name"":""aws_backbonedigitalprd"",""steampipe"":{""sdk_version"":""5.13.1""}}"
conversorPacienteLambda,09yzyiwfs1,ph4gaftgof,,HEADER,2024-04-23T16:49:49-03:00,,,,,,"[""REGIONAL""]",,AVAILABLE,,false,,TLS_1_0,,,conversorPacienteLambda,"[""arn:aws:apigateway:sa-east-1::/restapis/09yzyiwfs1""]",aws,sa-east-1,413850945308,aws_backbonedigitalprd,"{""connection_name"":""aws_backbonedigitalprd"",""steampipe"":{""sdk_version"":""5.13.1""}}","{""connection_name"":""aws_backbonedigitalprd"",""steampipe"":{""sdk_version"":""5.13.1""}}"
API especialista Saúde POP,sucr4xpis2,2c2b6mjia0,,HEADER,2025-12-09T14:26:08-03:00,API especialista saude populacional,,,,,"[""REGIONAL""]",,AVAILABLE,,false,,TLS_1_0,,"{""hsl:operation:map-at"":""2025-12-18 05:00:40"",""hsl:product"":""plugplay"",""hsl:product:app"":""api-especialista-saude-populacional"",""hsl:product:env"":""production"",""hsl:product:nature"":""operation"",""hsl:security:access"":""private"",""hsl:security:data"":""has-sensitive"",""hsl:security:data:type"":""saude-pop"",""hsl:squad:responsible"":""plugplay"",""map-migrated"":""d-server-02rouei8domo00""}",API especialista Saúde POP,"[""arn:aws:apigateway:sa-east-1::/restapis/sucr4xpis2""]",aws,sa-east-1,413850945308,aws_backbonedigitalprd,"{""connection_name"":""aws_backbonedigitalprd"",""steampipe"":{""sdk_version"":""5.13.1""}}","{""connection_name"":""aws_backbonedigitalprd"",""steampipe"":{""sdk_version"":""5.13.1""}}"
Telemedicina,akvflxksjb,gmz4qoqr18,,HEADER,2025-04-10T15:55:27-03:00,API responsável criação de salas de telemedicina,,,,,"[""REGIONAL""]",,AVAILABLE,,false,,TLS_1_0,,,Telemedicina,"[""arn:aws:apigateway:sa-east-1::/restapis/akvflxksjb""]",aws,sa-east-1,413850945308,aws_backbonedigitalprd,"{""connection_name"":""aws_backbonedigitalprd"",""steampipe"":{""sdk_version"":""5.13.1""}}","{""connection_name"":""aws_backbonedigitalprd"",""steampipe"":{""sdk_version"":""5.13.1""}}"
Agendamento API,auy8vulk88,r6r7kp7590,,HEADER,2024-12-18T16:50:17-03:00,API responsável por gerenciar os agendamentos,,,,,"[""EDGE""]",,AVAILABLE,,false,,TLS_1_0,,"{""hsl:operation:map-at"":""2025-12-09 05:00:41"",""hsl:product"":""plugplay"",""hsl:product:app"":""agendamento"",""hsl:product:env"":""production"",""hsl:product:nature"":""operation"",""hsl:security:access"":""private"",""hsl:security:data"":""has-sensitive"",""hsl:security:data:type"":""patient"",""hsl:squad:responsible"":""plugplay"",""map-migrated"":""d-server-02rouei8domo00""}",Agendamento API,"[""arn:aws:apigateway:sa-east-1::/restapis/auy8vulk88""]",aws,sa-east-1,413850945308,aws_backbonedigitalprd,"{""connection_name"":""aws_backbonedigitalprd"",""steampipe"":{""sdk_version"":""5.13.1""}}","{""connection_name"":""aws_backbonedigitalprd"",""steampipe"":{""sdk_version"":""5.13.1""}}"
Profissional (practitioner API),eh7fotxjx6,apkuu26okb,,HEADER,2025-04-28T15:22:39-03:00,Serve a API Professional EKS: plugplay-professional-api,,,,,"[""REGIONAL""]",,AVAILABLE,,false,,TLS_1_0,,"{""hsl:operation:map-at"":""2025-04-30 05:00:39"",""hsl:product"":""plugplay"",""hsl:product:app"":""professional-api"",""hsl:product:env"":""production"",""hsl:product:nature"":""operation"",""hsl:security:access"":""private"",""hsl:security:data"":""has-sensitive"",""hsl:security:data:type"":""patient"",""hsl:squad:responsible"":""plugplay"",""map-migrated"":""d-server-02rouei8domo00""}",Profissional (practitioner API),"[""arn:aws:apigateway:sa-east-1::/restapis/eh7fotxjx6""]",aws,sa-east-1,413850945308,aws_backbonedigitalprd,"{""connection_name"":""aws_backbonedigitalprd"",""steampipe"":{""sdk_version"":""5.13.1""}}","{""connection_name"":""aws_backbonedigitalprd"",""steampipe"":{""sdk_version"":""5.13.1""}}"
Elegibilidade,069oqmei8a,sj50dlxor1,,HEADER,2025-04-28T17:16:14-03:00,Responsável por gerenciar a elegibilidade do cliente,,,,,"[""REGIONAL""]",,AVAILABLE,,false,,TLS_1_0,,"{""hsl:operation:map-at"":""2025-04-30 05:00:39"",""hsl:product"":""plugplay"",""hsl:product:app"":""plugplay-elegibilidade"",""hsl:product:env"":""development"",""hsl:product:nature"":""operation"",""hsl:security:access"":""private"",""hsl:security:data"":""has-sensitive"",""hsl:security:data:type"":""patient"",""hsl:squad:responsible"":""plugplay"",""map-migrated"":""d-server-02rouei8domo00""}",Elegibilidade,"[""arn:aws:apigateway:sa-east-1::/restapis/069oqmei8a""]",aws,sa-east-1,413850945308,aws_backbonedigitalprd,"{""connection_name"":""aws_backbonedigitalprd"",""steampipe"":{""sdk_version"":""5.13.1""}}","{""connection_name"":""aws_backbonedigitalprd"",""steampipe"":{""sdk_version"":""5.13.1""}}"
Token API,4tej87l4b9,lbez2cwyf7,,HEADER,2025-07-24T15:05:12-03:00,API responsável por gerenciar os tokens,,,,,"[""REGIONAL""]",,AVAILABLE,,false,,TLS_1_0,,"{""hsl:operation:map-at"":""2025-12-11 05:00:40"",""hsl:product"":""plugplay"",""hsl:product:app"":""bp-gerenciador-tokens"",""hsl:product:env"":""production"",""hsl:product:nature"":""operation"",""hsl:security:access"":""private"",""hsl:security:data"":""has-sensitive"",""hsl:security:data:type"":""patient"",""hsl:squad:responsible"":""plugplay"",""map-migrated"":""d-server-02rouei8domo00""}",Token API,"[""arn:aws:apigateway:sa-east-1::/restapis/4tej87l4b9""]",aws,sa-east-1,413850945308,aws_backbonedigitalprd,"{""connection_name"":""aws_backbonedigitalprd"",""steampipe"":{""sdk_version"":""5.13.1""}}","{""connection_name"":""aws_backbonedigitalprd"",""steampipe"":{""sdk_version"":""5.13.1""}}"
motion-api,8uo1ki7gt1,5he3ehdi1k,,HEADER,2025-05-19T14:49:49-03:00,API responsável para iniciar troubleshoot de registros,,,,,"[""EDGE""]",,AVAILABLE,,false,,TLS_1_0,,,motion-api,"[""arn:aws:apigateway:sa-east-1::/restapis/8uo1ki7gt1""]",aws,sa-east-1,413850945308,aws_backbonedigitalprd,"{""connection_name"":""aws_backbonedigitalprd"",""steampipe"":{""sdk_version"":""5.13.1""}}","{""connection_name"":""aws_backbonedigitalprd"",""steampipe"":{""sdk_version"":""5.13.1""}}"
receita-digital-webhook,z2xy3oux67,gqbehbs9jb,,HEADER,2024-09-19T18:49:58-03:00,API responsável pelos assuntos de integração de dados da Receita Digital (MEVO) via WebHook,,,,,"[""REGIONAL""]",,AVAILABLE,,false,,TLS_1_0,,,receita-digital-webhook,"[""arn:aws:apigateway:sa-east-1::/restapis/z2xy3oux67""]",aws,sa-east-1,413850945308,aws_backbonedigitalprd,"{""connection_name"":""aws_backbonedigitalprd"",""steampipe"":{""sdk_version"":""5.13.1""}}","{""connection_name"":""aws_backbonedigitalprd"",""steampipe"":{""sdk_version"":""5.13.1""}}"
Bp Link Pagamento API,50ppsgd3lg,g468rd9s7e,,HEADER,2025-05-13T11:47:21-03:00,API responsável por gerenciar status de link de pagamento,,,,,"[""EDGE""]",,AVAILABLE,,false,,TLS_1_0,,"{""hsl:operation:map-at"":""2025-09-03 05:00:46"",""hsl:product"":""plugplay"",""hsl:product:app"":""integrainfo"",""hsl:product:env"":""production"",""hsl:product:nature"":""operation"",""hsl:security:access"":""private"",""hsl:security:data"":""has-sensitive"",""hsl:security:data:type"":""patient"",""hsl:squad:responsible"":""plugplay"",""map-migrated"":""d-server-02rouei8domo00""}",Bp Link Pagamento API,"[""arn:aws:apigateway:sa-east-1::/restapis/50ppsgd3lg""]",aws,sa-east-1,413850945308,aws_backbonedigitalprd,"{""connection_name"":""aws_backbonedigitalprd"",""steampipe"":{""sdk_version"":""5.13.1""}}","{""connection_name"":""aws_backbonedigitalprd"",""steampipe"":{""sdk_version"":""5.13.1""}}"
TeleAtendimento Gerador Sala prod,8nv375xfni,lat58sppf6,,HEADER,2023-01-12T12:07:36-03:00,,,,,,"[""EDGE""]",,AVAILABLE,,false,,TLS_1_0,,"{""STAGE"":""prod"",""aws:cloudformation:logical-id"":""ApiGatewayRestApi"",""aws:cloudformation:stack-id"":""arn:aws:cloudformation:sa-east-1:413850945308:stack/sirio-gerador-sala-prod/b6f0f420-928a-11ed-8500-0ac9166dd6f6"",""aws:cloudformation:stack-name"":""sirio-gerador-sala-prod"",""hsl:operation:map-at"":""2023-01-13 05:00:33"",""map-migrated"":""d-server-02rouei8domo00""}",TeleAtendimento Gerador Sala prod,"[""arn:aws:apigateway:sa-east-1::/restapis/8nv375xfni""]",aws,sa-east-1,413850945308,aws_backbonedigitalprd,"{""connection_name"":""aws_backbonedigitalprd"",""steampipe"":{""sdk_version"":""5.13.1""}}","{""connection_name"":""aws_backbonedigitalprd"",""steampipe"":{""sdk_version"":""5.13.1""}}"
Conversão Paciente API,n71ix09maa,co3vw757j5,,HEADER,2025-04-10T16:48:10-03:00,API para conversão de dados do paciente entre FHIR e ERP,,,,,"[""REGIONAL""]",,AVAILABLE,,false,,TLS_1_0,,,Conversão Paciente API,"[""arn:aws:apigateway:sa-east-1::/restapis/n71ix09maa""]",aws,sa-east-1,413850945308,aws_backbonedigitalprd,"{""connection_name"":""aws_backbonedigitalprd"",""steampipe"":{""sdk_version"":""5.13.1""}}","{""connection_name"":""aws_backbonedigitalprd"",""steampipe"":{""sdk_version"":""5.13.1""}}"
Link de Pagamento (Payments API),cfeuzl83hh,2t9e3h0s5f,,HEADER,2025-07-29T12:30:39-03:00,API responsável por gerenciar os pagamentos via Link de Pagamento,,,,,"[""EDGE""]",,AVAILABLE,,false,,TLS_1_0,,"{""hsl:operation:map-at"":""2025-11-04 05:00:40"",""hsl:product"":""plugplay"",""hsl:product:app"":""payments-api"",""hsl:product:env"":""production"",""hsl:product:nature"":""operation"",""hsl:security:access"":""private"",""hsl:security:data"":""has-sensitive"",""hsl:security:data:type"":""patient"",""hsl:squad:responsible"":""plugplay"",""map-migrated"":""d-server-02rouei8domo00""}",Link de Pagamento (Payments API),"[""arn:aws:apigateway:sa-east-1::/restapis/cfeuzl83hh""]",aws,sa-east-1,413850945308,aws_backbonedigitalprd,"{""connection_name"":""aws_backbonedigitalprd"",""steampipe"":{""sdk_version"":""5.13.1""}}","{""connection_name"":""aws_backbonedigitalprd"",""steampipe"":{""sdk_version"":""5.13.1""}}"
Atendimento Complemento,yw3ab3t68i,7oh8wktl1m,,HEADER,2025-05-06T18:58:29-03:00,Responsável por atendimento,,,,,"[""EDGE""]",,AVAILABLE,,false,,TLS_1_0,,"{""hsl:operation:map-at"":""2025-05-08 05:00:39"",""hsl:product"":""plugplay"",""hsl:product:app"":""plugplay-atendimento-complemento"",""hsl:product:env"":""development"",""hsl:product:nature"":""operation"",""hsl:security:access"":""private"",""hsl:security:data"":""has-sensitive"",""hsl:security:data:type"":""atendimento-complemento"",""hsl:squad:responsible"":""plugplay"",""map-migrated"":""d-server-02rouei8domo00""}",Atendimento Complemento,"[""arn:aws:apigateway:sa-east-1::/restapis/yw3ab3t68i""]",aws,sa-east-1,413850945308,aws_backbonedigitalprd,"{""connection_name"":""aws_backbonedigitalprd"",""steampipe"":{""sdk_version"":""5.13.1""}}","{""connection_name"":""aws_backbonedigitalprd"",""steampipe"":{""sdk_version"":""5.13.1""}}"
Pagamentos,sbmn8vw5m7,yepai4t2a9,,HEADER,2024-12-09T15:39:38-03:00,API responsável pelo recebimento e processamento de transações de pagamento,,,,,"[""EDGE""]",,AVAILABLE,,false,,TLS_1_0,,,Pagamentos,"[""arn:aws:apigateway:sa-east-1::/restapis/sbmn8vw5m7""]",aws,sa-east-1,413850945308,aws_backbonedigitalprd,"{""connection_name"":""aws_backbonedigitalprd"",""steampipe"":{""sdk_version"":""5.13.1""}}","{""connection_name"":""aws_backbonedigitalprd"",""steampipe"":{""sdk_version"":""5.13.1""}}"
bp-paciente,8jp7iyhj6c,opve1dlh9d,,HEADER,2024-10-09T16:21:42-03:00,API responsável para troubleshoot de pacientes,,,,,"[""REGIONAL""]",,AVAILABLE,,false,,TLS_1_0,,,bp-paciente,"[""arn:aws:apigateway:sa-east-1::/restapis/8jp7iyhj6c""]",aws,sa-east-1,413850945308,aws_backbonedigitalprd,"{""connection_name"":""aws_backbonedigitalprd"",""steampipe"":{""sdk_version"":""5.13.1""}}","{""connection_name"":""aws_backbonedigitalprd"",""steampipe"":{""sdk_version"":""5.13.1""}}"
BP Kafka Ensino EAD API,2i6zzjp2b3,vd6a6wpojl,,HEADER,2025-09-09T16:16:05-03:00,API do BP Kafka Ensino EAD,,,,,"[""REGIONAL""]",,AVAILABLE,,false,,TLS_1_0,,"{""hsl:operation:map-at"":""2025-10-29 05:00:42"",""hsl:product"":""plugplay"",""hsl:product:app"":""bp-kafka-to-db_ensino-ead"",""hsl:product:env"":""production"",""hsl:product:nature"":""operation"",""hsl:security:access"":""private"",""hsl:security:data"":""has-sensitive"",""hsl:security:data:type"":""mocks"",""hsl:squad:responsible"":""plugplay"",""map-migrated"":""d-server-02rouei8domo00""}",BP Kafka Ensino EAD API,"[""arn:aws:apigateway:sa-east-1::/restapis/2i6zzjp2b3""]",aws,sa-east-1,413850945308,aws_backbonedigitalprd,"{""connection_name"":""aws_backbonedigitalprd"",""steampipe"":{""sdk_version"":""5.13.1""}}","{""connection_name"":""aws_backbonedigitalprd"",""steampipe"":{""sdk_version"":""5.13.1""}}"
bp-tasy-fhirworks-profissional,3rwfwqfnbj,r8txh5b5w0,,HEADER,2024-12-04T15:26:00-03:00,API responsável para iniciar troubleshoot de registros,,,,,"[""EDGE""]",,AVAILABLE,,false,,TLS_1_0,,,bp-tasy-fhirworks-profissional,"[""arn:aws:apigateway:sa-east-1::/restapis/3rwfwqfnbj""]",aws,sa-east-1,413850945308,aws_backbonedigitalprd,"{""connection_name"":""aws_backbonedigitalprd"",""steampipe"":{""sdk_version"":""5.13.1""}}","{""connection_name"":""aws_backbonedigitalprd"",""steampipe"":{""sdk_version"":""5.13.1""}}"
Paciente API,of5l7ybsnd,kz1h1rt8el,,HEADER,2024-12-19T15:59:05-03:00,API responsável por gerenciar os pacientes,,,,,"[""REGIONAL""]",,AVAILABLE,,false,,TLS_1_0,,"{""hsl:operation:map-at"":""2025-12-11 05:00:40"",""hsl:product"":""plugplay"",""hsl:product:app"":""paciente"",""hsl:product:env"":""production"",""hsl:product:nature"":""operation"",""hsl:security:access"":""private"",""hsl:security:data"":""has-sensitive"",""hsl:security:data:type"":""patient"",""hsl:squad:responsible"":""plugplay"",""map-migrated"":""d-server-02rouei8domo00""}",Paciente API,"[""arn:aws:apigateway:sa-east-1::/restapis/of5l7ybsnd""]",aws,sa-east-1,413850945308,aws_backbonedigitalprd,"{""connection_name"":""aws_backbonedigitalprd"",""steampipe"":{""sdk_version"":""5.13.1""}}","{""connection_name"":""aws_backbonedigitalprd"",""steampipe"":{""sdk_version"":""5.13.1""}}"
prd-sirio-sala-video-backend,4lxdmpmtvg,d9ydxtxye4,,HEADER,2022-12-08T22:31:24-03:00,,,,,,"[""EDGE""]",,AVAILABLE,,false,,TLS_1_0,,"{""STAGE"":""prd"",""hsl:operation:map-at"":""2022-12-09 05:00:34"",""map-migrated"":""d-server-02rouei8domo00""}",prd-sirio-sala-video-backend,"[""arn:aws:apigateway:sa-east-1::/restapis/4lxdmpmtvg""]",aws,sa-east-1,413850945308,aws_backbonedigitalprd,"{""connection_name"":""aws_backbonedigitalprd"",""steampipe"":{""sdk_version"":""5.13.1""}}","{""connection_name"":""aws_backbonedigitalprd"",""steampipe"":{""sdk_version"":""5.13.1""}}"
subscription,rpaxs14dmc,h305a8cl4l,2022-10-27T12:19:10Z,HEADER,2022-12-05T14:58:32-03:00,,,,,,"[""REGIONAL""]",,AVAILABLE,,false,,TLS_1_0,,,subscription,"[""arn:aws:apigateway:sa-east-1::/restapis/rpaxs14dmc""]",aws,sa-east-1,413850945308,aws_backbonedigitalprd,"{""connection_name"":""aws_backbonedigitalprd"",""steampipe"":{""sdk_version"":""5.13.1""}}","{""connection_name"":""aws_backbonedigitalprd"",""steampipe"":{""sdk_version"":""5.13.1""}}"
Ensino,czp4qsvr2i,br9nuvyrl6,,HEADER,2025-01-22T16:55:34-03:00,API responsável pelo controle de alunos,,,,,"[""EDGE""]",,AVAILABLE,,false,,TLS_1_0,,,Ensino,"[""arn:aws:apigateway:sa-east-1::/restapis/czp4qsvr2i""]",aws,sa-east-1,413850945308,aws_backbonedigitalprd,"{""connection_name"":""aws_backbonedigitalprd"",""steampipe"":{""sdk_version"":""5.13.1""}}","{""connection_name"":""aws_backbonedigitalprd"",""steampipe"":{""sdk_version"":""5.13.1""}}"
Ocr API,u71yta3o2g,45ljty2ixd,,HEADER,2025-07-24T17:12:43-03:00,API para operações relacionadas a OCR,,,,,"[""REGIONAL""]",,AVAILABLE,,false,,TLS_1_0,,"{""hsl:operation:map-at"":""2025-11-12 05:00:41"",""hsl:product"":""plugplay"",""hsl:product:app"":""ocr"",""hsl:product:env"":""production"",""hsl:product:nature"":""operation"",""hsl:security:access"":""private"",""hsl:security:data"":""has-sensitive"",""hsl:security:data:type"":""patient"",""hsl:squad:responsible"":""plugplay"",""map-migrated"":""d-server-02rouei8domo00""}",Ocr API,"[""arn:aws:apigateway:sa-east-1::/restapis/u71yta3o2g""]",aws,sa-east-1,413850945308,aws_backbonedigitalprd,"{""connection_name"":""aws_backbonedigitalprd"",""steampipe"":{""sdk_version"":""5.13.1""}}","{""connection_name"":""aws_backbonedigitalprd"",""steampipe"":{""sdk_version"":""5.13.1""}}"
prd-fhir-service,dm05mbmqx5,qcq77sjuwi,,HEADER,2022-12-06T17:06:43-03:00,,,,,,"[""EDGE""]",,AVAILABLE,,false,,TLS_1_0,,"{""FHIR_SERVICE"":""fhir-service-sa-east-1-prd"",""STAGE"":""prd"",""aws:cloudformation:logical-id"":""ApiGatewayRestApi"",""aws:cloudformation:stack-id"":""arn:aws:cloudformation:sa-east-1:413850945308:stack/fhir-service-prd/61ab3cb0-75a1-11ed-8028-0a71147bf99a"",""aws:cloudformation:stack-name"":""fhir-service-prd"",""hsl:operation:map-at"":""2022-12-07 05:00:33"",""map-migrated"":""d-server-02rouei8domo00""}",prd-fhir-service,"[""arn:aws:apigateway:sa-east-1::/restapis/dm05mbmqx5""]",aws,sa-east-1,413850945308,aws_backbonedigitalprd,"{""connection_name"":""aws_backbonedigitalprd"",""steampipe"":{""sdk_version"":""5.13.1""}}","{""connection_name"":""aws_backbonedigitalprd"",""steampipe"":{""sdk_version"":""5.13.1""}}"
Api Test,uj4n95hc3h,i61glwlqaf,,HEADER,2025-03-24T11:31:47-03:00,API Para testes P&P,,,,,"[""REGIONAL""]",,AVAILABLE,,false,,TLS_1_0,,,Api Test,"[""arn:aws:apigateway:sa-east-1::/restapis/uj4n95hc3h""]",aws,sa-east-1,413850945308,aws_backbonedigitalprd,"{""connection_name"":""aws_backbonedigitalprd"",""steampipe"":{""sdk_version"":""5.13.1""}}","{""connection_name"":""aws_backbonedigitalprd"",""steampipe"":{""sdk_version"":""5.13.1""}}"
API de Paciente V2,9m653iw6da,bvam83oln6,,HEADER,2025-06-02T17:07:17-03:00,API responsável por gerenciar os pacientes,,,,,"[""EDGE""]",,AVAILABLE,,false,,TLS_1_0,,"{""hsl:operation:map-at"":""2025-07-31 05:00:43"",""hsl:product"":""plugplay"",""hsl:product:app"":""paciente"",""hsl:product:env"":""production"",""hsl:product:nature"":""operation"",""hsl:security:access"":""private"",""hsl:security:data"":""has-sensitive"",""hsl:security:data:type"":""paciente"",""hsl:squad:responsible"":""plugplay"",""map-migrated"":""d-server-02rouei8domo00""}",API de Paciente V2,"[""arn:aws:apigateway:sa-east-1::/restapis/9m653iw6da""]",aws,sa-east-1,413850945308,aws_backbonedigitalprd,"{""connection_name"":""aws_backbonedigitalprd"",""steampipe"":{""sdk_version"":""5.13.1""}}","{""connection_name"":""aws_backbonedigitalprd"",""steampipe"":{""sdk_version"":""5.13.1""}}"
Telemedicina v2,w03n06ywl6,f0300uy0gf,,HEADER,2025-09-02T15:37:24-03:00,API responsável por gerenciar salas de vídeo,,,,,"[""EDGE""]",,AVAILABLE,,false,,TLS_1_0,,"{""hsl:operation:map-at"":""2025-09-03 05:00:46"",""hsl:product"":""plugplay"",""hsl:product:app"":""telemedicina"",""hsl:product:env"":""production"",""hsl:product:nature"":""operation"",""hsl:security:access"":""private"",""hsl:security:data"":""has-sensitive"",""hsl:security:data:type"":""paciente"",""hsl:squad:responsible"":""plugplay"",""map-migrated"":""d-server-02rouei8domo00""}",Telemedicina v2,"[""arn:aws:apigateway:sa-east-1::/restapis/w03n06ywl6""]",aws,sa-east-1,413850945308,aws_backbonedigitalprd,"{""connection_name"":""aws_backbonedigitalprd"",""steampipe"":{""sdk_version"":""5.13.1""}}","{""connection_name"":""aws_backbonedigitalprd"",""steampipe"":{""sdk_version"":""5.13.1""}}"
IntegrAInfo API,mzlvh21bng,wwjj5kjp6a,,HEADER,2025-03-28T15:06:25-03:00,API responsável por gerenciar as consultas do IntegrAInfo,,,,,"[""REGIONAL""]",,AVAILABLE,,false,,TLS_1_0,,"{""hsl:operation:map-at"":""2025-08-26 05:00:44"",""hsl:product"":""plugplay"",""hsl:product:app"":""integrainfo"",""hsl:product:env"":""production"",""hsl:product:nature"":""operation"",""hsl:security:access"":""private"",""hsl:security:data"":""has-sensitive"",""hsl:security:data:type"":""patient"",""hsl:squad:responsible"":""plugplay"",""map-migrated"":""d-server-02rouei8domo00""}",IntegrAInfo API,"[""arn:aws:apigateway:sa-east-1::/restapis/mzlvh21bng""]",aws,sa-east-1,413850945308,aws_backbonedigitalprd,"{""connection_name"":""aws_backbonedigitalprd"",""steampipe"":{""sdk_version"":""5.13.1""}}","{""connection_name"":""aws_backbonedigitalprd"",""steampipe"":{""sdk_version"":""5.13.1""}}"
Receita-Digital API prod,xm4zchko8k,awzuqkg4p4,1.0,HEADER,2023-03-04T16:55:56-03:00,Receita-Digital API Gateway,,,,,"[""EDGE""]",,AVAILABLE,,false,,TLS_1_0,,"{""STAGE"":""prod"",""aws:cloudformation:logical-id"":""ApiGatewayRestApi"",""aws:cloudformation:stack-id"":""arn:aws:cloudformation:sa-east-1:413850945308:stack/receita-digital-api-prod/69c51240-bac5-11ed-ae18-023f04bbb976"",""aws:cloudformation:stack-name"":""receita-digital-api-prod"",""hsl:operation:map-at"":""2023-03-05 05:00:34"",""map-migrated"":""d-server-02rouei8domo00""}",Receita-Digital API prod,"[""arn:aws:apigateway:sa-east-1::/restapis/xm4zchko8k""]",aws,sa-east-1,413850945308,aws_backbonedigitalprd,"{""connection_name"":""aws_backbonedigitalprd"",""steampipe"":{""sdk_version"":""5.13.1""}}","{""connection_name"":""aws_backbonedigitalprd"",""steampipe"":{""sdk_version"":""5.13.1""}}"
API de Paciente (Patient API),yeulm94gs3,1ev0hkf92l,,HEADER,2025-05-06T18:57:16-03:00,API responsável por gerenciar os dados dos pacientes,,,,,"[""EDGE""]",,AVAILABLE,,false,,TLS_1_0,,"{""hsl:operation:map-at"":""2025-09-13 05:00:40"",""hsl:product"":""plugplay"",""hsl:product:app"":""patient-api"",""hsl:product:env"":""production"",""hsl:product:nature"":""operation"",""hsl:security:access"":""private"",""hsl:security:data"":""has-sensitive"",""hsl:security:data:type"":""patient"",""hsl:squad:responsible"":""plugplay"",""map-migrated"":""d-server-02rouei8domo00""}",API de Paciente (Patient API),"[""arn:aws:apigateway:sa-east-1::/restapis/yeulm94gs3""]",aws,sa-east-1,413850945308,aws_backbonedigitalprd,"{""connection_name"":""aws_backbonedigitalprd"",""steampipe"":{""sdk_version"":""5.13.1""}}","{""connection_name"":""aws_backbonedigitalprd"",""steampipe"":{""sdk_version"":""5.13.1""}}"
Atendimentos (encounter API),ujkq31588j,36eqi1oe79,,HEADER,2025-05-06T18:31:42-03:00,API responsável por gerenciar atendimentos,,,,,"[""EDGE""]",,AVAILABLE,,false,,TLS_1_0,,"{""hsl:operation:map-at"":""2025-11-12 05:00:41"",""hsl:product"":""plugplay"",""hsl:product:app"":""encounter-api"",""hsl:product:env"":""production"",""hsl:product:nature"":""operation"",""hsl:security:access"":""private"",""hsl:security:data"":""has-sensitive"",""hsl:security:data:type"":""patient"",""hsl:squad:responsible"":""plugplay"",""map-migrated"":""d-server-02rouei8domo00""}",Atendimentos (encounter API),"[""arn:aws:apigateway:sa-east-1::/restapis/ujkq31588j""]",aws,sa-east-1,413850945308,aws_backbonedigitalprd,"{""connection_name"":""aws_backbonedigitalprd"",""steampipe"":{""sdk_version"":""5.13.1""}}","{""connection_name"":""aws_backbonedigitalprd"",""steampipe"":{""sdk_version"":""5.13.1""}}"
Salesforce Track API,w3jp25qdyk,cuuw3igovf,,HEADER,2025-08-26T10:25:21-03:00,API para operações relacionadas a integração Salesforce Track,,,,,"[""REGIONAL""]",,AVAILABLE,,false,,TLS_1_0,,"{""hsl:operation:map-at"":""2025-12-11 05:00:40"",""hsl:product"":""plugplay"",""hsl:product:app"":""salesforce-track"",""hsl:product:env"":""production"",""hsl:product:nature"":""operation"",""hsl:security:access"":""private"",""hsl:security:data"":""has-sensitive"",""hsl:security:data:type"":""patient"",""hsl:squad:responsible"":""plugplay"",""map-migrated"":""d-server-02rouei8domo00""}",Salesforce Track API,"[""arn:aws:apigateway:sa-east-1::/restapis/w3jp25qdyk""]",aws,sa-east-1,413850945308,aws_backbonedigitalprd,"{""connection_name"":""aws_backbonedigitalprd"",""steampipe"":{""sdk_version"":""5.13.1""}}","{""connection_name"":""aws_backbonedigitalprd"",""steampipe"":{""sdk_version"":""5.13.1""}}"
Profissional API,fscvl5916c,dyby4k0ui8,,HEADER,2025-03-06T15:18:33-03:00,API responsável por gerenciar os profissionais,,,,,"[""EDGE""]",,AVAILABLE,,false,,TLS_1_0,,"{""hsl:operation:map-at"":""2025-05-20 05:00:38"",""hsl:product"":""plugplay"",""hsl:product:app"":""profissional"",""hsl:product:env"":""production"",""hsl:product:nature"":""operation"",""hsl:security:access"":""private"",""hsl:security:data"":""has-sensitive"",""hsl:security:data:type"":""profissional"",""hsl:squad:responsible"":""plugplay"",""map-migrated"":""d-server-02rouei8domo00""}",Profissional API,"[""arn:aws:apigateway:sa-east-1::/restapis/fscvl5916c""]",aws,sa-east-1,413850945308,aws_backbonedigitalprd,"{""connection_name"":""aws_backbonedigitalprd"",""steampipe"":{""sdk_version"":""5.13.1""}}","{""connection_name"":""aws_backbonedigitalprd"",""steampipe"":{""sdk_version"":""5.13.1""}}"
capture,w2ojzaiwxe,cx86g66gfh,,HEADER,2024-10-09T14:19:24-03:00,API responsável para iniciar troubleshoot de registros,,,,,"[""EDGE""]",,AVAILABLE,,false,,TLS_1_0,,,capture,"[""arn:aws:apigateway:sa-east-1::/restapis/w2ojzaiwxe""]",aws,sa-east-1,413850945308,aws_backbonedigitalprd,"{""connection_name"":""aws_backbonedigitalprd"",""steampipe"":{""sdk_version"":""5.13.1""}}","{""connection_name"":""aws_backbonedigitalprd"",""steampipe"":{""sdk_version"":""5.13.1""}}"
cc-backend-api-salesforce,gdfnlkz7m8,i6dxvck339,1.0,HEADER,2024-08-22T15:19:05-03:00,,,,,,"[""EDGE""]",,AVAILABLE,,false,,TLS_1_0,,"{""aws:cloudformation:logical-id"":""API"",""aws:cloudformation:stack-id"":""arn:aws:cloudformation:us-east-1:802274005479:stack/cc-integracao-salesforce/e8c53c20-60b2-11ef-a649-0e3a9d81b88b"",""aws:cloudformation:stack-name"":""cc-integracao-salesforce"",""hsl:operation:map-at"":""2024-08-23 05:00:33"",""map-migrated"":""d-server-02rouei8domo00""}",cc-backend-api-salesforce,"[""arn:aws:apigateway:us-east-1::/restapis/gdfnlkz7m8""]",aws,us-east-1,802274005479,aws_autcentcirurgicoprd,"{""connection_name"":""aws_autcentcirurgicoprd"",""steampipe"":{""sdk_version"":""5.13.1""}}","{""connection_name"":""aws_autcentcirurgicoprd"",""steampipe"":{""sdk_version"":""5.13.1""}}"
cc-backend-api,zw9zdc3wg5,knezs8sc8h,1.0,HEADER,2022-12-21T14:39:10-03:00,,,,,,"[""EDGE""]",,AVAILABLE,,false,,TLS_1_0,,"{""aws:cloudformation:logical-id"":""API"",""aws:cloudformation:stack-id"":""arn:aws:cloudformation:us-east-1:802274005479:stack/cc-backend-api/ad6ba670-8155-11ed-a053-0e984dbc01f5"",""aws:cloudformation:stack-name"":""cc-backend-api"",""hsl:operation:map-at"":""2022-12-22 05:00:31"",""map-migrated"":""d-server-02rouei8domo00""}",cc-backend-api,"[""arn:aws:apigateway:us-east-1::/restapis/zw9zdc3wg5""]",aws,us-east-1,802274005479,aws_autcentcirurgicoprd,"{""connection_name"":""aws_autcentcirurgicoprd"",""steampipe"":{""sdk_version"":""5.13.1""}}","{""connection_name"":""aws_autcentcirurgicoprd"",""steampipe"":{""sdk_version"":""5.13.1""}}"
cc-integracao-services-api,yl1hfs0d9d,zqhqcx6uz8,1.0,HEADER,2022-12-23T11:17:48-03:00,,,,,"[""application/msword"",""application/pdf"",""application/vnd.openxmlformats-officedocument.wordprocessingml.document"",""image/png"",""image/jpeg""]","[""EDGE""]",,AVAILABLE,,false,,TLS_1_0,,"{""aws:cloudformation:logical-id"":""API"",""aws:cloudformation:stack-id"":""arn:aws:cloudformation:us-east-1:802274005479:stack/cc-integracao-services/dada3960-82cb-11ed-8443-0ad8152ce721"",""aws:cloudformation:stack-name"":""cc-integracao-services"",""hsl:operation:map-at"":""2022-12-24 05:00:30"",""map-migrated"":""d-server-02rouei8domo00""}",cc-integracao-services-api,"[""arn:aws:apigateway:us-east-1::/restapis/yl1hfs0d9d""]",aws,us-east-1,802274005479,aws_autcentcirurgicoprd,"{""connection_name"":""aws_autcentcirurgicoprd"",""steampipe"":{""sdk_version"":""5.13.1""}}","{""connection_name"":""aws_autcentcirurgicoprd"",""steampipe"":{""sdk_version"":""5.13.1""}}"
cc-integracao-api-anexos-services-api,n5zgj8dqx2,zhou9aq4cl,1.0,HEADER,2024-02-08T17:12:29-03:00,,,,,"[""application/msword"",""application/pdf"",""image/png"",""application/vnd.openxmlformats-officedocument.wordprocessingml.document"",""image/jpeg""]","[""EDGE""]",,AVAILABLE,,false,,TLS_1_0,,"{""aws:cloudformation:logical-id"":""API"",""aws:cloudformation:stack-id"":""arn:aws:cloudformation:us-east-1:802274005479:stack/cc-integracao-services-api-anexos/40e3a250-c6be-11ee-8539-0af04c015401"",""aws:cloudformation:stack-name"":""cc-integracao-services-api-anexos"",""hsl:operation:map-at"":""2024-02-09 05:00:31"",""map-migrated"":""d-server-02rouei8domo00""}",cc-integracao-api-anexos-services-api,"[""arn:aws:apigateway:us-east-1::/restapis/n5zgj8dqx2""]",aws,us-east-1,802274005479,aws_autcentcirurgicoprd,"{""connection_name"":""aws_autcentcirurgicoprd"",""steampipe"":{""sdk_version"":""5.13.1""}}","{""connection_name"":""aws_autcentcirurgicoprd"",""steampipe"":{""sdk_version"":""5.13.1""}}"
ProcessRISANdata,mw4lwcfjh1,8l8zm1scbc,,HEADER,2023-03-06T12:35:33-03:00,"Processa RIS AN Data, complementando as informações de status dos exames",,,,"[""application/xml""]","[""REGIONAL""]",,AVAILABLE,,false,,TLS_1_0,,,ProcessRISANdata,"[""arn:aws:apigateway:us-east-1::/restapis/mw4lwcfjh1""]",aws,us-east-1,308676119841,aws_datalakeprd,"{""connection_name"":""aws_datalakeprd"",""steampipe"":{""sdk_version"":""5.13.1""}}","{""connection_name"":""aws_datalakeprd"",""steampipe"":{""sdk_version"":""5.13.1""}}"
overbooking,5k3v001x88,eq4hcyhcbe,,HEADER,2021-06-15T08:45:27-03:00,overbooking api,,,,,"[""REGIONAL""]",,AVAILABLE,,false,,TLS_1_0,,,overbooking,"[""arn:aws:apigateway:us-east-1::/restapis/5k3v001x88""]",aws,us-east-1,308676119841,aws_datalakeprd,"{""connection_name"":""aws_datalakeprd"",""steampipe"":{""sdk_version"":""5.13.1""}}","{""connection_name"":""aws_datalakeprd"",""steampipe"":{""sdk_version"":""5.13.1""}}"
PocessSlotFiles,tfqszsjw9c,vak0cfuqw8,,HEADER,2020-11-18T10:48:39-03:00,API que processa os arquivos zip do RIS DATA,,,,,"[""REGIONAL""]",,AVAILABLE,,false,,TLS_1_0,,,PocessSlotFiles,"[""arn:aws:apigateway:us-east-1::/restapis/tfqszsjw9c""]",aws,us-east-1,308676119841,aws_datalakeprd,"{""connection_name"":""aws_datalakeprd"",""steampipe"":{""sdk_version"":""5.13.1""}}","{""connection_name"":""aws_datalakeprd"",""steampipe"":{""sdk_version"":""5.13.1""}}"
sftp-auth,fm1xntamkl,whrdh8udo6,,HEADER,2021-08-05T15:00:01-03:00,API para autenticação do serviço de SFTP.,,,,,"[""EDGE""]",,AVAILABLE,,false,,TLS_1_0,,"{""STAGE"":""PRD"",""aws:cloudformation:logical-id"":""ApiGatewayRestApi"",""aws:cloudformation:stack-id"":""arn:aws:cloudformation:us-east-1:654074949840:stack/sftp-auth-PRD/efbb3930-f616-11eb-8254-1263ebc1f863"",""aws:cloudformation:stack-name"":""sftp-auth-PRD"",""hsl:operation:map-at"":""2022-05-27 05:00:29"",""map-migrated"":""d-server-02rouei8domo00""}",sftp-auth,"[""arn:aws:apigateway:us-east-1::/restapis/fm1xntamkl""]",aws,us-east-1,654074949840,aws_carteirizacaospprd,"{""connection_name"":""aws_carteirizacaospprd"",""steampipe"":{""sdk_version"":""5.13.1""}}","{""connection_name"":""aws_carteirizacaospprd"",""steampipe"":{""sdk_version"":""5.13.1""}}"
app-hsl,f6nfcozz2m,6p4tgq6875,,HEADER,2021-10-05T15:46:27-03:00,,,,,,"[""REGIONAL""]",,AVAILABLE,,false,,TLS_1_0,,,app-hsl,"[""arn:aws:apigateway:us-east-1::/restapis/f6nfcozz2m""]",aws,us-east-1,787345280606,aws_apppacienteprd,"{""connection_name"":""aws_apppacienteprd"",""steampipe"":{""sdk_version"":""5.13.1""}}","{""connection_name"":""aws_apppacienteprd"",""steampipe"":{""sdk_version"":""5.13.1""}}"
sms-email-sender-prod,kt1dqa3aed,c7yhhqnm32,,HEADER,2023-07-11T16:13:18-03:00,,1024,,,,"[""EDGE""]",,AVAILABLE,,false,,TLS_1_0,,"{""STAGE"":""prod"",""aws:cloudformation:logical-id"":""ApiGatewayRestApi"",""aws:cloudformation:stack-id"":""arn:aws:cloudformation:us-east-1:787345280606:stack/sms-email-sender-prod/d4d23e00-201e-11ee-bc4c-0ec99ee555df"",""aws:cloudformation:stack-name"":""sms-email-sender-prod"",""hsl:operation:map-at"":""2023-07-12 05:00:31"",""map-migrated"":""d-server-02rouei8domo00""}",sms-email-sender-prod,"[""arn:aws:apigateway:us-east-1::/restapis/kt1dqa3aed""]",aws,us-east-1,787345280606,aws_apppacienteprd,"{""connection_name"":""aws_apppacienteprd"",""steampipe"":{""sdk_version"":""5.13.1""}}","{""connection_name"":""aws_apppacienteprd"",""steampipe"":{""sdk_version"":""5.13.1""}}"
PopulationHealthReferralProfessionalApi,av5kxmu4z4,o3y64hv0j1,,HEADER,2025-01-09T11:18:11-03:00,Api de médico de referência do App Saúde Populacional,,,,,"[""REGIONAL""]",,AVAILABLE,,false,,TLS_1_0,,"{""hsl:operation:map-at"":""2025-01-10 05:00:33"",""hsl:product"":""app"",""hsl:product:app"":""app"",""hsl:product:env"":""prd"",""hsl:product:nature"":""app"",""map-migrated"":""d-server-02rouei8domo00"",""name"":""PopulationHealthReferralProfessionalApi"",""owner"":""tercmpcmartins"",""repository"":""population-health-referral-professional""}",PopulationHealthReferralProfessionalApi,"[""arn:aws:apigateway:us-east-1::/restapis/av5kxmu4z4""]",aws,us-east-1,787345280606,aws_apppacienteprd,"{""connection_name"":""aws_apppacienteprd"",""steampipe"":{""sdk_version"":""5.13.1""}}","{""connection_name"":""aws_apppacienteprd"",""steampipe"":{""sdk_version"":""5.13.1""}}"
dev-hsl-onbase-token-refresh,5cqpkokh2d,ggotaw80gi,,HEADER,2024-06-11T16:12:30-03:00,,,,,,"[""EDGE""]",,AVAILABLE,,false,,TLS_1_0,,"{""STAGE"":""dev"",""aws:cloudformation:logical-id"":""ApiGatewayRestApi"",""aws:cloudformation:stack-id"":""arn:aws:cloudformation:us-east-1:787345280606:stack/hsl-onbase-token-refresh-dev/86d4dc60-2826-11ef-b7e2-0affead3f4dd"",""aws:cloudformation:stack-name"":""hsl-onbase-token-refresh-dev"",""hsl:operation:map-at"":""2024-06-12 05:00:34"",""map-migrated"":""d-server-02rouei8domo00""}",dev-hsl-onbase-token-refresh,"[""arn:aws:apigateway:us-east-1::/restapis/5cqpkokh2d""]",aws,us-east-1,787345280606,aws_apppacienteprd,"{""connection_name"":""aws_apppacienteprd"",""steampipe"":{""sdk_version"":""5.13.1""}}","{""connection_name"":""aws_apppacienteprd"",""steampipe"":{""sdk_version"":""5.13.1""}}"
PopulationHealthAPIs,u5zogppp2i,3tgf6sv8r1,,HEADER,2025-04-08T15:06:01-03:00,Gateway centralizador de APIs para o App Saúde Populacional,,,,,"[""REGIONAL""]",,AVAILABLE,,false,,TLS_1_0,,"{""hsl:operation:map-at"":""2025-10-14 05:00:35"",""hsl:product"":""App Saúde Populacional"",""hsl:product:env"":""prd"",""hsl:product:owner"":""tercmpcmartins"",""hsl:product:project"":""Jornada do Paciente - Tribo"",""hsl:product:repository"":""population-health-infrastructure"",""hsl:product:squad"":""Squad App Saúde Populacional"",""map-migrated"":""d-server-02rouei8domo00"",""name"":""PopulationHealthAPIs""}",PopulationHealthAPIs,"[""arn:aws:apigateway:us-east-1::/restapis/u5zogppp2i""]",aws,us-east-1,787345280606,aws_apppacienteprd,"{""connection_name"":""aws_apppacienteprd"",""steampipe"":{""sdk_version"":""5.13.1""}}","{""connection_name"":""aws_apppacienteprd"",""steampipe"":{""sdk_version"":""5.13.1""}}"
People,2qf5o54sbe,kyrfxt870f,2019-04-16T18:59:11Z,HEADER,2020-02-28T16:10:34-03:00,,,,,,"[""REGIONAL""]",,AVAILABLE,,false,,TLS_1_0,,,People,"[""arn:aws:apigateway:us-east-1::/restapis/2qf5o54sbe""]",aws,us-east-1,800735908691,aws_cscprd,"{""connection_name"":""aws_cscprd"",""steampipe"":{""sdk_version"":""5.13.1""}}","{""connection_name"":""aws_cscprd"",""steampipe"":{""sdk_version"":""5.13.1""}}"
Auth,veh5h3foz2,yl8tgfn033,2020-04-03T12:24:18Z,HEADER,2020-04-07T17:15:41-03:00,,,,,,"[""REGIONAL""]",,AVAILABLE,,false,,TLS_1_0,,,Auth,"[""arn:aws:apigateway:us-east-1::/restapis/veh5h3foz2""]",aws,us-east-1,800735908691,aws_cscprd,"{""connection_name"":""aws_cscprd"",""steampipe"":{""sdk_version"":""5.13.1""}}","{""connection_name"":""aws_cscprd"",""steampipe"":{""sdk_version"":""5.13.1""}}"
azure-devops-scores,279eymtvyh,atr6vvruhe,,HEADER,2021-07-21T18:25:51-03:00,Score pipelines,,,,,"[""EDGE""]",,AVAILABLE,,false,,TLS_1_0,,"{""STAGE"":""PRD"",""aws:cloudformation:logical-id"":""ApiGatewayRestApi"",""aws:cloudformation:stack-id"":""arn:aws:cloudformation:us-east-1:800735908691:stack/ccc-azure-devops-score-pipelines-PRD/3646ba90-ea6a-11eb-954e-1226874f3dd5"",""aws:cloudformation:stack-name"":""ccc-azure-devops-score-pipelines-PRD"",""hsl:business:cost-center"":""averiguar"",""hsl:business:unit"":""61.590.410/0001-24"",""hsl:environment:type"":""production"",""hsl:operation:level"":""1"",""hsl:operation:map-at"":""2022-05-27 05:00:32"",""hsl:project:application"":""azure-devops-score-pipelines"",""hsl:project:name"":""cloud-command-center"",""hsl:security:access"":""private"",""hsl:security:data"":""not-applicable"",""hsl:security:data-type"":""not-applicable"",""map-migrated"":""d-server-02rouei8domo00""}",azure-devops-scores,"[""arn:aws:apigateway:us-east-1::/restapis/279eymtvyh""]",aws,us-east-1,800735908691,aws_cscprd,"{""connection_name"":""aws_cscprd"",""steampipe"":{""sdk_version"":""5.13.1""}}","{""connection_name"":""aws_cscprd"",""steampipe"":{""sdk_version"":""5.13.1""}}"
CriptoSecurity,gn6s23yn3f,eo3bq8ssu8,2019-11-07T20:37:11Z,HEADER,2020-02-28T13:43:20-03:00,,,,,,"[""REGIONAL""]",,AVAILABLE,,false,,TLS_1_0,,,CriptoSecurity,"[""arn:aws:apigateway:us-east-1::/restapis/gn6s23yn3f""]",aws,us-east-1,800735908691,aws_cscprd,"{""connection_name"":""aws_cscprd"",""steampipe"":{""sdk_version"":""5.13.1""}}","{""connection_name"":""aws_cscprd"",""steampipe"":{""sdk_version"":""5.13.1""}}"
get-menu,hu1rvbeqoc,6rpvh60247,,HEADER,2023-10-31T09:59:25-03:00,,,,,,"[""REGIONAL""]",,AVAILABLE,,false,,TLS_1_0,,,get-menu,"[""arn:aws:apigateway:us-east-1::/restapis/hu1rvbeqoc""]",aws,us-east-1,800735908691,aws_cscprd,"{""connection_name"":""aws_cscprd"",""steampipe"":{""sdk_version"":""5.13.1""}}","{""connection_name"":""aws_cscprd"",""steampipe"":{""sdk_version"":""5.13.1""}}"
portal-ccoe-modelo,8ikbfrdcb4,9lht2yh7c0,,HEADER,2023-10-31T23:23:25-03:00,,,,,,"[""REGIONAL""]",,AVAILABLE,,false,,TLS_1_0,,,portal-ccoe-modelo,"[""arn:aws:apigateway:us-east-1::/restapis/8ikbfrdcb4""]",aws,us-east-1,800735908691,aws_cscprd,"{""connection_name"":""aws_cscprd"",""steampipe"":{""sdk_version"":""5.13.1""}}","{""connection_name"":""aws_cscprd"",""steampipe"":{""sdk_version"":""5.13.1""}}"
devportal-azure-devops-api,71ebj30l19,v3dvyuixhf,,HEADER,2021-08-27T19:21:17-03:00,Developer Portal HSL API for Integration with Azure DevOps API.,,,,,"[""EDGE""]",,AVAILABLE,,false,,TLS_1_0,,"{""STAGE"":""PRD"",""aws:cloudformation:logical-id"":""ApiGatewayRestApi"",""aws:cloudformation:stack-id"":""arn:aws:cloudformation:us-east-1:800735908691:stack/devportal-azure-devops-api-PRD/0104f670-0785-11ec-af6c-1237d4594e4f"",""aws:cloudformation:stack-name"":""devportal-azure-devops-api-PRD"",""hsl:business:cost-center"":""averiguar"",""hsl:business:unit"":""61.590.410/0001-24"",""hsl:environment:type"":""production"",""hsl:operation:level"":""1"",""hsl:operation:map-at"":""2022-05-27 05:00:32"",""hsl:project:application"":""azure-devops-api"",""hsl:project:name"":""devportal"",""hsl:security:access"":""private"",""hsl:security:data"":""not-applicable"",""hsl:security:data-type"":""not-applicable"",""map-migrated"":""d-server-02rouei8domo00""}",devportal-azure-devops-api,"[""arn:aws:apigateway:us-east-1::/restapis/71ebj30l19""]",aws,us-east-1,800735908691,aws_cscprd,"{""connection_name"":""aws_cscprd"",""steampipe"":{""sdk_version"":""5.13.1""}}","{""connection_name"":""aws_cscprd"",""steampipe"":{""sdk_version"":""5.13.1""}}"
mfa,fomlt1tmoh,85ki8eaxye,,HEADER,2022-03-30T20:14:21-03:00,API para duplo fator de autenticação (MFA).,,,,,"[""REGIONAL""]",,AVAILABLE,,false,,TLS_1_0,,"{""aws:cloudformation:logical-id"":""APIGateway"",""aws:cloudformation:stack-id"":""arn:aws:cloudformation:us-east-1:800735908691:stack/mfa-api/1d7b2e70-b07f-11ec-8131-0eef6f3489db"",""aws:cloudformation:stack-name"":""mfa-api"",""hsl:operation:map-at"":""2022-05-27 05:00:32"",""map-migrated"":""d-server-02rouei8domo00""}",mfa,"[""arn:aws:apigateway:us-east-1::/restapis/fomlt1tmoh""]",aws,us-east-1,800735908691,aws_cscprd,"{""connection_name"":""aws_cscprd"",""steampipe"":{""sdk_version"":""5.13.1""}}","{""connection_name"":""aws_cscprd"",""steampipe"":{""sdk_version"":""5.13.1""}}"
TelemedicineChat,a9ill1u6ae,8dsk99ag4f,2020-04-28T20:29:17Z,HEADER,2020-04-28T18:20:54-03:00,,,,,,"[""REGIONAL""]",,AVAILABLE,,false,,TLS_1_0,,,TelemedicineChat,"[""arn:aws:apigateway:us-east-1::/restapis/a9ill1u6ae""]",aws,us-east-1,800735908691,aws_cscprd,"{""connection_name"":""aws_cscprd"",""steampipe"":{""sdk_version"":""5.13.1""}}","{""connection_name"":""aws_cscprd"",""steampipe"":{""sdk_version"":""5.13.1""}}"
Exam,kzr8qib8z8,b4bnxklaj0,2019-01-10T19:17:52Z,HEADER,2020-06-19T16:43:56-03:00,,,"{""Statement"":[{""Action"":""execute-api:Invoke"",""Condition"":{""IpAddress"":{""aws:SourceIp"":[""200.178.129.120"",""189.51.7.83"",""200.232.28.132"",""54.233.197.81"",""54.233.177.110"",""54.232.208.191"",""18.231.47.182""]}},""Effect"":""Allow"",""Principal"":""*"",""Resource"":""arn:aws:execute-api:us-east-1:800735908691:kzr8qib8z8/*""}],""Version"":""2012-10-17""}","{""Statement"":[{""Action"":[""execute-api:invoke""],""Condition"":{""IpAddress"":{""aws:sourceip"":[""18.231.47.182"",""189.51.7.83"",""200.178.129.120"",""200.232.28.132"",""54.232.208.191"",""54.233.177.110"",""54.233.197.81""]}},""Effect"":""Allow"",""Principal"":{""AWS"":[""*""]},""Resource"":[""arn:aws:execute-api:us-east-1:800735908691:kzr8qib8z8/*""]}],""Version"":""2012-10-17""}",,"[""REGIONAL""]",,AVAILABLE,,false,,TLS_1_0,,,Exam,"[""arn:aws:apigateway:us-east-1::/restapis/kzr8qib8z8""]",aws,us-east-1,800735908691,aws_cscprd,"{""connection_name"":""aws_cscprd"",""steampipe"":{""sdk_version"":""5.13.1""}}","{""connection_name"":""aws_cscprd"",""steampipe"":{""sdk_version"":""5.13.1""}}"
devportal-backend,9pb8yfnf2l,szcqiskiz9,,HEADER,2021-08-27T19:26:04-03:00,Developer Portal HSL API.,,,,,"[""EDGE""]",,AVAILABLE,,false,,TLS_1_0,,"{""STAGE"":""PRD"",""aws:cloudformation:logical-id"":""ApiGatewayRestApi"",""aws:cloudformation:stack-id"":""arn:aws:cloudformation:us-east-1:800735908691:stack/devportal-backend-PRD/c0c2f610-0785-11ec-9524-0ab042f700a7"",""aws:cloudformation:stack-name"":""devportal-backend-PRD"",""hsl:business:cost-center"":""averiguar"",""hsl:business:unit"":""61.590.410/0001-24"",""hsl:environment:type"":""production"",""hsl:operation:level"":""1"",""hsl:operation:map-at"":""2022-05-27 05:00:32"",""hsl:project:application"":""devportal-backend"",""hsl:project:name"":""devportal"",""hsl:security:access"":""private"",""hsl:security:data"":""not-applicable"",""hsl:security:data-type"":""not-applicable"",""map-migrated"":""d-server-02rouei8domo00""}",devportal-backend,"[""arn:aws:apigateway:us-east-1::/restapis/9pb8yfnf2l""]",aws,us-east-1,800735908691,aws_cscprd,"{""connection_name"":""aws_cscprd"",""steampipe"":{""sdk_version"":""5.13.1""}}","{""connection_name"":""aws_cscprd"",""steampipe"":{""sdk_version"":""5.13.1""}}"
AuthenticationSecurity,98l86shgd3,yrn6mljalk,2018-11-12T15:40:47Z,HEADER,2020-02-28T16:09:14-03:00,,,,,,"[""REGIONAL""]",,AVAILABLE,,false,,TLS_1_0,,,AuthenticationSecurity,"[""arn:aws:apigateway:us-east-1::/restapis/98l86shgd3""]",aws,us-east-1,800735908691,aws_cscprd,"{""connection_name"":""aws_cscprd"",""steampipe"":{""sdk_version"":""5.13.1""}}","{""connection_name"":""aws_cscprd"",""steampipe"":{""sdk_version"":""5.13.1""}}"
Authv2,qsxi6pavfh,yl8tgfn033,2020-04-03T12:24:18Z,HEADER,2025-03-24T04:56:18-03:00,,,,,,"[""REGIONAL""]",,AVAILABLE,,false,,TLS_1_0,,,Authv2,"[""arn:aws:apigateway:us-east-1::/restapis/qsxi6pavfh""]",aws,us-east-1,800735908691,aws_cscprd,"{""connection_name"":""aws_cscprd"",""steampipe"":{""sdk_version"":""5.13.1""}}","{""connection_name"":""aws_cscprd"",""steampipe"":{""sdk_version"":""5.13.1""}}"
RedirectAnvisa-API,hk0ewp9406,0bvomcif74,,HEADER,2023-07-04T10:59:01-03:00,Created by AWS Lambda,,"{""Statement"":[{""Action"":""execute-api:Invoke"",""Effect"":""Allow"",""Principal"":""*"",""Resource"":""arn:aws:execute-api:us-east-1:800735908691:hk0ewp9406/*/GET/""},{""Action"":""execute-api:Invoke"",""Effect"":""Allow"",""Principal"":""*"",""Resource"":""arn:aws:execute-api:us-east-1:800735908691:hk0ewp9406/*/POST/""}],""Version"":""2012-10-17""}","{""Statement"":[{""Action"":[""execute-api:invoke""],""Effect"":""Allow"",""Principal"":{""AWS"":[""*""]},""Resource"":[""arn:aws:execute-api:us-east-1:800735908691:hk0ewp9406/*/GET/""]},{""Action"":[""execute-api:invoke""],""Effect"":""Allow"",""Principal"":{""AWS"":[""*""]},""Resource"":[""arn:aws:execute-api:us-east-1:800735908691:hk0ewp9406/*/POST/""]}],""Version"":""2012-10-17""}",,"[""PRIVATE""]","[""vpce-0d27195f4851eb78e""]",AVAILABLE,,false,,TLS_1_2,,,RedirectAnvisa-API,"[""arn:aws:apigateway:us-east-1::/restapis/hk0ewp9406""]",aws,us-east-1,800735908691,aws_cscprd,"{""connection_name"":""aws_cscprd"",""steampipe"":{""sdk_version"":""5.13.1""}}","{""connection_name"":""aws_cscprd"",""steampipe"":{""sdk_version"":""5.13.1""}}"
sftp-auth,naiyspiu51,s9ugpk486j,,HEADER,2021-03-17T13:35:33-03:00,API para autenticação do serviço de SFTP.,,,,,"[""EDGE""]",,AVAILABLE,,false,,TLS_1_0,,"{""STAGE"":""PRD"",""hsl:operation:map-at"":""2022-05-27 05:00:32"",""hsl:product"":""saude-corporativa"",""hsl:product:app"":""Lista de Vidas"",""hsl:product:cc"":""549"",""hsl:product:env"":""PRD"",""hsl:product:nature"":""SFTP"",""map-migrated"":""d-server-02rouei8domo00""}",sftp-auth,"[""arn:aws:apigateway:us-east-1::/restapis/naiyspiu51""]",aws,us-east-1,800735908691,aws_cscprd,"{""connection_name"":""aws_cscprd"",""steampipe"":{""sdk_version"":""5.13.1""}}","{""connection_name"":""aws_cscprd"",""steampipe"":{""sdk_version"":""5.13.1""}}"
Messaging,urzedsevod,1udsf61ke7,2020-04-23T13:30:00Z,HEADER,2020-04-30T14:34:17-03:00,API de messageria,,,,,"[""REGIONAL""]",,AVAILABLE,,false,,TLS_1_0,,,Messaging,"[""arn:aws:apigateway:us-east-1::/restapis/urzedsevod""]",aws,us-east-1,800735908691,aws_cscprd,"{""connection_name"":""aws_cscprd"",""steampipe"":{""sdk_version"":""5.13.1""}}","{""connection_name"":""aws_cscprd"",""steampipe"":{""sdk_version"":""5.13.1""}}"
portal-ccoe-api,h3oo8x2nwl,s6zylaayxb,,HEADER,2023-10-31T23:17:18-03:00,API Gateway for CCOE Portal,,,,,"[""EDGE""]",,AVAILABLE,,false,,TLS_1_0,,,portal-ccoe-api,"[""arn:aws:apigateway:us-east-1::/restapis/h3oo8x2nwl""]",aws,us-east-1,800735908691,aws_cscprd,"{""connection_name"":""aws_cscprd"",""steampipe"":{""sdk_version"":""5.13.1""}}","{""connection_name"":""aws_cscprd"",""steampipe"":{""sdk_version"":""5.13.1""}}"
FamilyBackground,1337o49mq2,38792n974a,2020-05-28T10:22:28Z,HEADER,2020-05-29T19:49:31-03:00,Buscar Antecedentes Familiares,,,,,"[""REGIONAL""]",,AVAILABLE,,false,,TLS_1_0,,,FamilyBackground,"[""arn:aws:apigateway:us-east-1::/restapis/1337o49mq2""]",aws,us-east-1,978569075048,aws_cockpitprd,"{""connection_name"":""aws_cockpitprd"",""steampipe"":{""sdk_version"":""5.13.1""}}","{""connection_name"":""aws_cockpitprd"",""steampipe"":{""sdk_version"":""5.13.1""}}"
PushNotificationsApi,fc5fo6j38k,13p4xbea5h,,HEADER,2024-08-30T00:24:55-03:00,Api de onboarding do professional,,,,,"[""REGIONAL""]",,AVAILABLE,,false,,TLS_1_0,,"{""hsl:operation:map-at"":""2024-10-08 05:00:34"",""hsl:product"":""cockpit"",""hsl:product:app"":""cockpit"",""hsl:product:env"":""prd"",""hsl:product:nature"":""cockpit"",""map-migrated"":""d-server-02rouei8domo00"",""name"":""PushNotificationsApi"",""owner"":""tercmpcmartins""}",PushNotificationsApi,"[""arn:aws:apigateway:us-east-1::/restapis/fc5fo6j38k""]",aws,us-east-1,978569075048,aws_cockpitprd,"{""connection_name"":""aws_cockpitprd"",""steampipe"":{""sdk_version"":""5.13.1""}}","{""connection_name"":""aws_cockpitprd"",""steampipe"":{""sdk_version"":""5.13.1""}}"
Packages,dr873pgg3f,rmuvbjm4kk,2021-03-18T16:42:45Z,HEADER,2021-07-06T22:20:39-03:00,Criar pacotes de exames e medicamentos mais utilizados pelos profissionais,,,,,"[""REGIONAL""]",,AVAILABLE,,false,,TLS_1_0,,,Packages,"[""arn:aws:apigateway:us-east-1::/restapis/dr873pgg3f""]",aws,us-east-1,978569075048,aws_cockpitprd,"{""connection_name"":""aws_cockpitprd"",""steampipe"":{""sdk_version"":""5.13.1""}}","{""connection_name"":""aws_cockpitprd"",""steampipe"":{""sdk_version"":""5.13.1""}}"
CareGap,0662qdo039,hj9bnsays4,2019-10-24T21:18:56Z,HEADER,2020-05-29T15:49:16-03:00,Buscar CareGaps,,,,,"[""REGIONAL""]",,AVAILABLE,,false,,TLS_1_0,,,CareGap,"[""arn:aws:apigateway:us-east-1::/restapis/0662qdo039""]",aws,us-east-1,978569075048,aws_cockpitprd,"{""connection_name"":""aws_cockpitprd"",""steampipe"":{""sdk_version"":""5.13.1""}}","{""connection_name"":""aws_cockpitprd"",""steampipe"":{""sdk_version"":""5.13.1""}}"
TelemedicineFollowing,lnj7c9v4hj,4vj6d4y6e6,2019-10-28T12:25:58Z,HEADER,2020-05-29T19:52:34-03:00,Buscar Telemedicine,,,,,"[""REGIONAL""]",,AVAILABLE,,false,,TLS_1_0,,,TelemedicineFollowing,"[""arn:aws:apigateway:us-east-1::/restapis/lnj7c9v4hj""]",aws,us-east-1,978569075048,aws_cockpitprd,"{""connection_name"":""aws_cockpitprd"",""steampipe"":{""sdk_version"":""5.13.1""}}","{""connection_name"":""aws_cockpitprd"",""steampipe"":{""sdk_version"":""5.13.1""}}"
MedicalSpecialty,lzz0gkf23i,q94alktxmj,2019-10-24T22:35:36Z,HEADER,2020-05-29T19:49:54-03:00,Buscar Especialidade Médica,,,,,"[""REGIONAL""]",,AVAILABLE,,false,,TLS_1_0,,,MedicalSpecialty,"[""arn:aws:apigateway:us-east-1::/restapis/lzz0gkf23i""]",aws,us-east-1,978569075048,aws_cockpitprd,"{""connection_name"":""aws_cockpitprd"",""steampipe"":{""sdk_version"":""5.13.1""}}","{""connection_name"":""aws_cockpitprd"",""steampipe"":{""sdk_version"":""5.13.1""}}"
Prescription,tiahpjy5d7,ecbkoesvt9,,HEADER,2023-03-03T23:17:31-03:00,,,,,,"[""REGIONAL""]",,AVAILABLE,,false,,TLS_1_0,,,Prescription,"[""arn:aws:apigateway:us-east-1::/restapis/tiahpjy5d7""]",aws,us-east-1,978569075048,aws_cockpitprd,"{""connection_name"":""aws_cockpitprd"",""steampipe"":{""sdk_version"":""5.13.1""}}","{""connection_name"":""aws_cockpitprd"",""steampipe"":{""sdk_version"":""5.13.1""}}"
Video-room,at4555ngw8,jt9hkkqt45,,HEADER,2022-12-26T15:52:10-03:00,Api para integração da sala de vídeo,,,,,"[""REGIONAL""]",,AVAILABLE,,false,,TLS_1_0,,,Video-room,"[""arn:aws:apigateway:us-east-1::/restapis/at4555ngw8""]",aws,us-east-1,978569075048,aws_cockpitprd,"{""connection_name"":""aws_cockpitprd"",""steampipe"":{""sdk_version"":""5.13.1""}}","{""connection_name"":""aws_cockpitprd"",""steampipe"":{""sdk_version"":""5.13.1""}}"
authentication,3g6kzbysh7,lp8ub0k6b8,,HEADER,2023-11-09T19:09:01-03:00,"Api que valida JWT para websockets
",,,,,"[""REGIONAL""]",,AVAILABLE,,false,,TLS_1_0,,,authentication,"[""arn:aws:apigateway:us-east-1::/restapis/3g6kzbysh7""]",aws,us-east-1,978569075048,aws_cockpitprd,"{""connection_name"":""aws_cockpitprd"",""steampipe"":{""sdk_version"":""5.13.1""}}","{""connection_name"":""aws_cockpitprd"",""steampipe"":{""sdk_version"":""5.13.1""}}"
Scheduling,nutr4x14jb,0yitgco1gg,2020-05-28T10:31:49Z,HEADER,2020-05-29T19:50:56-03:00,Persistir Atendimentos,,,,,"[""REGIONAL""]",,AVAILABLE,,false,,TLS_1_0,,,Scheduling,"[""arn:aws:apigateway:us-east-1::/restapis/nutr4x14jb""]",aws,us-east-1,978569075048,aws_cockpitprd,"{""connection_name"":""aws_cockpitprd"",""steampipe"":{""sdk_version"":""5.13.1""}}","{""connection_name"":""aws_cockpitprd"",""steampipe"":{""sdk_version"":""5.13.1""}}"
prd-hsl-mc-paper-load-pdfs,nit1elkxsh,7fr4wll379,,HEADER,2023-07-14T18:29:09-03:00,,,,,,"[""EDGE""]",,AVAILABLE,,false,,TLS_1_0,,"{""STAGE"":""prd"",""aws:cloudformation:logical-id"":""ApiGatewayRestApi"",""aws:cloudformation:stack-id"":""arn:aws:cloudformation:us-east-1:978569075048:stack/hsl-mc-paper-load-pdfs-prd/5a69a470-228d-11ee-87ec-125c32d5421f"",""aws:cloudformation:stack-name"":""hsl-mc-paper-load-pdfs-prd"",""hsl:operation:map-at"":""2023-07-15 05:00:33"",""map-migrated"":""d-server-02rouei8domo00""}",prd-hsl-mc-paper-load-pdfs,"[""arn:aws:apigateway:us-east-1::/restapis/nit1elkxsh""]",aws,us-east-1,978569075048,aws_cockpitprd,"{""connection_name"":""aws_cockpitprd"",""steampipe"":{""sdk_version"":""5.13.1""}}","{""connection_name"":""aws_cockpitprd"",""steampipe"":{""sdk_version"":""5.13.1""}}"
SocialHabit,e8u750qdzl,7yn91i9wfi,2020-05-28T11:03:26Z,HEADER,2020-05-29T19:51:19-03:00,Buscar Habitos Sociais,,,,,"[""REGIONAL""]",,AVAILABLE,,false,,TLS_1_0,,,SocialHabit,"[""arn:aws:apigateway:us-east-1::/restapis/e8u750qdzl""]",aws,us-east-1,978569075048,aws_cockpitprd,"{""connection_name"":""aws_cockpitprd"",""steampipe"":{""sdk_version"":""5.13.1""}}","{""connection_name"":""aws_cockpitprd"",""steampipe"":{""sdk_version"":""5.13.1""}}"
ComplianceApi,xx68th8x20,mur68d1yg4,,HEADER,2024-03-12T09:11:26-03:00,Processamento de dados para pacientes,,,,,"[""REGIONAL""]",,AVAILABLE,,false,,TLS_1_0,,"{""hsl:operation:map-at"":""2024-03-13 05:00:35"",""hsl:product"":""cockpit"",""hsl:product:app"":""cockpit"",""hsl:product:env"":""prd"",""hsl:product:nature"":""cockpit"",""map-migrated"":""d-server-02rouei8domo00"",""name"":""ComplianceApi"",""owner"":""tercmpcmartins""}",ComplianceApi,"[""arn:aws:apigateway:us-east-1::/restapis/xx68th8x20""]",aws,us-east-1,978569075048,aws_cockpitprd,"{""connection_name"":""aws_cockpitprd"",""steampipe"":{""sdk_version"":""5.13.1""}}","{""connection_name"":""aws_cockpitprd"",""steampipe"":{""sdk_version"":""5.13.1""}}"
CIAP,a5i1419soc,nrmpk81jp4,2020-05-27T14:46:33Z,HEADER,2020-05-29T19:47:50-03:00,Buscar CIAP,,,,,"[""REGIONAL""]",,AVAILABLE,,false,,TLS_1_0,,,CIAP,"[""arn:aws:apigateway:us-east-1::/restapis/a5i1419soc""]",aws,us-east-1,978569075048,aws_cockpitprd,"{""connection_name"":""aws_cockpitprd"",""steampipe"":{""sdk_version"":""5.13.1""}}","{""connection_name"":""aws_cockpitprd"",""steampipe"":{""sdk_version"":""5.13.1""}}"
PopulationHealthDocumentsApi,3aa8cahqw0,wby0hp2g3i,,HEADER,2024-11-12T18:06:44-03:00,Api de documentos do App Saúde Populacional,,,,,"[""REGIONAL""]",,AVAILABLE,,false,,TLS_1_0,,"{""hsl:operation:map-at"":""2024-11-26 05:00:36"",""hsl:product"":""app"",""hsl:product:app"":""app"",""hsl:product:env"":""prd"",""hsl:product:nature"":""app"",""map-migrated"":""d-server-02rouei8domo00"",""name"":""PopulationHealthDocumentsApi"",""owner"":""tercmpcmartins"",""repository"":""population-health-documents-api""}",PopulationHealthDocumentsApi,"[""arn:aws:apigateway:us-east-1::/restapis/3aa8cahqw0""]",aws,us-east-1,978569075048,aws_cockpitprd,"{""connection_name"":""aws_cockpitprd"",""steampipe"":{""sdk_version"":""5.13.1""}}","{""connection_name"":""aws_cockpitprd"",""steampipe"":{""sdk_version"":""5.13.1""}}"
Medication,svxyzyz680,piqdnfjfwl,2020-05-28T10:25:21Z,HEADER,2020-05-29T19:50:14-03:00,Buscar Medicação,,,,,"[""REGIONAL""]",,AVAILABLE,,false,,TLS_1_0,,,Medication,"[""arn:aws:apigateway:us-east-1::/restapis/svxyzyz680""]",aws,us-east-1,978569075048,aws_cockpitprd,"{""connection_name"":""aws_cockpitprd"",""steampipe"":{""sdk_version"":""5.13.1""}}","{""connection_name"":""aws_cockpitprd"",""steampipe"":{""sdk_version"":""5.13.1""}}"
SolutiIntegration,pf9pbm6jtj,lm6an8cqr7,,HEADER,2020-07-24T22:20:59-03:00,Gera documentos assinados digitalmente,,,,,"[""REGIONAL""]",,AVAILABLE,,false,,TLS_1_0,,,SolutiIntegration,"[""arn:aws:apigateway:us-east-1::/restapis/pf9pbm6jtj""]",aws,us-east-1,978569075048,aws_cockpitprd,"{""connection_name"":""aws_cockpitprd"",""steampipe"":{""sdk_version"":""5.13.1""}}","{""connection_name"":""aws_cockpitprd"",""steampipe"":{""sdk_version"":""5.13.1""}}"
Adma,oyehu9dxya,3j3hke4bq8,,HEADER,2025-06-12T03:34:26-03:00,Endpoints antigos que foram migrados do console Adma.,,,,,"[""REGIONAL""]",,AVAILABLE,,false,,TLS_1_0,,,Adma,"[""arn:aws:apigateway:us-east-1::/restapis/oyehu9dxya""]",aws,us-east-1,978569075048,aws_cockpitprd,"{""connection_name"":""aws_cockpitprd"",""steampipe"":{""sdk_version"":""5.13.1""}}","{""connection_name"":""aws_cockpitprd"",""steampipe"":{""sdk_version"":""5.13.1""}}"
Notification,yn0jl10foe,jurn9sx25f,2020-10-08T20:13:15Z,HEADER,2020-10-30T00:18:29-03:00,Envio das notificações do cockpit,,,,,"[""REGIONAL""]",,AVAILABLE,,false,,TLS_1_0,,,Notification,"[""arn:aws:apigateway:us-east-1::/restapis/yn0jl10foe""]",aws,us-east-1,978569075048,aws_cockpitprd,"{""connection_name"":""aws_cockpitprd"",""steampipe"":{""sdk_version"":""5.13.1""}}","{""connection_name"":""aws_cockpitprd"",""steampipe"":{""sdk_version"":""5.13.1""}}"
Domains,a3rvphf8p7,vh5sgh28b2,2020-09-21T14:57:39Z,HEADER,2020-10-29T23:21:33-03:00,Domais cockpit,,,,,"[""REGIONAL""]",,AVAILABLE,,false,,TLS_1_0,,,Domains,"[""arn:aws:apigateway:us-east-1::/restapis/a3rvphf8p7""]",aws,us-east-1,978569075048,aws_cockpitprd,"{""connection_name"":""aws_cockpitprd"",""steampipe"":{""sdk_version"":""5.13.1""}}","{""connection_name"":""aws_cockpitprd"",""steampipe"":{""sdk_version"":""5.13.1""}}"
Profissional,81mz3jut2a,bwtc7p5rk3,,HEADER,2023-02-24T20:13:18-03:00,Profissional,,,,,"[""REGIONAL""]",,AVAILABLE,,false,,TLS_1_0,,,Profissional,"[""arn:aws:apigateway:us-east-1::/restapis/81mz3jut2a""]",aws,us-east-1,978569075048,aws_cockpitprd,"{""connection_name"":""aws_cockpitprd"",""steampipe"":{""sdk_version"":""5.13.1""}}","{""connection_name"":""aws_cockpitprd"",""steampipe"":{""sdk_version"":""5.13.1""}}"
Allergy,m5af3hwws1,3pxva7lr4g,2020-05-28T10:06:34Z,HEADER,2020-05-29T15:10:35-03:00,Buscar Alergias,,,,,"[""REGIONAL""]",,AVAILABLE,,false,,TLS_1_0,,,Allergy,"[""arn:aws:apigateway:us-east-1::/restapis/m5af3hwws1""]",aws,us-east-1,978569075048,aws_cockpitprd,"{""connection_name"":""aws_cockpitprd"",""steampipe"":{""sdk_version"":""5.13.1""}}","{""connection_name"":""aws_cockpitprd"",""steampipe"":{""sdk_version"":""5.13.1""}}"
Patient Integrations,8th9zh1ycj,ntidv193fh,2020-11-30T19:34:10Z,HEADER,2020-12-10T23:03:21-03:00,,,,,,"[""REGIONAL""]",,AVAILABLE,,false,,TLS_1_0,,,Patient Integrations,"[""arn:aws:apigateway:us-east-1::/restapis/8th9zh1ycj""]",aws,us-east-1,978569075048,aws_cockpitprd,"{""connection_name"":""aws_cockpitprd"",""steampipe"":{""sdk_version"":""5.13.1""}}","{""connection_name"":""aws_cockpitprd"",""steampipe"":{""sdk_version"":""5.13.1""}}"
AttendanceIntegration,qoijbacpn2,xkvvki0q6h,,HEADER,2020-07-04T14:52:54-03:00,Persiste os Atendimento,,,,,"[""REGIONAL""]",,AVAILABLE,,false,,TLS_1_0,,,AttendanceIntegration,"[""arn:aws:apigateway:us-east-1::/restapis/qoijbacpn2""]",aws,us-east-1,978569075048,aws_cockpitprd,"{""connection_name"":""aws_cockpitprd"",""steampipe"":{""sdk_version"":""5.13.1""}}","{""connection_name"":""aws_cockpitprd"",""steampipe"":{""sdk_version"":""5.13.1""}}"
specialistApi,de7qx0ws8f,4c3m5gomw1,,HEADER,2024-08-26T15:37:27-03:00,Api de facility,,,,,"[""REGIONAL""]",,AVAILABLE,,false,,TLS_1_0,,"{""hsl:operation:map-at"":""2024-08-27 05:00:35"",""hsl:product"":""cockpit"",""hsl:product:app"":""cockpit"",""hsl:product:env"":""prd"",""hsl:product:nature"":""cockpit"",""map-migrated"":""d-server-02rouei8domo00"",""name"":""specialistApi"",""owner"":""specialist-api""}",specialistApi,"[""arn:aws:apigateway:us-east-1::/restapis/de7qx0ws8f""]",aws,us-east-1,978569075048,aws_cockpitprd,"{""connection_name"":""aws_cockpitprd"",""steampipe"":{""sdk_version"":""5.13.1""}}","{""connection_name"":""aws_cockpitprd"",""steampipe"":{""sdk_version"":""5.13.1""}}"
LinkShortenerApi,dqtncift2d,jakyrsdqxb,,HEADER,2024-06-19T15:55:38-03:00,Api de encurtamento de link,,,,,"[""REGIONAL""]",,AVAILABLE,,false,,TLS_1_0,,"{""hsl:operation:map-at"":""2024-06-21 05:00:36"",""hsl:product"":""cockpit"",""hsl:product:app"":""cockpit"",""hsl:product:env"":""prd"",""hsl:product:nature"":""cockpit"",""map-migrated"":""d-server-02rouei8domo00"",""name"":""LinkShortenerApi"",""owner"":""tercmpcmartins""}",LinkShortenerApi,"[""arn:aws:apigateway:us-east-1::/restapis/dqtncift2d""]",aws,us-east-1,978569075048,aws_cockpitprd,"{""connection_name"":""aws_cockpitprd"",""steampipe"":{""sdk_version"":""5.13.1""}}","{""connection_name"":""aws_cockpitprd"",""steampipe"":{""sdk_version"":""5.13.1""}}"
prd-hsl-pop-health-profile-v3,3pq1w8wzvb,el9xaqlnl9,,HEADER,2023-10-25T16:07:25-03:00,,,,,,"[""EDGE""]",,AVAILABLE,,false,,TLS_1_0,,"{""STAGE"":""prd"",""aws:cloudformation:logical-id"":""ApiGatewayRestApi"",""aws:cloudformation:stack-id"":""arn:aws:cloudformation:us-east-1:978569075048:stack/hsl-pop-health-profile-v3-prd/b56e7760-7369-11ee-b577-1202312cd4f9"",""aws:cloudformation:stack-name"":""hsl-pop-health-profile-v3-prd"",""hsl:operation:map-at"":""2023-10-26 05:00:35"",""map-migrated"":""d-server-02rouei8domo00""}",prd-hsl-pop-health-profile-v3,"[""arn:aws:apigateway:us-east-1::/restapis/3pq1w8wzvb""]",aws,us-east-1,978569075048,aws_cockpitprd,"{""connection_name"":""aws_cockpitprd"",""steampipe"":{""sdk_version"":""5.13.1""}}","{""connection_name"":""aws_cockpitprd"",""steampipe"":{""sdk_version"":""5.13.1""}}"
Attendance,m2sscut9a3,8n50v0x7sj,2020-06-01T11:27:43Z,HEADER,2020-06-01T13:25:40-03:00,Buscar Atendimento,,,,,"[""REGIONAL""]",,AVAILABLE,,false,,TLS_1_0,,,Attendance,"[""arn:aws:apigateway:us-east-1::/restapis/m2sscut9a3""]",aws,us-east-1,978569075048,aws_cockpitprd,"{""connection_name"":""aws_cockpitprd"",""steampipe"":{""sdk_version"":""5.13.1""}}","{""connection_name"":""aws_cockpitprd"",""steampipe"":{""sdk_version"":""5.13.1""}}"
MedicationVia,pqpqb0yw4h,ucdsww4vn4,2020-05-28T10:27:06Z,HEADER,2020-05-29T19:50:34-03:00,Buscar Via de Medicação,,,,,"[""REGIONAL""]",,AVAILABLE,,false,,TLS_1_0,,,MedicationVia,"[""arn:aws:apigateway:us-east-1::/restapis/pqpqb0yw4h""]",aws,us-east-1,978569075048,aws_cockpitprd,"{""connection_name"":""aws_cockpitprd"",""steampipe"":{""sdk_version"":""5.13.1""}}","{""connection_name"":""aws_cockpitprd"",""steampipe"":{""sdk_version"":""5.13.1""}}"
Exams,sk7f9u1i01,memkk3uxy9,2020-05-28T10:21:02Z,HEADER,2020-05-29T19:49:07-03:00,Buscar Exames,,,,,"[""REGIONAL""]",,AVAILABLE,,false,,TLS_1_0,,,Exams,"[""arn:aws:apigateway:us-east-1::/restapis/sk7f9u1i01""]",aws,us-east-1,978569075048,aws_cockpitprd,"{""connection_name"":""aws_cockpitprd"",""steampipe"":{""sdk_version"":""5.13.1""}}","{""connection_name"":""aws_cockpitprd"",""steampipe"":{""sdk_version"":""5.13.1""}}"
Documents,au7em5k1bf,qsq1z2vzpd,,HEADER,2020-07-24T21:44:50-03:00,Salvar documento no s3 e enviar este para o paciente por email,,,,,"[""REGIONAL""]",,AVAILABLE,,false,,TLS_1_0,,,Documents,"[""arn:aws:apigateway:us-east-1::/restapis/au7em5k1bf""]",aws,us-east-1,978569075048,aws_cockpitprd,"{""connection_name"":""aws_cockpitprd"",""steampipe"":{""sdk_version"":""5.13.1""}}","{""connection_name"":""aws_cockpitprd"",""steampipe"":{""sdk_version"":""5.13.1""}}"
SurgicalBackground,pigyywbxv1,4xp3n3crdg,2020-05-28T10:40:20Z,HEADER,2020-05-29T19:51:42-03:00,Buscar Antecedentes Cirurgicos,,,,,"[""REGIONAL""]",,AVAILABLE,,false,,TLS_1_0,,,SurgicalBackground,"[""arn:aws:apigateway:us-east-1::/restapis/pigyywbxv1""]",aws,us-east-1,978569075048,aws_cockpitprd,"{""connection_name"":""aws_cockpitprd"",""steampipe"":{""sdk_version"":""5.13.1""}}","{""connection_name"":""aws_cockpitprd"",""steampipe"":{""sdk_version"":""5.13.1""}}"
PetStore,ps82l31zb4,mwn6hveyql,,HEADER,2020-04-07T21:00:39-03:00,Your first API with Amazon API Gateway. This is a sample API that integrates via HTTP with our demo Pet Store endpoints,,,,,"[""REGIONAL""]",,AVAILABLE,,false,,TLS_1_0,,,PetStore,"[""arn:aws:apigateway:us-east-1::/restapis/ps82l31zb4""]",aws,us-east-1,978569075048,aws_cockpitprd,"{""connection_name"":""aws_cockpitprd"",""steampipe"":{""sdk_version"":""5.13.1""}}","{""connection_name"":""aws_cockpitprd"",""steampipe"":{""sdk_version"":""5.13.1""}}"
GeolocationApi,31l0h80xn5,nn3vvvysxl,,HEADER,2024-04-05T18:11:41-03:00,Processamento de dados para pacientes,,,,,"[""REGIONAL""]",,AVAILABLE,,false,,TLS_1_0,,"{""hsl:operation:map-at"":""2024-04-06 05:00:34"",""hsl:product"":""cockpit"",""hsl:product:app"":""cockpit"",""hsl:product:env"":""prd"",""hsl:product:nature"":""cockpit"",""map-migrated"":""d-server-02rouei8domo00"",""name"":""GeolocationApi"",""owner"":""tercmpcmartins""}",GeolocationApi,"[""arn:aws:apigateway:us-east-1::/restapis/31l0h80xn5""]",aws,us-east-1,978569075048,aws_cockpitprd,"{""connection_name"":""aws_cockpitprd"",""steampipe"":{""sdk_version"":""5.13.1""}}","{""connection_name"":""aws_cockpitprd"",""steampipe"":{""sdk_version"":""5.13.1""}}"
Adicionar novo CID,lqf2tb0q01,i5g9tdb9ke,2020-08-20T18:49:15Z,HEADER,2020-10-30T16:14:18-03:00,Adiciona um novo CID na tabela,,,,,"[""REGIONAL""]",,AVAILABLE,,false,,TLS_1_0,,,Adicionar novo CID,"[""arn:aws:apigateway:us-east-1::/restapis/lqf2tb0q01""]",aws,us-east-1,978569075048,aws_cockpitprd,"{""connection_name"":""aws_cockpitprd"",""steampipe"":{""sdk_version"":""5.13.1""}}","{""connection_name"":""aws_cockpitprd"",""steampipe"":{""sdk_version"":""5.13.1""}}"
CockpitAPIs,x0ykawm6c9,nv5rj5zvae,,HEADER,2025-07-29T23:17:44-03:00,Gateway centralizador de APIs para o Cockpit,,,,,"[""REGIONAL""]",,AVAILABLE,,true,,TLS_1_0,,"{""hsl:operation:map-at"":""2025-12-10 05:00:34"",""hsl:product"":""Cockpit Saúde Populacional"",""hsl:product:env"":""prd"",""hsl:product:owner"":""tercmpcmartins"",""hsl:product:project"":""Internalização Saúde Populacional"",""hsl:product:repository"":""cockpit-infrastructure"",""hsl:product:squad"":""Squad Cockpit"",""hsl:resource"":""api_gateway-CockpitAPIs-prd"",""map-migrated"":""d-server-02rouei8domo00"",""name"":""Infraestrutura Cockpit""}",CockpitAPIs,"[""arn:aws:apigateway:us-east-1::/restapis/x0ykawm6c9""]",aws,us-east-1,978569075048,aws_cockpitprd,"{""connection_name"":""aws_cockpitprd"",""steampipe"":{""sdk_version"":""5.13.1""}}","{""connection_name"":""aws_cockpitprd"",""steampipe"":{""sdk_version"":""5.13.1""}}"
PatientApi,4oc4tczwd4,62pq8a77z1,,HEADER,2023-12-19T16:57:39-03:00,Processamento de dados para pacientes,,,,,"[""REGIONAL""]",,AVAILABLE,,false,,TLS_1_0,,"{""hsl:operation:map-at"":""2024-05-24 05:00:33"",""hsl:product"":""cockpit"",""hsl:product:app"":""cockpit"",""hsl:product:env"":""prd"",""hsl:product:nature"":""cockpit"",""map-migrated"":""d-server-02rouei8domo00"",""name"":""PatientApi"",""owner"":""tercmpcmartins""}",PatientApi,"[""arn:aws:apigateway:us-east-1::/restapis/4oc4tczwd4""]",aws,us-east-1,978569075048,aws_cockpitprd,"{""connection_name"":""aws_cockpitprd"",""steampipe"":{""sdk_version"":""5.13.1""}}","{""connection_name"":""aws_cockpitprd"",""steampipe"":{""sdk_version"":""5.13.1""}}"
PepIntegration,f4iwi69z50,36capojvub,,HEADER,2020-08-10T21:55:11-03:00,,,,,,"[""REGIONAL""]",,AVAILABLE,,false,,TLS_1_0,,,PepIntegration,"[""arn:aws:apigateway:us-east-1::/restapis/f4iwi69z50""]",aws,us-east-1,978569075048,aws_cockpitprd,"{""connection_name"":""aws_cockpitprd"",""steampipe"":{""sdk_version"":""5.13.1""}}","{""connection_name"":""aws_cockpitprd"",""steampipe"":{""sdk_version"":""5.13.1""}}"
Vaccines,j6n0grhfrl,iav586drp8,2020-05-28T10:43:04Z,HEADER,2020-05-29T19:53:09-03:00,Buscar Vacinas,,,,,"[""REGIONAL""]",,AVAILABLE,,false,,TLS_1_0,,,Vaccines,"[""arn:aws:apigateway:us-east-1::/restapis/j6n0grhfrl""]",aws,us-east-1,978569075048,aws_cockpitprd,"{""connection_name"":""aws_cockpitprd"",""steampipe"":{""sdk_version"":""5.13.1""}}","{""connection_name"":""aws_cockpitprd"",""steampipe"":{""sdk_version"":""5.13.1""}}"
HealthShareIntegration,g6z2rvr0qj,zm0oio6gal,,HEADER,2020-07-04T13:59:38-03:00,Api para criar a integração com o HealthShare,,,,,"[""REGIONAL""]",,AVAILABLE,,false,,TLS_1_0,,,HealthShareIntegration,"[""arn:aws:apigateway:us-east-1::/restapis/g6z2rvr0qj""]",aws,us-east-1,978569075048,aws_cockpitprd,"{""connection_name"":""aws_cockpitprd"",""steampipe"":{""sdk_version"":""5.13.1""}}","{""connection_name"":""aws_cockpitprd"",""steampipe"":{""sdk_version"":""5.13.1""}}"
Patient,cbo5wz011i,bpfqi8m45j,2020-06-01T13:54:43Z,HEADER,2020-06-01T13:26:21-03:00,Buscar dados do Paciente,,,,,"[""REGIONAL""]",,AVAILABLE,,false,,TLS_1_0,,,Patient,"[""arn:aws:apigateway:us-east-1::/restapis/cbo5wz011i""]",aws,us-east-1,978569075048,aws_cockpitprd,"{""connection_name"":""aws_cockpitprd"",""steampipe"":{""sdk_version"":""5.13.1""}}","{""connection_name"":""aws_cockpitprd"",""steampipe"":{""sdk_version"":""5.13.1""}}"
VideoRoomApi,0zwc302am3,cl189rhbgi,,HEADER,2024-05-20T19:32:06-03:00,Envio de sala de vídeo por fluxo alternativo Sales Force,,,,,"[""REGIONAL""]",,AVAILABLE,,false,,TLS_1_0,,"{""hsl:operation:map-at"":""2024-05-21 05:00:36"",""hsl:product"":""cockpit"",""hsl:product:app"":""cockpit"",""hsl:product:env"":""prd"",""hsl:product:nature"":""cockpit"",""map-migrated"":""d-server-02rouei8domo00"",""name"":""VideoRoomApi"",""owner"":""tercmpcmartins""}",VideoRoomApi,"[""arn:aws:apigateway:us-east-1::/restapis/0zwc302am3""]",aws,us-east-1,978569075048,aws_cockpitprd,"{""connection_name"":""aws_cockpitprd"",""steampipe"":{""sdk_version"":""5.13.1""}}","{""connection_name"":""aws_cockpitprd"",""steampipe"":{""sdk_version"":""5.13.1""}}"
ClinicalBackground,crx07m664c,qxagy2obxc,2020-05-28T10:19:36Z,HEADER,2020-05-29T19:48:46-03:00,Buscar Antecedentes Clinicos,,,,,"[""REGIONAL""]",,AVAILABLE,,false,,TLS_1_0,,,ClinicalBackground,"[""arn:aws:apigateway:us-east-1::/restapis/crx07m664c""]",aws,us-east-1,978569075048,aws_cockpitprd,"{""connection_name"":""aws_cockpitprd"",""steampipe"":{""sdk_version"":""5.13.1""}}","{""connection_name"":""aws_cockpitprd"",""steampipe"":{""sdk_version"":""5.13.1""}}"
CID,qhesirpdbk,wcxeagirdj,2020-05-28T10:17:32Z,HEADER,2020-05-29T19:48:13-03:00,Buscar CID,,,,,"[""REGIONAL""]",,AVAILABLE,,false,,TLS_1_0,,,CID,"[""arn:aws:apigateway:us-east-1::/restapis/qhesirpdbk""]",aws,us-east-1,978569075048,aws_cockpitprd,"{""connection_name"":""aws_cockpitprd"",""steampipe"":{""sdk_version"":""5.13.1""}}","{""connection_name"":""aws_cockpitprd"",""steampipe"":{""sdk_version"":""5.13.1""}}"
Recaptcha,hyd45hyapd,eevurjxmsh,,HEADER,2023-07-18T18:36:16-03:00,,,,,,"[""REGIONAL""]",,AVAILABLE,,false,,TLS_1_0,,,Recaptcha,"[""arn:aws:apigateway:us-east-1::/restapis/hyd45hyapd""]",aws,us-east-1,978569075048,aws_cockpitprd,"{""connection_name"":""aws_cockpitprd"",""steampipe"":{""sdk_version"":""5.13.1""}}","{""connection_name"":""aws_cockpitprd"",""steampipe"":{""sdk_version"":""5.13.1""}}"
queue-api,h1z32k6bbf,st9jg8vhs4,,HEADER,2023-02-23T19:41:11-03:00,,,,,,"[""REGIONAL""]",,AVAILABLE,,false,,TLS_1_0,,,queue-api,"[""arn:aws:apigateway:us-east-1::/restapis/h1z32k6bbf""]",aws,us-east-1,978569075048,aws_cockpitprd,"{""connection_name"":""aws_cockpitprd"",""steampipe"":{""sdk_version"":""5.13.1""}}","{""connection_name"":""aws_cockpitprd"",""steampipe"":{""sdk_version"":""5.13.1""}}"
prd-hsl-specialties-business,iyzho6qkvb,945r8g4um0,,HEADER,2023-02-27T17:34:34-03:00,,,,,,"[""EDGE""]",,AVAILABLE,,false,,TLS_1_0,,"{""STAGE"":""prd"",""aws:cloudformation:logical-id"":""ApiGatewayRestApi"",""aws:cloudformation:stack-id"":""arn:aws:cloudformation:us-east-1:978569075048:stack/hsl-specialties-business-prd/ff099880-b6dd-11ed-a8ba-0a597fb1e19d"",""aws:cloudformation:stack-name"":""hsl-specialties-business-prd"",""hsl:operation:map-at"":""2023-02-28 05:00:32"",""map-migrated"":""d-server-02rouei8domo00""}",prd-hsl-specialties-business,"[""arn:aws:apigateway:us-east-1::/restapis/iyzho6qkvb""]",aws,us-east-1,978569075048,aws_cockpitprd,"{""connection_name"":""aws_cockpitprd"",""steampipe"":{""sdk_version"":""5.13.1""}}","{""connection_name"":""aws_cockpitprd"",""steampipe"":{""sdk_version"":""5.13.1""}}"
hsl-unmask-data,sfsa5bxnn1,2ok98sl6rd,2021-09-15T21:25:22Z,HEADER,2021-10-14T14:17:17-03:00,,,"{""Statement"":[{""Action"":""execute-api:Invoke"",""Effect"":""Allow"",""Principal"":""*"",""Resource"":""arn:aws:execute-api:us-east-1:304295835706:8u76ctsrq7/*/*/*""}],""Version"":""2012-10-17""}","{""Statement"":[{""Action"":[""execute-api:invoke""],""Effect"":""Allow"",""Principal"":{""AWS"":[""*""]},""Resource"":[""arn:aws:execute-api:us-east-1:304295835706:8u76ctsrq7/*/*/*""]}],""Version"":""2012-10-17""}",,"[""PRIVATE""]",,AVAILABLE,,false,,TLS_1_2,,,hsl-unmask-data,"[""arn:aws:apigateway:us-east-1::/restapis/sfsa5bxnn1""]",aws,us-east-1,308676119841,aws_datalakeprd,"{""connection_name"":""aws_datalakeprd"",""steampipe"":{""sdk_version"":""5.13.1""}}","{""connection_name"":""aws_datalakeprd"",""steampipe"":{""sdk_version"":""5.13.1""}}"
NoShow,ua45vnulkh,tot9jbu69k,,HEADER,2020-09-11T10:41:58-03:00,API Gateway para o projeto No Show,,"{""Statement"":[{""Action"":""*"",""Effect"":""Allow"",""Principal"":{""AWS"":""*""},""Resource"":""arn:aws:execute-api:us-east-1:308676119841:ua45vnulkh/*""}],""Version"":""2012-10-17""}","{""Statement"":[{""Action"":[""*""],""Effect"":""Allow"",""Principal"":{""AWS"":[""*""]},""Resource"":[""arn:aws:execute-api:us-east-1:308676119841:ua45vnulkh/*""]}],""Version"":""2012-10-17""}",,"[""PRIVATE""]","[""vpce-08aa827d0127b2c64""]",AVAILABLE,,false,,TLS_1_2,,,NoShow,"[""arn:aws:apigateway:us-east-1::/restapis/ua45vnulkh""]",aws,us-east-1,308676119841,aws_datalakeprd,"{""connection_name"":""aws_datalakeprd"",""steampipe"":{""sdk_version"":""5.13.1""}}","{""connection_name"":""aws_datalakeprd"",""steampipe"":{""sdk_version"":""5.13.1""}}"
ProcessRisData,h1uhjrhj5h,wp5oridydf,,HEADER,2021-02-01T18:42:49-03:00,API de envio dos dados ris,,,,,"[""REGIONAL""]",,AVAILABLE,,false,,TLS_1_0,,,ProcessRisData,"[""arn:aws:apigateway:us-east-1::/restapis/h1uhjrhj5h""]",aws,us-east-1,308676119841,aws_datalakeprd,"{""connection_name"":""aws_datalakeprd"",""steampipe"":{""sdk_version"":""5.13.1""}}","{""connection_name"":""aws_datalakeprd"",""steampipe"":{""sdk_version"":""5.13.1""}}"
data-monitoring,qpp82i2xof,ayy9qg9t6h,,HEADER,2021-05-18T10:51:20-03:00,"API for data monitoring
Squad Dados Clinicos",,"{""Statement"":[{""Action"":""*"",""Effect"":""Allow"",""Principal"":{""AWS"":""*""},""Resource"":""arn:aws:execute-api:us-east-1:308676119841:qpp82i2xof/*""}],""Version"":""2012-10-17""}","{""Statement"":[{""Action"":[""*""],""Effect"":""Allow"",""Principal"":{""AWS"":[""*""]},""Resource"":[""arn:aws:execute-api:us-east-1:308676119841:qpp82i2xof/*""]}],""Version"":""2012-10-17""}",,"[""PRIVATE""]",,AVAILABLE,,false,,TLS_1_2,,,data-monitoring,"[""arn:aws:apigateway:us-east-1::/restapis/qpp82i2xof""]",aws,us-east-1,308676119841,aws_datalakeprd,"{""connection_name"":""aws_datalakeprd"",""steampipe"":{""sdk_version"":""5.13.1""}}","{""connection_name"":""aws_datalakeprd"",""steampipe"":{""sdk_version"":""5.13.1""}}"
