id,name,rest_api_id,auth_type,authorizer_credentials,authorizer_uri,identity_validation_expression,authorizer_result_ttl_in_seconds,identity_source,provider_arns,title,akas,partition,region,account_id,sp_connection_name,sp_ctx,_ctx
qyxohe,ApiLambdaAuthorizer,u71yta3o2g,custom,,arn:aws:apigateway:sa-east-1:lambda:path/2015-03-31/functions/arn:aws:lambda:sa-east-1:634045278394:function:auth-auhorizer-ckp:v4-1/invocations,,300,"method.request.header.Authorization, method.request.header.Channel",,ApiLambdaAuthorizer,"[""arn:aws:apigateway:sa-east-1:413850945308::/restapis/u71yta3o2g/authorizer/qyxohe""]",aws,sa-east-1,413850945308,aws_backbonedigitalprd,"{""connection_name"":""aws_backbonedigitalprd"",""steampipe"":{""sdk_version"":""5.13.1""}}","{""connection_name"":""aws_backbonedigitalprd"",""steampipe"":{""sdk_version"":""5.13.1""}}"
fnuj57,ApiLambdaAuthorizer,sucr4xpis2,custom,,arn:aws:apigateway:sa-east-1:lambda:path/2015-03-31/functions/arn:aws:lambda:sa-east-1:634045278394:function:auth-auhorizer-ckp:v4-1/invocations,,300,"method.request.header.Authorization, method.request.header.Channel",,ApiLambdaAuthorizer,"[""arn:aws:apigateway:sa-east-1:413850945308::/restapis/sucr4xpis2/authorizer/fnuj57""]",aws,sa-east-1,413850945308,aws_backbonedigitalprd,"{""connection_name"":""aws_backbonedigitalprd"",""steampipe"":{""sdk_version"":""5.13.1""}}","{""connection_name"":""aws_backbonedigitalprd"",""steampipe"":{""sdk_version"":""5.13.1""}}"
v5z7sd,fhir-works-authorizer-prd-sa-east-1,dm05mbmqx5,cognito_user_pools,,,,,method.request.header.Authorization,"[""arn:aws:cognito-idp:sa-east-1:413850945308:userpool/sa-east-1_Q1UaWdnoE""]",fhir-works-authorizer-prd-sa-east-1,"[""arn:aws:apigateway:sa-east-1:413850945308::/restapis/dm05mbmqx5/authorizer/v5z7sd""]",aws,sa-east-1,413850945308,aws_backbonedigitalprd,"{""connection_name"":""aws_backbonedigitalprd"",""steampipe"":{""sdk_version"":""5.13.1""}}","{""connection_name"":""aws_backbonedigitalprd"",""steampipe"":{""sdk_version"":""5.13.1""}}"
zoz6yb,ApiLambdaAuthorizer,mzlvh21bng,custom,,arn:aws:apigateway:sa-east-1:lambda:path/2015-03-31/functions/arn:aws:lambda:sa-east-1:634045278394:function:auth-authorizer:v2/invocations,,300,"method.request.header.Authorization, method.request.header.Channel",,ApiLambdaAuthorizer,"[""arn:aws:apigateway:sa-east-1:413850945308::/restapis/mzlvh21bng/authorizer/zoz6yb""]",aws,sa-east-1,413850945308,aws_backbonedigitalprd,"{""connection_name"":""aws_backbonedigitalprd"",""steampipe"":{""sdk_version"":""5.13.1""}}","{""connection_name"":""aws_backbonedigitalprd"",""steampipe"":{""sdk_version"":""5.13.1""}}"
2auon8,ApiLambdaAuthorizer,2i6zzjp2b3,custom,,arn:aws:apigateway:sa-east-1:lambda:path/2015-03-31/functions/arn:aws:lambda:sa-east-1:634045278394:function:auth-auhorizer-ckp:v4-1/invocations,,300,"method.request.header.Authorization, method.request.header.Channel",,ApiLambdaAuthorizer,"[""arn:aws:apigateway:sa-east-1:413850945308::/restapis/2i6zzjp2b3/authorizer/2auon8""]",aws,sa-east-1,413850945308,aws_backbonedigitalprd,"{""connection_name"":""aws_backbonedigitalprd"",""steampipe"":{""sdk_version"":""5.13.1""}}","{""connection_name"":""aws_backbonedigitalprd"",""steampipe"":{""sdk_version"":""5.13.1""}}"
3o93qb,ApiLambdaAuthorizer,auy8vulk88,custom,,arn:aws:apigateway:sa-east-1:lambda:path/2015-03-31/functions/arn:aws:lambda:sa-east-1:634045278394:function:auth-auhorizer-ckp:v4-1/invocations,,300,"method.request.header.Authorization, method.request.header.Channel",,ApiLambdaAuthorizer,"[""arn:aws:apigateway:sa-east-1:413850945308::/restapis/auy8vulk88/authorizer/3o93qb""]",aws,sa-east-1,413850945308,aws_backbonedigitalprd,"{""connection_name"":""aws_backbonedigitalprd"",""steampipe"":{""sdk_version"":""5.13.1""}}","{""connection_name"":""aws_backbonedigitalprd"",""steampipe"":{""sdk_version"":""5.13.1""}}"
56pdog,ApiCognitoAuthorizer,8jp7iyhj6c,custom,,arn:aws:apigateway:sa-east-1:lambda:path/2015-03-31/functions/arn:aws:lambda:sa-east-1:634045278394:function:auth-auhorizer-ckp:v4-1/invocations,,300,"method.request.header.Authorization, method.request.header.Channel",,ApiCognitoAuthorizer,"[""arn:aws:apigateway:sa-east-1:413850945308::/restapis/8jp7iyhj6c/authorizer/56pdog""]",aws,sa-east-1,413850945308,aws_backbonedigitalprd,"{""connection_name"":""aws_backbonedigitalprd"",""steampipe"":{""sdk_version"":""5.13.1""}}","{""connection_name"":""aws_backbonedigitalprd"",""steampipe"":{""sdk_version"":""5.13.1""}}"
oct5u6,JWTAuthorizer,z2xy3oux67,custom,,arn:aws:apigateway:sa-east-1:lambda:path/2015-03-31/functions/arn:aws:lambda:sa-east-1:413850945308:function:receita-digital_jwt-validator/invocations,,0,method.request.header.Authorization,,JWTAuthorizer,"[""arn:aws:apigateway:sa-east-1:413850945308::/restapis/z2xy3oux67/authorizer/oct5u6""]",aws,sa-east-1,413850945308,aws_backbonedigitalprd,"{""connection_name"":""aws_backbonedigitalprd"",""steampipe"":{""sdk_version"":""5.13.1""}}","{""connection_name"":""aws_backbonedigitalprd"",""steampipe"":{""sdk_version"":""5.13.1""}}"
qw8jes,TestAuthorizerV2-US,uj4n95hc3h,custom,,arn:aws:apigateway:us-east-1:lambda:path/2015-03-31/functions/arn:aws:lambda:us-east-1:634045278394:function:auth-auhorizer-ckp:v4-1/invocations,,0,"method.request.header.Authorization,method.request.header.Channel",,TestAuthorizerV2-US,"[""arn:aws:apigateway:sa-east-1:413850945308::/restapis/uj4n95hc3h/authorizer/qw8jes""]",aws,sa-east-1,413850945308,aws_backbonedigitalprd,"{""connection_name"":""aws_backbonedigitalprd"",""steampipe"":{""sdk_version"":""5.13.1""}}","{""connection_name"":""aws_backbonedigitalprd"",""steampipe"":{""sdk_version"":""5.13.1""}}"
7y7p5v,ApiCognitoAuthorizer,8uo1ki7gt1,custom,,arn:aws:apigateway:sa-east-1:lambda:path/2015-03-31/functions/arn:aws:lambda:sa-east-1:634045278394:function:auth-auhorizer-ckp:v4-1/invocations,,300,"method.request.header.Authorization, method.request.header.Channel",,ApiCognitoAuthorizer,"[""arn:aws:apigateway:sa-east-1:413850945308::/restapis/8uo1ki7gt1/authorizer/7y7p5v""]",aws,sa-east-1,413850945308,aws_backbonedigitalprd,"{""connection_name"":""aws_backbonedigitalprd"",""steampipe"":{""sdk_version"":""5.13.1""}}","{""connection_name"":""aws_backbonedigitalprd"",""steampipe"":{""sdk_version"":""5.13.1""}}"
97275c,AuthorizationCSC,akvflxksjb,custom,,arn:aws:apigateway:sa-east-1:lambda:path/2015-03-31/functions/arn:aws:lambda:sa-east-1:634045278394:function:auth-authorizer:v2/invocations,,300,"method.request.header.Authorization, method.request.header.Channel",,AuthorizationCSC,"[""arn:aws:apigateway:sa-east-1:413850945308::/restapis/akvflxksjb/authorizer/97275c""]",aws,sa-east-1,413850945308,aws_backbonedigitalprd,"{""connection_name"":""aws_backbonedigitalprd"",""steampipe"":{""sdk_version"":""5.13.1""}}","{""connection_name"":""aws_backbonedigitalprd"",""steampipe"":{""sdk_version"":""5.13.1""}}"
c2f50a,TestAuthorizerV2-SA,uj4n95hc3h,custom,,arn:aws:apigateway:sa-east-1:lambda:path/2015-03-31/functions/arn:aws:lambda:sa-east-1:634045278394:function:auth-auhorizer-ckp:v4-1/invocations,,0,"method.request.header.Authorization,method.request.header.Channel",,TestAuthorizerV2-SA,"[""arn:aws:apigateway:sa-east-1:413850945308::/restapis/uj4n95hc3h/authorizer/c2f50a""]",aws,sa-east-1,413850945308,aws_backbonedigitalprd,"{""connection_name"":""aws_backbonedigitalprd"",""steampipe"":{""sdk_version"":""5.13.1""}}","{""connection_name"":""aws_backbonedigitalprd"",""steampipe"":{""sdk_version"":""5.13.1""}}"
ouoq7t,ApiLambdaAuthorizer,czp4qsvr2i,custom,,arn:aws:apigateway:sa-east-1:lambda:path/2015-03-31/functions/arn:aws:lambda:sa-east-1:634045278394:function:auth-auhorizer-ckp:v4-1/invocations,,300,"method.request.header.Authorization, method.request.header.Channel",,ApiLambdaAuthorizer,"[""arn:aws:apigateway:sa-east-1:413850945308::/restapis/czp4qsvr2i/authorizer/ouoq7t""]",aws,sa-east-1,413850945308,aws_backbonedigitalprd,"{""connection_name"":""aws_backbonedigitalprd"",""steampipe"":{""sdk_version"":""5.13.1""}}","{""connection_name"":""aws_backbonedigitalprd"",""steampipe"":{""sdk_version"":""5.13.1""}}"
4kynt9,ApiLambdaAuthorizer,sbmn8vw5m7,custom,,arn:aws:apigateway:sa-east-1:lambda:path/2015-03-31/functions/arn:aws:lambda:sa-east-1:634045278394:function:auth-auhorizer-ckp:v4-1/invocations,,300,"method.request.header.Authorization, method.request.header.Channel",,ApiLambdaAuthorizer,"[""arn:aws:apigateway:sa-east-1:413850945308::/restapis/sbmn8vw5m7/authorizer/4kynt9""]",aws,sa-east-1,413850945308,aws_backbonedigitalprd,"{""connection_name"":""aws_backbonedigitalprd"",""steampipe"":{""sdk_version"":""5.13.1""}}","{""connection_name"":""aws_backbonedigitalprd"",""steampipe"":{""sdk_version"":""5.13.1""}}"
9061bg,ApiLambdaAuthorizer,fscvl5916c,custom,,arn:aws:apigateway:sa-east-1:lambda:path/2015-03-31/functions/arn:aws:lambda:sa-east-1:634045278394:function:auth-auhorizer-ckp:v4-1/invocations,,300,"method.request.header.Authorization, method.request.header.Channel",,ApiLambdaAuthorizer,"[""arn:aws:apigateway:sa-east-1:413850945308::/restapis/fscvl5916c/authorizer/9061bg""]",aws,sa-east-1,413850945308,aws_backbonedigitalprd,"{""connection_name"":""aws_backbonedigitalprd"",""steampipe"":{""sdk_version"":""5.13.1""}}","{""connection_name"":""aws_backbonedigitalprd"",""steampipe"":{""sdk_version"":""5.13.1""}}"
fcldiw,WebhookTokenAuthorizer,sbmn8vw5m7,custom,,arn:aws:apigateway:sa-east-1:lambda:path/2015-03-31/functions/arn:aws:lambda:sa-east-1:413850945308:function:plugplay_pagamentos_webhook-auth/invocations,,0,method.request.header.Authorization,,WebhookTokenAuthorizer,"[""arn:aws:apigateway:sa-east-1:413850945308::/restapis/sbmn8vw5m7/authorizer/fcldiw""]",aws,sa-east-1,413850945308,aws_backbonedigitalprd,"{""connection_name"":""aws_backbonedigitalprd"",""steampipe"":{""sdk_version"":""5.13.1""}}","{""connection_name"":""aws_backbonedigitalprd"",""steampipe"":{""sdk_version"":""5.13.1""}}"
ssfcij,WebhookTokenAuthorizer,czp4qsvr2i,custom,,arn:aws:apigateway:sa-east-1:lambda:path/2015-03-31/functions/arn:aws:lambda:sa-east-1:413850945308:function:plugplay_ensino_webhook-auth/invocations,,0,method.request.header.Authorization,,WebhookTokenAuthorizer,"[""arn:aws:apigateway:sa-east-1:413850945308::/restapis/czp4qsvr2i/authorizer/ssfcij""]",aws,sa-east-1,413850945308,aws_backbonedigitalprd,"{""connection_name"":""aws_backbonedigitalprd"",""steampipe"":{""sdk_version"":""5.13.1""}}","{""connection_name"":""aws_backbonedigitalprd"",""steampipe"":{""sdk_version"":""5.13.1""}}"
c4udqc,ApiLambdaAuthorizer,eh7fotxjx6,custom,,arn:aws:apigateway:sa-east-1:lambda:path/2015-03-31/functions/arn:aws:lambda:sa-east-1:634045278394:function:auth-auhorizer-ckp:v4-1/invocations,,300,"method.request.header.Authorization, method.request.header.Channel",,ApiLambdaAuthorizer,"[""arn:aws:apigateway:sa-east-1:413850945308::/restapis/eh7fotxjx6/authorizer/c4udqc""]",aws,sa-east-1,413850945308,aws_backbonedigitalprd,"{""connection_name"":""aws_backbonedigitalprd"",""steampipe"":{""sdk_version"":""5.13.1""}}","{""connection_name"":""aws_backbonedigitalprd"",""steampipe"":{""sdk_version"":""5.13.1""}}"
kkluhc,ApiCognitoAuthorizer,3rwfwqfnbj,custom,,arn:aws:apigateway:sa-east-1:lambda:path/2015-03-31/functions/arn:aws:lambda:sa-east-1:634045278394:function:auth-auhorizer-ckp:v4-1/invocations,,300,"method.request.header.Authorization, method.request.header.Channel",,ApiCognitoAuthorizer,"[""arn:aws:apigateway:sa-east-1:413850945308::/restapis/3rwfwqfnbj/authorizer/kkluhc""]",aws,sa-east-1,413850945308,aws_backbonedigitalprd,"{""connection_name"":""aws_backbonedigitalprd"",""steampipe"":{""sdk_version"":""5.13.1""}}","{""connection_name"":""aws_backbonedigitalprd"",""steampipe"":{""sdk_version"":""5.13.1""}}"
0ccalq,authorizerFunc,8nv375xfni,custom,,arn:aws:apigateway:sa-east-1:lambda:path/2015-03-31/functions/arn:aws:lambda:sa-east-1:413850945308:function:sirio-gerador-sala-prod-authorizerFunc/invocations,,,method.request.header.Authorization,,authorizerFunc,"[""arn:aws:apigateway:sa-east-1:413850945308::/restapis/8nv375xfni/authorizer/0ccalq""]",aws,sa-east-1,413850945308,aws_backbonedigitalprd,"{""connection_name"":""aws_backbonedigitalprd"",""steampipe"":{""sdk_version"":""5.13.1""}}","{""connection_name"":""aws_backbonedigitalprd"",""steampipe"":{""sdk_version"":""5.13.1""}}"
5do0ne,ApiLambdaAuthorizer,cfeuzl83hh,custom,,arn:aws:apigateway:sa-east-1:lambda:path/2015-03-31/functions/arn:aws:lambda:sa-east-1:634045278394:function:auth-auhorizer-ckp:v4-1/invocations,,300,"method.request.header.Authorization, method.request.header.Channel",,ApiLambdaAuthorizer,"[""arn:aws:apigateway:sa-east-1:413850945308::/restapis/cfeuzl83hh/authorizer/5do0ne""]",aws,sa-east-1,413850945308,aws_backbonedigitalprd,"{""connection_name"":""aws_backbonedigitalprd"",""steampipe"":{""sdk_version"":""5.13.1""}}","{""connection_name"":""aws_backbonedigitalprd"",""steampipe"":{""sdk_version"":""5.13.1""}}"
dt4wwk,JWTAuthorizer,2pix47omib,custom,,arn:aws:apigateway:sa-east-1:lambda:path/2015-03-31/functions/arn:aws:lambda:sa-east-1:413850945308:function:plugplay-ensino-ead-api_jwt-validator/invocations,,0,method.request.header.Authorization,,JWTAuthorizer,"[""arn:aws:apigateway:sa-east-1:413850945308::/restapis/2pix47omib/authorizer/dt4wwk""]",aws,sa-east-1,413850945308,aws_backbonedigitalprd,"{""connection_name"":""aws_backbonedigitalprd"",""steampipe"":{""sdk_version"":""5.13.1""}}","{""connection_name"":""aws_backbonedigitalprd"",""steampipe"":{""sdk_version"":""5.13.1""}}"
4vnipe,ApiLambdaAuthorizer,2pix47omib,custom,,arn:aws:apigateway:sa-east-1:lambda:path/2015-03-31/functions/arn:aws:lambda:sa-east-1:634045278394:function:auth-auhorizer-ckp:v4-1/invocations,,300,"method.request.header.Authorization, method.request.header.Channel",,ApiLambdaAuthorizer,"[""arn:aws:apigateway:sa-east-1:413850945308::/restapis/2pix47omib/authorizer/4vnipe""]",aws,sa-east-1,413850945308,aws_backbonedigitalprd,"{""connection_name"":""aws_backbonedigitalprd"",""steampipe"":{""sdk_version"":""5.13.1""}}","{""connection_name"":""aws_backbonedigitalprd"",""steampipe"":{""sdk_version"":""5.13.1""}}"
33lt35,ApiLambdaAuthorizer,w03n06ywl6,custom,,arn:aws:apigateway:sa-east-1:lambda:path/2015-03-31/functions/arn:aws:lambda:sa-east-1:634045278394:function:auth-auhorizer-ckp:v4-1/invocations,,300,"method.request.header.Authorization, method.request.header.Channel",,ApiLambdaAuthorizer,"[""arn:aws:apigateway:sa-east-1:413850945308::/restapis/w03n06ywl6/authorizer/33lt35""]",aws,sa-east-1,413850945308,aws_backbonedigitalprd,"{""connection_name"":""aws_backbonedigitalprd"",""steampipe"":{""sdk_version"":""5.13.1""}}","{""connection_name"":""aws_backbonedigitalprd"",""steampipe"":{""sdk_version"":""5.13.1""}}"
863wv2,ApiLambdaAuthorizer,069oqmei8a,custom,,arn:aws:apigateway:sa-east-1:lambda:path/2015-03-31/functions/arn:aws:lambda:sa-east-1:634045278394:function:auth-authorizer:v2/invocations,,300,"method.request.header.Authorization, method.request.header.Channel",,ApiLambdaAuthorizer,"[""arn:aws:apigateway:sa-east-1:413850945308::/restapis/069oqmei8a/authorizer/863wv2""]",aws,sa-east-1,413850945308,aws_backbonedigitalprd,"{""connection_name"":""aws_backbonedigitalprd"",""steampipe"":{""sdk_version"":""5.13.1""}}","{""connection_name"":""aws_backbonedigitalprd"",""steampipe"":{""sdk_version"":""5.13.1""}}"
asfzut,AuthorizerV2,xm4zchko8k,custom,,arn:aws:apigateway:sa-east-1:lambda:path/2015-03-31/functions/arn:aws:lambda:sa-east-1:634045278394:function:auth-auhorizer-ckp:v4-1/invocations,,0,"method.request.header.Authorization,method.request.header.Channel",,AuthorizerV2,"[""arn:aws:apigateway:sa-east-1:413850945308::/restapis/xm4zchko8k/authorizer/asfzut""]",aws,sa-east-1,413850945308,aws_backbonedigitalprd,"{""connection_name"":""aws_backbonedigitalprd"",""steampipe"":{""sdk_version"":""5.13.1""}}","{""connection_name"":""aws_backbonedigitalprd"",""steampipe"":{""sdk_version"":""5.13.1""}}"
gihcoi,ApiLambdaAuthorizer,2b5kujq59h,custom,,arn:aws:apigateway:sa-east-1:lambda:path/2015-03-31/functions/arn:aws:lambda:sa-east-1:634045278394:function:auth-auhorizer-ckp:v4-1/invocations,,300,"method.request.header.Authorization, method.request.header.Channel",,ApiLambdaAuthorizer,"[""arn:aws:apigateway:sa-east-1:413850945308::/restapis/2b5kujq59h/authorizer/gihcoi""]",aws,sa-east-1,413850945308,aws_backbonedigitalprd,"{""connection_name"":""aws_backbonedigitalprd"",""steampipe"":{""sdk_version"":""5.13.1""}}","{""connection_name"":""aws_backbonedigitalprd"",""steampipe"":{""sdk_version"":""5.13.1""}}"
hsjj38,ApiLambdaAuthorizer,50ppsgd3lg,custom,,arn:aws:apigateway:sa-east-1:lambda:path/2015-03-31/functions/arn:aws:lambda:sa-east-1:634045278394:function:auth-authorizer:v2/invocations,,300,"method.request.header.Authorization, method.request.header.Channel",,ApiLambdaAuthorizer,"[""arn:aws:apigateway:sa-east-1:413850945308::/restapis/50ppsgd3lg/authorizer/hsjj38""]",aws,sa-east-1,413850945308,aws_backbonedigitalprd,"{""connection_name"":""aws_backbonedigitalprd"",""steampipe"":{""sdk_version"":""5.13.1""}}","{""connection_name"":""aws_backbonedigitalprd"",""steampipe"":{""sdk_version"":""5.13.1""}}"
ooukzw,ApiLambdaAuthorizer,9m653iw6da,custom,,arn:aws:apigateway:sa-east-1:lambda:path/2015-03-31/functions/arn:aws:lambda:sa-east-1:634045278394:function:auth-auhorizer-ckp:v4-1/invocations,,300,"method.request.header.Authorization, method.request.header.Channel",,ApiLambdaAuthorizer,"[""arn:aws:apigateway:sa-east-1:413850945308::/restapis/9m653iw6da/authorizer/ooukzw""]",aws,sa-east-1,413850945308,aws_backbonedigitalprd,"{""connection_name"":""aws_backbonedigitalprd"",""steampipe"":{""sdk_version"":""5.13.1""}}","{""connection_name"":""aws_backbonedigitalprd"",""steampipe"":{""sdk_version"":""5.13.1""}}"
8wxc8u,ApiLambdaAuthorizer,ujkq31588j,custom,,arn:aws:apigateway:sa-east-1:lambda:path/2015-03-31/functions/arn:aws:lambda:sa-east-1:634045278394:function:auth-auhorizer-ckp:v4-1/invocations,,300,"method.request.header.Authorization, method.request.header.Channel",,ApiLambdaAuthorizer,"[""arn:aws:apigateway:sa-east-1:413850945308::/restapis/ujkq31588j/authorizer/8wxc8u""]",aws,sa-east-1,413850945308,aws_backbonedigitalprd,"{""connection_name"":""aws_backbonedigitalprd"",""steampipe"":{""sdk_version"":""5.13.1""}}","{""connection_name"":""aws_backbonedigitalprd"",""steampipe"":{""sdk_version"":""5.13.1""}}"
kn1ucg,ApiLambdaAuthorizer,of5l7ybsnd,custom,,arn:aws:apigateway:sa-east-1:lambda:path/2015-03-31/functions/arn:aws:lambda:sa-east-1:634045278394:function:auth-auhorizer-ckp:v4-1/invocations,,300,"method.request.header.Authorization, method.request.header.Channel",,ApiLambdaAuthorizer,"[""arn:aws:apigateway:sa-east-1:413850945308::/restapis/of5l7ybsnd/authorizer/kn1ucg""]",aws,sa-east-1,413850945308,aws_backbonedigitalprd,"{""connection_name"":""aws_backbonedigitalprd"",""steampipe"":{""sdk_version"":""5.13.1""}}","{""connection_name"":""aws_backbonedigitalprd"",""steampipe"":{""sdk_version"":""5.13.1""}}"
p1jiox,ApiCognitoAuthorizer,w2ojzaiwxe,custom,,arn:aws:apigateway:sa-east-1:lambda:path/2015-03-31/functions/arn:aws:lambda:sa-east-1:634045278394:function:auth-auhorizer-ckp:v4-1/invocations,,300,"method.request.header.Authorization, method.request.header.Channel",,ApiCognitoAuthorizer,"[""arn:aws:apigateway:sa-east-1:413850945308::/restapis/w2ojzaiwxe/authorizer/p1jiox""]",aws,sa-east-1,413850945308,aws_backbonedigitalprd,"{""connection_name"":""aws_backbonedigitalprd"",""steampipe"":{""sdk_version"":""5.13.1""}}","{""connection_name"":""aws_backbonedigitalprd"",""steampipe"":{""sdk_version"":""5.13.1""}}"
ec528b,ApiLambdaAuthorizer,yeulm94gs3,custom,,arn:aws:apigateway:sa-east-1:lambda:path/2015-03-31/functions/arn:aws:lambda:sa-east-1:634045278394:function:auth-auhorizer-ckp:v4-1/invocations,,300,"method.request.header.Authorization, method.request.header.Channel",,ApiLambdaAuthorizer,"[""arn:aws:apigateway:sa-east-1:413850945308::/restapis/yeulm94gs3/authorizer/ec528b""]",aws,sa-east-1,413850945308,aws_backbonedigitalprd,"{""connection_name"":""aws_backbonedigitalprd"",""steampipe"":{""sdk_version"":""5.13.1""}}","{""connection_name"":""aws_backbonedigitalprd"",""steampipe"":{""sdk_version"":""5.13.1""}}"
id3qt1,ApiLambdaAuthorizer,ky2hth1lh4,custom,,arn:aws:apigateway:sa-east-1:lambda:path/2015-03-31/functions/arn:aws:lambda:sa-east-1:634045278394:function:auth-auhorizer-ckp:v4-1/invocations,,300,"method.request.header.Authorization, method.request.header.Channel",,ApiLambdaAuthorizer,"[""arn:aws:apigateway:sa-east-1:413850945308::/restapis/ky2hth1lh4/authorizer/id3qt1""]",aws,sa-east-1,413850945308,aws_backbonedigitalprd,"{""connection_name"":""aws_backbonedigitalprd"",""steampipe"":{""sdk_version"":""5.13.1""}}","{""connection_name"":""aws_backbonedigitalprd"",""steampipe"":{""sdk_version"":""5.13.1""}}"
s7guzd,ApiLambdaAuthorizer,yw3ab3t68i,custom,,arn:aws:apigateway:sa-east-1:lambda:path/2015-03-31/functions/arn:aws:lambda:sa-east-1:634045278394:function:auth-authorizer:v2/invocations,,300,"method.request.header.Authorization, method.request.header.Channel",,ApiLambdaAuthorizer,"[""arn:aws:apigateway:sa-east-1:413850945308::/restapis/yw3ab3t68i/authorizer/s7guzd""]",aws,sa-east-1,413850945308,aws_backbonedigitalprd,"{""connection_name"":""aws_backbonedigitalprd"",""steampipe"":{""sdk_version"":""5.13.1""}}","{""connection_name"":""aws_backbonedigitalprd"",""steampipe"":{""sdk_version"":""5.13.1""}}"
ytc3ww,ApiLambdaAuthorizer,4tej87l4b9,custom,,arn:aws:apigateway:sa-east-1:lambda:path/2015-03-31/functions/arn:aws:lambda:sa-east-1:634045278394:function:auth-auhorizer-ckp:v4-1/invocations,,300,"method.request.header.Authorization, method.request.header.Channel",,ApiLambdaAuthorizer,"[""arn:aws:apigateway:sa-east-1:413850945308::/restapis/4tej87l4b9/authorizer/ytc3ww""]",aws,sa-east-1,413850945308,aws_backbonedigitalprd,"{""connection_name"":""aws_backbonedigitalprd"",""steampipe"":{""sdk_version"":""5.13.1""}}","{""connection_name"":""aws_backbonedigitalprd"",""steampipe"":{""sdk_version"":""5.13.1""}}"
xm8ztj,bsSessionValidatePortalPaciente,u5zogppp2i,custom,,arn:aws:apigateway:us-east-1:lambda:path/2015-03-31/functions/arn:aws:lambda:us-east-1:814219691651:function:bsSessionValidate/invocations,,0,"method.request.header.channel,method.request.header.authorization,method.request.header.dna",,bsSessionValidatePortalPaciente,"[""arn:aws:apigateway:us-east-1:787345280606::/restapis/u5zogppp2i/authorizer/xm8ztj""]",aws,us-east-1,787345280606,aws_apppacienteprd,"{""connection_name"":""aws_apppacienteprd"",""steampipe"":{""sdk_version"":""5.13.1""}}","{""connection_name"":""aws_apppacienteprd"",""steampipe"":{""sdk_version"":""5.13.1""}}"
2shfk8,hsl-app-authorizer,f6nfcozz2m,custom,,arn:aws:apigateway:us-east-1:lambda:path/2015-03-31/functions/arn:aws:lambda:us-east-1:787345280606:function:hsl-app-authorizer-hsl-get-authorization/invocations,,0,method.request.header.Authorization,,hsl-app-authorizer,"[""arn:aws:apigateway:us-east-1:787345280606::/restapis/f6nfcozz2m/authorizer/2shfk8""]",aws,us-east-1,787345280606,aws_apppacienteprd,"{""connection_name"":""aws_apppacienteprd"",""steampipe"":{""sdk_version"":""5.13.1""}}","{""connection_name"":""aws_apppacienteprd"",""steampipe"":{""sdk_version"":""5.13.1""}}"
joyiaa,bsSessionValidatePortalPaciente,f6nfcozz2m,custom,,arn:aws:apigateway:us-east-1:lambda:path/2015-03-31/functions/arn:aws:lambda:us-east-1:814219691651:function:bsSessionValidate/invocations,,0,method.request.header.Authorization,,bsSessionValidatePortalPaciente,"[""arn:aws:apigateway:us-east-1:787345280606::/restapis/f6nfcozz2m/authorizer/joyiaa""]",aws,us-east-1,787345280606,aws_apppacienteprd,"{""connection_name"":""aws_apppacienteprd"",""steampipe"":{""sdk_version"":""5.13.1""}}","{""connection_name"":""aws_apppacienteprd"",""steampipe"":{""sdk_version"":""5.13.1""}}"
ifdvvv,hsl-app-cognito,f6nfcozz2m,cognito_user_pools,,,,,method.request.header.Authorization,"[""arn:aws:cognito-idp:us-east-1:787345280606:userpool/us-east-1_HAPYLapCP""]",hsl-app-cognito,"[""arn:aws:apigateway:us-east-1:787345280606::/restapis/f6nfcozz2m/authorizer/ifdvvv""]",aws,us-east-1,787345280606,aws_apppacienteprd,"{""connection_name"":""aws_apppacienteprd"",""steampipe"":{""sdk_version"":""5.13.1""}}","{""connection_name"":""aws_apppacienteprd"",""steampipe"":{""sdk_version"":""5.13.1""}}"
g32whb,authorizer,f6nfcozz2m,custom,,arn:aws:apigateway:us-east-1:lambda:path/2015-03-31/functions/arn:aws:lambda:us-east-1:787345280606:function:login-hsl-get/invocations,,0,method.request.header.Authorization,,authorizer,"[""arn:aws:apigateway:us-east-1:787345280606::/restapis/f6nfcozz2m/authorizer/g32whb""]",aws,us-east-1,787345280606,aws_apppacienteprd,"{""connection_name"":""aws_apppacienteprd"",""steampipe"":{""sdk_version"":""5.13.1""}}","{""connection_name"":""aws_apppacienteprd"",""steampipe"":{""sdk_version"":""5.13.1""}}"
7t3vl0,MyLambdaRequestAuthorizer,yl1hfs0d9d,custom,,arn:aws:apigateway:us-east-1:lambda:path/2015-03-31/functions/arn:aws:lambda:us-east-1:634045278394:function:auth-authorizer:v2/invocations,,,"method.request.header.Authorization, method.request.header.Channel",,MyLambdaRequestAuthorizer,"[""arn:aws:apigateway:us-east-1:802274005479::/restapis/yl1hfs0d9d/authorizer/7t3vl0""]",aws,us-east-1,802274005479,aws_autcentcirurgicoprd,"{""connection_name"":""aws_autcentcirurgicoprd"",""steampipe"":{""sdk_version"":""5.13.1""}}","{""connection_name"":""aws_autcentcirurgicoprd"",""steampipe"":{""sdk_version"":""5.13.1""}}"
v4vxaw,CognitoAuthorizer,yl1hfs0d9d,cognito_user_pools,,,,,method.request.header.Authorization,"[""arn:aws:cognito-idp:us-east-1:802274005479:userpool/us-east-1_1ukZzO3Ug""]",CognitoAuthorizer,"[""arn:aws:apigateway:us-east-1:802274005479::/restapis/yl1hfs0d9d/authorizer/v4vxaw""]",aws,us-east-1,802274005479,aws_autcentcirurgicoprd,"{""connection_name"":""aws_autcentcirurgicoprd"",""steampipe"":{""sdk_version"":""5.13.1""}}","{""connection_name"":""aws_autcentcirurgicoprd"",""steampipe"":{""sdk_version"":""5.13.1""}}"
0wi6bq,MyLambdaRequestAuthorizer,zw9zdc3wg5,custom,,arn:aws:apigateway:us-east-1:lambda:path/2015-03-31/functions/arn:aws:lambda:us-east-1:634045278394:function:auth-authorizer:v2/invocations,,,"method.request.header.Authorization, method.request.header.Channel",,MyLambdaRequestAuthorizer,"[""arn:aws:apigateway:us-east-1:802274005479::/restapis/zw9zdc3wg5/authorizer/0wi6bq""]",aws,us-east-1,802274005479,aws_autcentcirurgicoprd,"{""connection_name"":""aws_autcentcirurgicoprd"",""steampipe"":{""sdk_version"":""5.13.1""}}","{""connection_name"":""aws_autcentcirurgicoprd"",""steampipe"":{""sdk_version"":""5.13.1""}}"
gp6e9j,CognitoAuthorizer,zw9zdc3wg5,cognito_user_pools,,,,,method.request.header.Authorization,"[""arn:aws:cognito-idp:us-east-1:802274005479:userpool/us-east-1_1ukZzO3Ug""]",CognitoAuthorizer,"[""arn:aws:apigateway:us-east-1:802274005479::/restapis/zw9zdc3wg5/authorizer/gp6e9j""]",aws,us-east-1,802274005479,aws_autcentcirurgicoprd,"{""connection_name"":""aws_autcentcirurgicoprd"",""steampipe"":{""sdk_version"":""5.13.1""}}","{""connection_name"":""aws_autcentcirurgicoprd"",""steampipe"":{""sdk_version"":""5.13.1""}}"
xprylx,HslRequestAuthorizer,n5zgj8dqx2,custom,,arn:aws:apigateway:us-east-1:lambda:path/2015-03-31/functions/arn:aws:lambda:us-east-1:634045278394:function:auth-authorizer:v2/invocations,,,"method.request.header.Authorization, method.request.header.Channel",,HslRequestAuthorizer,"[""arn:aws:apigateway:us-east-1:802274005479::/restapis/n5zgj8dqx2/authorizer/xprylx""]",aws,us-east-1,802274005479,aws_autcentcirurgicoprd,"{""connection_name"":""aws_autcentcirurgicoprd"",""steampipe"":{""sdk_version"":""5.13.1""}}","{""connection_name"":""aws_autcentcirurgicoprd"",""steampipe"":{""sdk_version"":""5.13.1""}}"
v1dtax,Authorizer_CSC,dqtncift2d,custom,,arn:aws:apigateway:us-east-1:lambda:path/2015-03-31/functions/arn:aws:lambda:us-east-1:636573963281:function:auth-authorizer/invocations,,0,"method.request.header.Channel,method.request.header.Authorization,method.request.header.dna",,Authorizer_CSC,"[""arn:aws:apigateway:us-east-1:978569075048::/restapis/dqtncift2d/authorizer/v1dtax""]",aws,us-east-1,978569075048,aws_cockpitprd,"{""connection_name"":""aws_cockpitprd"",""steampipe"":{""sdk_version"":""5.13.1""}}","{""connection_name"":""aws_cockpitprd"",""steampipe"":{""sdk_version"":""5.13.1""}}"
9rlz22,Authorizer_CSC,3g6kzbysh7,custom,,arn:aws:apigateway:us-east-1:lambda:path/2015-03-31/functions/arn:aws:lambda:us-east-1:634045278394:function:auth-authorizer/invocations,,0,"method.request.header.Channel,method.request.header.Authorization",,Authorizer_CSC,"[""arn:aws:apigateway:us-east-1:978569075048::/restapis/3g6kzbysh7/authorizer/9rlz22""]",aws,us-east-1,978569075048,aws_cockpitprd,"{""connection_name"":""aws_cockpitprd"",""steampipe"":{""sdk_version"":""5.13.1""}}","{""connection_name"":""aws_cockpitprd"",""steampipe"":{""sdk_version"":""5.13.1""}}"
9euxqt,Authorizer_CSC,pigyywbxv1,custom,,arn:aws:apigateway:us-east-1:lambda:path/2015-03-31/functions/arn:aws:lambda:us-east-1:634045278394:function:auth-authorizer/invocations,,0,"method.request.header.Channel,method.request.header.Authorization",,Authorizer_CSC,"[""arn:aws:apigateway:us-east-1:978569075048::/restapis/pigyywbxv1/authorizer/9euxqt""]",aws,us-east-1,978569075048,aws_cockpitprd,"{""connection_name"":""aws_cockpitprd"",""steampipe"":{""sdk_version"":""5.13.1""}}","{""connection_name"":""aws_cockpitprd"",""steampipe"":{""sdk_version"":""5.13.1""}}"
yrtqck,Authenticator,pigyywbxv1,custom,,arn:aws:apigateway:us-east-1:lambda:path/2015-03-31/functions/arn:aws:lambda:us-east-1:610291246568:function:msAuthenticator/invocations,,0,method.request.header.Authorization,,Authenticator,"[""arn:aws:apigateway:us-east-1:978569075048::/restapis/pigyywbxv1/authorizer/yrtqck""]",aws,us-east-1,978569075048,aws_cockpitprd,"{""connection_name"":""aws_cockpitprd"",""steampipe"":{""sdk_version"":""5.13.1""}}","{""connection_name"":""aws_cockpitprd"",""steampipe"":{""sdk_version"":""5.13.1""}}"
88rdnt,Authorizer_CSC,fc5fo6j38k,custom,,arn:aws:apigateway:us-east-1:lambda:path/2015-03-31/functions/arn:aws:lambda:us-east-1:636573963281:function:auth-authorizer/invocations,,0,"method.request.header.Channel,method.request.header.Authorization,method.request.header.dna",,Authorizer_CSC,"[""arn:aws:apigateway:us-east-1:978569075048::/restapis/fc5fo6j38k/authorizer/88rdnt""]",aws,us-east-1,978569075048,aws_cockpitprd,"{""connection_name"":""aws_cockpitprd"",""steampipe"":{""sdk_version"":""5.13.1""}}","{""connection_name"":""aws_cockpitprd"",""steampipe"":{""sdk_version"":""5.13.1""}}"
ow7r8z,Authenticator,dr873pgg3f,custom,,arn:aws:apigateway:us-east-1:lambda:path/2015-03-31/functions/arn:aws:lambda:us-east-1:610291246568:function:msAuthenticator/invocations,,0,method.request.header.Authorization,,Authenticator,"[""arn:aws:apigateway:us-east-1:978569075048::/restapis/dr873pgg3f/authorizer/ow7r8z""]",aws,us-east-1,978569075048,aws_cockpitprd,"{""connection_name"":""aws_cockpitprd"",""steampipe"":{""sdk_version"":""5.13.1""}}","{""connection_name"":""aws_cockpitprd"",""steampipe"":{""sdk_version"":""5.13.1""}}"
ewm3qw,Authorizer_CSC,f4iwi69z50,custom,,arn:aws:apigateway:us-east-1:lambda:path/2015-03-31/functions/arn:aws:lambda:us-east-1:636573963281:function:auth-authorizer/invocations,,0,"method.request.header.Channel,method.request.header.Authorization",,Authorizer_CSC,"[""arn:aws:apigateway:us-east-1:978569075048::/restapis/f4iwi69z50/authorizer/ewm3qw""]",aws,us-east-1,978569075048,aws_cockpitprd,"{""connection_name"":""aws_cockpitprd"",""steampipe"":{""sdk_version"":""5.13.1""}}","{""connection_name"":""aws_cockpitprd"",""steampipe"":{""sdk_version"":""5.13.1""}}"
awn1tt,Authenticator,pqpqb0yw4h,custom,,arn:aws:apigateway:us-east-1:lambda:path/2015-03-31/functions/arn:aws:lambda:us-east-1:610291246568:function:msAuthenticator/invocations,,0,method.request.header.Authorization,,Authenticator,"[""arn:aws:apigateway:us-east-1:978569075048::/restapis/pqpqb0yw4h/authorizer/awn1tt""]",aws,us-east-1,978569075048,aws_cockpitprd,"{""connection_name"":""aws_cockpitprd"",""steampipe"":{""sdk_version"":""5.13.1""}}","{""connection_name"":""aws_cockpitprd"",""steampipe"":{""sdk_version"":""5.13.1""}}"
h8pqo9,Authorizer_CSC,pqpqb0yw4h,custom,,arn:aws:apigateway:us-east-1:lambda:path/2015-03-31/functions/arn:aws:lambda:us-east-1:634045278394:function:auth-authorizer/invocations,,0,"method.request.header.Channel,method.request.header.Authorization",,Authorizer_CSC,"[""arn:aws:apigateway:us-east-1:978569075048::/restapis/pqpqb0yw4h/authorizer/h8pqo9""]",aws,us-east-1,978569075048,aws_cockpitprd,"{""connection_name"":""aws_cockpitprd"",""steampipe"":{""sdk_version"":""5.13.1""}}","{""connection_name"":""aws_cockpitprd"",""steampipe"":{""sdk_version"":""5.13.1""}}"
me5mex,Authenticator,svxyzyz680,custom,,arn:aws:apigateway:us-east-1:lambda:path/2015-03-31/functions/arn:aws:lambda:us-east-1:610291246568:function:msAuthenticator/invocations,,0,method.request.header.Authorization,,Authenticator,"[""arn:aws:apigateway:us-east-1:978569075048::/restapis/svxyzyz680/authorizer/me5mex""]",aws,us-east-1,978569075048,aws_cockpitprd,"{""connection_name"":""aws_cockpitprd"",""steampipe"":{""sdk_version"":""5.13.1""}}","{""connection_name"":""aws_cockpitprd"",""steampipe"":{""sdk_version"":""5.13.1""}}"
t7kc13,Authorizer_CSC,svxyzyz680,custom,,arn:aws:apigateway:us-east-1:lambda:path/2015-03-31/functions/arn:aws:lambda:us-east-1:634045278394:function:auth-authorizer/invocations,,0,"method.request.header.Channel,method.request.header.Authorization",,Authorizer_CSC,"[""arn:aws:apigateway:us-east-1:978569075048::/restapis/svxyzyz680/authorizer/t7kc13""]",aws,us-east-1,978569075048,aws_cockpitprd,"{""connection_name"":""aws_cockpitprd"",""steampipe"":{""sdk_version"":""5.13.1""}}","{""connection_name"":""aws_cockpitprd"",""steampipe"":{""sdk_version"":""5.13.1""}}"
fmjlqe,Authorizer_CSC,0zwc302am3,custom,,arn:aws:apigateway:us-east-1:lambda:path/2015-03-31/functions/arn:aws:lambda:us-east-1:636573963281:function:auth-authorizer/invocations,,0,"method.request.header.Channel,method.request.header.Authorization",,Authorizer_CSC,"[""arn:aws:apigateway:us-east-1:978569075048::/restapis/0zwc302am3/authorizer/fmjlqe""]",aws,us-east-1,978569075048,aws_cockpitprd,"{""connection_name"":""aws_cockpitprd"",""steampipe"":{""sdk_version"":""5.13.1""}}","{""connection_name"":""aws_cockpitprd"",""steampipe"":{""sdk_version"":""5.13.1""}}"
lgskp8,Authorizer_CSC,dr873pgg3f,custom,,arn:aws:apigateway:us-east-1:lambda:path/2015-03-31/functions/arn:aws:lambda:us-east-1:634045278394:function:auth-authorizer/invocations,,0,"method.request.header.Channel,method.request.header.Authorization",,Authorizer_CSC,"[""arn:aws:apigateway:us-east-1:978569075048::/restapis/dr873pgg3f/authorizer/lgskp8""]",aws,us-east-1,978569075048,aws_cockpitprd,"{""connection_name"":""aws_cockpitprd"",""steampipe"":{""sdk_version"":""5.13.1""}}","{""connection_name"":""aws_cockpitprd"",""steampipe"":{""sdk_version"":""5.13.1""}}"
15b0n6,AuthAuthorizer,5k3v001x88,custom,,arn:aws:apigateway:us-east-1:lambda:path/2015-03-31/functions/arn:aws:lambda:us-east-1:636573963281:function:auth-authorizer:v2/invocations,,0,"method.request.header.Authorization,method.request.header.Channel",,AuthAuthorizer,"[""arn:aws:apigateway:us-east-1:308676119841::/restapis/5k3v001x88/authorizer/15b0n6""]",aws,us-east-1,308676119841,aws_datalakeprd,"{""connection_name"":""aws_datalakeprd"",""steampipe"":{""sdk_version"":""5.13.1""}}","{""connection_name"":""aws_datalakeprd"",""steampipe"":{""sdk_version"":""5.13.1""}}"
70ex6f,AuthAuthorizer,qpp82i2xof,custom,,arn:aws:apigateway:us-east-1:lambda:path/2015-03-31/functions/arn:aws:lambda:us-east-1:634045278394:function:auth-authorizer/invocations,,0,"method.request.header.Authorization,method.request.header.Channel",,AuthAuthorizer,"[""arn:aws:apigateway:us-east-1:308676119841::/restapis/qpp82i2xof/authorizer/70ex6f""]",aws,us-east-1,308676119841,aws_datalakeprd,"{""connection_name"":""aws_datalakeprd"",""steampipe"":{""sdk_version"":""5.13.1""}}","{""connection_name"":""aws_datalakeprd"",""steampipe"":{""sdk_version"":""5.13.1""}}"
1evas1,AuthAuthorizer,sfsa5bxnn1,custom,,arn:aws:apigateway:us-east-1:lambda:path/2015-03-31/functions/arn:aws:lambda:us-east-1:634045278394:function:auth-authorizer/invocations,,0,"method.request.header.Authorization,method.request.header.Channel",,AuthAuthorizer,"[""arn:aws:apigateway:us-east-1:308676119841::/restapis/sfsa5bxnn1/authorizer/1evas1""]",aws,us-east-1,308676119841,aws_datalakeprd,"{""connection_name"":""aws_datalakeprd"",""steampipe"":{""sdk_version"":""5.13.1""}}","{""connection_name"":""aws_datalakeprd"",""steampipe"":{""sdk_version"":""5.13.1""}}"
ywt2ll,Authorizer_CSC,at4555ngw8,custom,,arn:aws:apigateway:us-east-1:lambda:path/2015-03-31/functions/arn:aws:lambda:us-east-1:634045278394:function:auth-authorizer/invocations,,0,"method.request.header.Channel,method.request.header.Authorization",,Authorizer_CSC,"[""arn:aws:apigateway:us-east-1:978569075048::/restapis/at4555ngw8/authorizer/ywt2ll""]",aws,us-east-1,978569075048,aws_cockpitprd,"{""connection_name"":""aws_cockpitprd"",""steampipe"":{""sdk_version"":""5.13.1""}}","{""connection_name"":""aws_cockpitprd"",""steampipe"":{""sdk_version"":""5.13.1""}}"
63op9l,Authorizer_CSC,a3rvphf8p7,custom,,arn:aws:apigateway:us-east-1:lambda:path/2015-03-31/functions/arn:aws:lambda:us-east-1:634045278394:function:auth-authorizer/invocations,,0,"method.request.header.Channel,method.request.header.Authorization",,Authorizer_CSC,"[""arn:aws:apigateway:us-east-1:978569075048::/restapis/a3rvphf8p7/authorizer/63op9l""]",aws,us-east-1,978569075048,aws_cockpitprd,"{""connection_name"":""aws_cockpitprd"",""steampipe"":{""sdk_version"":""5.13.1""}}","{""connection_name"":""aws_cockpitprd"",""steampipe"":{""sdk_version"":""5.13.1""}}"
g09zz7,Authorizer_CSC_external,x0ykawm6c9,custom,,arn:aws:apigateway:us-east-1:lambda:path/2015-03-31/functions/arn:aws:lambda:us-east-1:634045278394:function:auth-authorizer/invocations,,0,"method.request.header.channel,method.request.header.authorization,method.request.header.x-api-key",,Authorizer_CSC_external,"[""arn:aws:apigateway:us-east-1:978569075048::/restapis/x0ykawm6c9/authorizer/g09zz7""]",aws,us-east-1,978569075048,aws_cockpitprd,"{""connection_name"":""aws_cockpitprd"",""steampipe"":{""sdk_version"":""5.13.1""}}","{""connection_name"":""aws_cockpitprd"",""steampipe"":{""sdk_version"":""5.13.1""}}"
zcyeqc,Authorizer_CSC,g6z2rvr0qj,custom,,arn:aws:apigateway:us-east-1:lambda:path/2015-03-31/functions/arn:aws:lambda:us-east-1:634045278394:function:auth-authorizer/invocations,,0,"method.request.header.Channel,method.request.header.Authorization",,Authorizer_CSC,"[""arn:aws:apigateway:us-east-1:978569075048::/restapis/g6z2rvr0qj/authorizer/zcyeqc""]",aws,us-east-1,978569075048,aws_cockpitprd,"{""connection_name"":""aws_cockpitprd"",""steampipe"":{""sdk_version"":""5.13.1""}}","{""connection_name"":""aws_cockpitprd"",""steampipe"":{""sdk_version"":""5.13.1""}}"
1tzmgt,Authorizer_CSC,au7em5k1bf,custom,,arn:aws:apigateway:us-east-1:lambda:path/2015-03-31/functions/arn:aws:lambda:us-east-1:634045278394:function:auth-authorizer/invocations,,0,"method.request.header.Channel,method.request.header.Authorization",,Authorizer_CSC,"[""arn:aws:apigateway:us-east-1:978569075048::/restapis/au7em5k1bf/authorizer/1tzmgt""]",aws,us-east-1,978569075048,aws_cockpitprd,"{""connection_name"":""aws_cockpitprd"",""steampipe"":{""sdk_version"":""5.13.1""}}","{""connection_name"":""aws_cockpitprd"",""steampipe"":{""sdk_version"":""5.13.1""}}"
fwzfjj,Authenticator,sk7f9u1i01,custom,,arn:aws:apigateway:us-east-1:lambda:path/2015-03-31/functions/arn:aws:lambda:us-east-1:610291246568:function:msAuthenticator/invocations,,0,method.request.header.Authorization,,Authenticator,"[""arn:aws:apigateway:us-east-1:978569075048::/restapis/sk7f9u1i01/authorizer/fwzfjj""]",aws,us-east-1,978569075048,aws_cockpitprd,"{""connection_name"":""aws_cockpitprd"",""steampipe"":{""sdk_version"":""5.13.1""}}","{""connection_name"":""aws_cockpitprd"",""steampipe"":{""sdk_version"":""5.13.1""}}"
gprbpb,Authenticator,m5af3hwws1,custom,,arn:aws:apigateway:us-east-1:lambda:path/2015-03-31/functions/arn:aws:lambda:us-east-1:610291246568:function:msAuthenticator/invocations,,0,method.request.header.Authorization,,Authenticator,"[""arn:aws:apigateway:us-east-1:978569075048::/restapis/m5af3hwws1/authorizer/gprbpb""]",aws,us-east-1,978569075048,aws_cockpitprd,"{""connection_name"":""aws_cockpitprd"",""steampipe"":{""sdk_version"":""5.13.1""}}","{""connection_name"":""aws_cockpitprd"",""steampipe"":{""sdk_version"":""5.13.1""}}"
wsq7hk,Authenticator,qhesirpdbk,custom,,arn:aws:apigateway:us-east-1:lambda:path/2015-03-31/functions/arn:aws:lambda:us-east-1:610291246568:function:msAuthenticator/invocations,,0,method.request.header.Authorization,,Authenticator,"[""arn:aws:apigateway:us-east-1:978569075048::/restapis/qhesirpdbk/authorizer/wsq7hk""]",aws,us-east-1,978569075048,aws_cockpitprd,"{""connection_name"":""aws_cockpitprd"",""steampipe"":{""sdk_version"":""5.13.1""}}","{""connection_name"":""aws_cockpitprd"",""steampipe"":{""sdk_version"":""5.13.1""}}"
chfdqt,Authenticator,a5i1419soc,custom,,arn:aws:apigateway:us-east-1:lambda:path/2015-03-31/functions/arn:aws:lambda:us-east-1:610291246568:function:msAuthenticator/invocations,,0,method.request.header.Authorization,,Authenticator,"[""arn:aws:apigateway:us-east-1:978569075048::/restapis/a5i1419soc/authorizer/chfdqt""]",aws,us-east-1,978569075048,aws_cockpitprd,"{""connection_name"":""aws_cockpitprd"",""steampipe"":{""sdk_version"":""5.13.1""}}","{""connection_name"":""aws_cockpitprd"",""steampipe"":{""sdk_version"":""5.13.1""}}"
vyt7ou,Authenticator,1337o49mq2,custom,,arn:aws:apigateway:us-east-1:lambda:path/2015-03-31/functions/arn:aws:lambda:us-east-1:610291246568:function:msAuthenticator/invocations,,0,method.request.header.Authorization,,Authenticator,"[""arn:aws:apigateway:us-east-1:978569075048::/restapis/1337o49mq2/authorizer/vyt7ou""]",aws,us-east-1,978569075048,aws_cockpitprd,"{""connection_name"":""aws_cockpitprd"",""steampipe"":{""sdk_version"":""5.13.1""}}","{""connection_name"":""aws_cockpitprd"",""steampipe"":{""sdk_version"":""5.13.1""}}"
xc3m16,Authenticator,qoijbacpn2,custom,,arn:aws:apigateway:us-east-1:lambda:path/2015-03-31/functions/arn:aws:lambda:us-east-1:610291246568:function:msAuthenticator/invocations,,0,method.request.header.Authorization,,Authenticator,"[""arn:aws:apigateway:us-east-1:978569075048::/restapis/qoijbacpn2/authorizer/xc3m16""]",aws,us-east-1,978569075048,aws_cockpitprd,"{""connection_name"":""aws_cockpitprd"",""steampipe"":{""sdk_version"":""5.13.1""}}","{""connection_name"":""aws_cockpitprd"",""steampipe"":{""sdk_version"":""5.13.1""}}"
pd8ldn,Authorizer_CSC,pf9pbm6jtj,custom,,arn:aws:apigateway:us-east-1:lambda:path/2015-03-31/functions/arn:aws:lambda:us-east-1:634045278394:function:auth-authorizer/invocations,,0,"method.request.header.Channel,method.request.header.Authorization",,Authorizer_CSC,"[""arn:aws:apigateway:us-east-1:978569075048::/restapis/pf9pbm6jtj/authorizer/pd8ldn""]",aws,us-east-1,978569075048,aws_cockpitprd,"{""connection_name"":""aws_cockpitprd"",""steampipe"":{""sdk_version"":""5.13.1""}}","{""connection_name"":""aws_cockpitprd"",""steampipe"":{""sdk_version"":""5.13.1""}}"
8bdzo5,Authorizer_CSC,qhesirpdbk,custom,,arn:aws:apigateway:us-east-1:lambda:path/2015-03-31/functions/arn:aws:lambda:us-east-1:634045278394:function:auth-authorizer/invocations,,0,"method.request.header.Channel,method.request.header.Authorization",,Authorizer_CSC,"[""arn:aws:apigateway:us-east-1:978569075048::/restapis/qhesirpdbk/authorizer/8bdzo5""]",aws,us-east-1,978569075048,aws_cockpitprd,"{""connection_name"":""aws_cockpitprd"",""steampipe"":{""sdk_version"":""5.13.1""}}","{""connection_name"":""aws_cockpitprd"",""steampipe"":{""sdk_version"":""5.13.1""}}"
49zd24,Authenticator,au7em5k1bf,custom,,arn:aws:apigateway:us-east-1:lambda:path/2015-03-31/functions/arn:aws:lambda:us-east-1:610291246568:function:msAuthenticator/invocations,,0,method.request.header.Authorization,,Authenticator,"[""arn:aws:apigateway:us-east-1:978569075048::/restapis/au7em5k1bf/authorizer/49zd24""]",aws,us-east-1,978569075048,aws_cockpitprd,"{""connection_name"":""aws_cockpitprd"",""steampipe"":{""sdk_version"":""5.13.1""}}","{""connection_name"":""aws_cockpitprd"",""steampipe"":{""sdk_version"":""5.13.1""}}"
tio36k,Authorizer_CSC,1337o49mq2,custom,,arn:aws:apigateway:us-east-1:lambda:path/2015-03-31/functions/arn:aws:lambda:us-east-1:634045278394:function:auth-authorizer/invocations,,0,"method.request.header.Channel,method.request.header.Authorization",,Authorizer_CSC,"[""arn:aws:apigateway:us-east-1:978569075048::/restapis/1337o49mq2/authorizer/tio36k""]",aws,us-east-1,978569075048,aws_cockpitprd,"{""connection_name"":""aws_cockpitprd"",""steampipe"":{""sdk_version"":""5.13.1""}}","{""connection_name"":""aws_cockpitprd"",""steampipe"":{""sdk_version"":""5.13.1""}}"
eoq6o7,Authenticator,g6z2rvr0qj,custom,,arn:aws:apigateway:us-east-1:lambda:path/2015-03-31/functions/arn:aws:lambda:us-east-1:610291246568:function:msAuthenticator/invocations,,0,method.request.header.Authorization,,Authenticator,"[""arn:aws:apigateway:us-east-1:978569075048::/restapis/g6z2rvr0qj/authorizer/eoq6o7""]",aws,us-east-1,978569075048,aws_cockpitprd,"{""connection_name"":""aws_cockpitprd"",""steampipe"":{""sdk_version"":""5.13.1""}}","{""connection_name"":""aws_cockpitprd"",""steampipe"":{""sdk_version"":""5.13.1""}}"
e186d9,Authorizer_CSC,sk7f9u1i01,custom,,arn:aws:apigateway:us-east-1:lambda:path/2015-03-31/functions/arn:aws:lambda:us-east-1:634045278394:function:auth-authorizer/invocations,,0,"method.request.header.Channel,method.request.header.Authorization",,Authorizer_CSC,"[""arn:aws:apigateway:us-east-1:978569075048::/restapis/sk7f9u1i01/authorizer/e186d9""]",aws,us-east-1,978569075048,aws_cockpitprd,"{""connection_name"":""aws_cockpitprd"",""steampipe"":{""sdk_version"":""5.13.1""}}","{""connection_name"":""aws_cockpitprd"",""steampipe"":{""sdk_version"":""5.13.1""}}"
9o0dm7,Authorizer_CSC,a5i1419soc,custom,,arn:aws:apigateway:us-east-1:lambda:path/2015-03-31/functions/arn:aws:lambda:us-east-1:634045278394:function:auth-authorizer/invocations,,0,"method.request.header.Channel,method.request.header.Authorization",,Authorizer_CSC,"[""arn:aws:apigateway:us-east-1:978569075048::/restapis/a5i1419soc/authorizer/9o0dm7""]",aws,us-east-1,978569075048,aws_cockpitprd,"{""connection_name"":""aws_cockpitprd"",""steampipe"":{""sdk_version"":""5.13.1""}}","{""connection_name"":""aws_cockpitprd"",""steampipe"":{""sdk_version"":""5.13.1""}}"
kwnwrl,Authorizer_CSC,crx07m664c,custom,,arn:aws:apigateway:us-east-1:lambda:path/2015-03-31/functions/arn:aws:lambda:us-east-1:634045278394:function:auth-authorizer/invocations,,0,"method.request.header.Channel,method.request.header.Authorization",,Authorizer_CSC,"[""arn:aws:apigateway:us-east-1:978569075048::/restapis/crx07m664c/authorizer/kwnwrl""]",aws,us-east-1,978569075048,aws_cockpitprd,"{""connection_name"":""aws_cockpitprd"",""steampipe"":{""sdk_version"":""5.13.1""}}","{""connection_name"":""aws_cockpitprd"",""steampipe"":{""sdk_version"":""5.13.1""}}"
8kvh0o,Authenticator,crx07m664c,custom,,arn:aws:apigateway:us-east-1:lambda:path/2015-03-31/functions/arn:aws:lambda:us-east-1:610291246568:function:msAuthenticator/invocations,,0,method.request.header.Authorization,,Authenticator,"[""arn:aws:apigateway:us-east-1:978569075048::/restapis/crx07m664c/authorizer/8kvh0o""]",aws,us-east-1,978569075048,aws_cockpitprd,"{""connection_name"":""aws_cockpitprd"",""steampipe"":{""sdk_version"":""5.13.1""}}","{""connection_name"":""aws_cockpitprd"",""steampipe"":{""sdk_version"":""5.13.1""}}"
219m5r,Authorizer_CSC,tiahpjy5d7,custom,,arn:aws:apigateway:us-east-1:lambda:path/2015-03-31/functions/arn:aws:lambda:us-east-1:634045278394:function:auth-authorizer/invocations,,0,"method.request.header.Channel,method.request.header.Authorization",,Authorizer_CSC,"[""arn:aws:apigateway:us-east-1:978569075048::/restapis/tiahpjy5d7/authorizer/219m5r""]",aws,us-east-1,978569075048,aws_cockpitprd,"{""connection_name"":""aws_cockpitprd"",""steampipe"":{""sdk_version"":""5.13.1""}}","{""connection_name"":""aws_cockpitprd"",""steampipe"":{""sdk_version"":""5.13.1""}}"
dgwe85,Authenticator,lnj7c9v4hj,custom,,arn:aws:apigateway:us-east-1:lambda:path/2015-03-31/functions/arn:aws:lambda:us-east-1:610291246568:function:msAuthenticator/invocations,,0,method.request.header.Authorization,,Authenticator,"[""arn:aws:apigateway:us-east-1:978569075048::/restapis/lnj7c9v4hj/authorizer/dgwe85""]",aws,us-east-1,978569075048,aws_cockpitprd,"{""connection_name"":""aws_cockpitprd"",""steampipe"":{""sdk_version"":""5.13.1""}}","{""connection_name"":""aws_cockpitprd"",""steampipe"":{""sdk_version"":""5.13.1""}}"
mtrqfe,Authenticator,pf9pbm6jtj,custom,,arn:aws:apigateway:us-east-1:lambda:path/2015-03-31/functions/arn:aws:lambda:us-east-1:610291246568:function:msAuthenticator/invocations,,0,method.request.header.Authorization,,Authenticator,"[""arn:aws:apigateway:us-east-1:978569075048::/restapis/pf9pbm6jtj/authorizer/mtrqfe""]",aws,us-east-1,978569075048,aws_cockpitprd,"{""connection_name"":""aws_cockpitprd"",""steampipe"":{""sdk_version"":""5.13.1""}}","{""connection_name"":""aws_cockpitprd"",""steampipe"":{""sdk_version"":""5.13.1""}}"
znhsqi,Authorizer_CSC,cbo5wz011i,custom,,arn:aws:apigateway:us-east-1:lambda:path/2015-03-31/functions/arn:aws:lambda:us-east-1:634045278394:function:auth-authorizer/invocations,,300,"method.request.header.Channel,method.request.header.Authorization",,Authorizer_CSC,"[""arn:aws:apigateway:us-east-1:978569075048::/restapis/cbo5wz011i/authorizer/znhsqi""]",aws,us-east-1,978569075048,aws_cockpitprd,"{""connection_name"":""aws_cockpitprd"",""steampipe"":{""sdk_version"":""5.13.1""}}","{""connection_name"":""aws_cockpitprd"",""steampipe"":{""sdk_version"":""5.13.1""}}"
hksobj,Authorizer_CSC,31l0h80xn5,custom,,arn:aws:apigateway:us-east-1:lambda:path/2015-03-31/functions/arn:aws:lambda:us-east-1:636573963281:function:auth-authorizer/invocations,,0,"method.request.header.Channel,method.request.header.Authorization",,Authorizer_CSC,"[""arn:aws:apigateway:us-east-1:978569075048::/restapis/31l0h80xn5/authorizer/hksobj""]",aws,us-east-1,978569075048,aws_cockpitprd,"{""connection_name"":""aws_cockpitprd"",""steampipe"":{""sdk_version"":""5.13.1""}}","{""connection_name"":""aws_cockpitprd"",""steampipe"":{""sdk_version"":""5.13.1""}}"
7kr45u,Authenticator,0662qdo039,custom,,arn:aws:apigateway:us-east-1:lambda:path/2015-03-31/functions/arn:aws:lambda:us-east-1:610291246568:function:msAuthenticator/invocations,,0,method.request.header.Authorization,,Authenticator,"[""arn:aws:apigateway:us-east-1:978569075048::/restapis/0662qdo039/authorizer/7kr45u""]",aws,us-east-1,978569075048,aws_cockpitprd,"{""connection_name"":""aws_cockpitprd"",""steampipe"":{""sdk_version"":""5.13.1""}}","{""connection_name"":""aws_cockpitprd"",""steampipe"":{""sdk_version"":""5.13.1""}}"
4wycow,Authorizer_CSC,x0ykawm6c9,custom,,arn:aws:apigateway:us-east-1:lambda:path/2015-03-31/functions/arn:aws:lambda:us-east-1:634045278394:function:auth-authorizer/invocations,,0,"method.request.header.channel,method.request.header.authorization,method.request.header.dna",,Authorizer_CSC,"[""arn:aws:apigateway:us-east-1:978569075048::/restapis/x0ykawm6c9/authorizer/4wycow""]",aws,us-east-1,978569075048,aws_cockpitprd,"{""connection_name"":""aws_cockpitprd"",""steampipe"":{""sdk_version"":""5.13.1""}}","{""connection_name"":""aws_cockpitprd"",""steampipe"":{""sdk_version"":""5.13.1""}}"
gvpvp7,Authenticator,nutr4x14jb,custom,,arn:aws:apigateway:us-east-1:lambda:path/2015-03-31/functions/arn:aws:lambda:us-east-1:610291246568:function:msAuthenticator/invocations,,0,method.request.header.Authorization,,Authenticator,"[""arn:aws:apigateway:us-east-1:978569075048::/restapis/nutr4x14jb/authorizer/gvpvp7""]",aws,us-east-1,978569075048,aws_cockpitprd,"{""connection_name"":""aws_cockpitprd"",""steampipe"":{""sdk_version"":""5.13.1""}}","{""connection_name"":""aws_cockpitprd"",""steampipe"":{""sdk_version"":""5.13.1""}}"
u8sp5h,Authenticator,cbo5wz011i,custom,,arn:aws:apigateway:us-east-1:lambda:path/2015-03-31/functions/arn:aws:lambda:us-east-1:610291246568:function:msAuthenticator/invocations,,0,"method.request.header.Authorization,method.request.header.Channel",,Authenticator,"[""arn:aws:apigateway:us-east-1:978569075048::/restapis/cbo5wz011i/authorizer/u8sp5h""]",aws,us-east-1,978569075048,aws_cockpitprd,"{""connection_name"":""aws_cockpitprd"",""steampipe"":{""sdk_version"":""5.13.1""}}","{""connection_name"":""aws_cockpitprd"",""steampipe"":{""sdk_version"":""5.13.1""}}"
btjoc0,Authorizer_CSC,4oc4tczwd4,custom,,arn:aws:apigateway:us-east-1:lambda:path/2015-03-31/functions/arn:aws:lambda:us-east-1:636573963281:function:auth-authorizer/invocations,,0,"method.request.header.Channel,method.request.header.Authorization",,Authorizer_CSC,"[""arn:aws:apigateway:us-east-1:978569075048::/restapis/4oc4tczwd4/authorizer/btjoc0""]",aws,us-east-1,978569075048,aws_cockpitprd,"{""connection_name"":""aws_cockpitprd"",""steampipe"":{""sdk_version"":""5.13.1""}}","{""connection_name"":""aws_cockpitprd"",""steampipe"":{""sdk_version"":""5.13.1""}}"
7me3nm,Authorizer_CSC,m5af3hwws1,custom,,arn:aws:apigateway:us-east-1:lambda:path/2015-03-31/functions/arn:aws:lambda:us-east-1:634045278394:function:auth-authorizer/invocations,,0,"method.request.header.Channel,method.request.header.Authorization",,Authorizer_CSC,"[""arn:aws:apigateway:us-east-1:978569075048::/restapis/m5af3hwws1/authorizer/7me3nm""]",aws,us-east-1,978569075048,aws_cockpitprd,"{""connection_name"":""aws_cockpitprd"",""steampipe"":{""sdk_version"":""5.13.1""}}","{""connection_name"":""aws_cockpitprd"",""steampipe"":{""sdk_version"":""5.13.1""}}"
uguihc,AdmaCognitoPrd,2qf5o54sbe,cognito_user_pools,,,,,method.request.header.Authorization,"[""arn:aws:cognito-idp:us-east-1:800735908691:userpool/us-east-1_hsMXNr1df""]",AdmaCognitoPrd,"[""arn:aws:apigateway:us-east-1:800735908691::/restapis/2qf5o54sbe/authorizer/uguihc""]",aws,us-east-1,800735908691,aws_cscprd,"{""connection_name"":""aws_cscprd"",""steampipe"":{""sdk_version"":""5.13.1""}}","{""connection_name"":""aws_cscprd"",""steampipe"":{""sdk_version"":""5.13.1""}}"
o42a9j,Authorizer_CSC,e8u750qdzl,custom,,arn:aws:apigateway:us-east-1:lambda:path/2015-03-31/functions/arn:aws:lambda:us-east-1:634045278394:function:auth-authorizer/invocations,,0,"method.request.header.Channel,method.request.header.Authorization",,Authorizer_CSC,"[""arn:aws:apigateway:us-east-1:978569075048::/restapis/e8u750qdzl/authorizer/o42a9j""]",aws,us-east-1,978569075048,aws_cockpitprd,"{""connection_name"":""aws_cockpitprd"",""steampipe"":{""sdk_version"":""5.13.1""}}","{""connection_name"":""aws_cockpitprd"",""steampipe"":{""sdk_version"":""5.13.1""}}"
rjbdy1,Authorizer_CSC,m2sscut9a3,custom,,arn:aws:apigateway:us-east-1:lambda:path/2015-03-31/functions/arn:aws:lambda:us-east-1:634045278394:function:auth-authorizer/invocations,,0,"method.request.header.Channel,method.request.header.Authorization",,Authorizer_CSC,"[""arn:aws:apigateway:us-east-1:978569075048::/restapis/m2sscut9a3/authorizer/rjbdy1""]",aws,us-east-1,978569075048,aws_cockpitprd,"{""connection_name"":""aws_cockpitprd"",""steampipe"":{""sdk_version"":""5.13.1""}}","{""connection_name"":""aws_cockpitprd"",""steampipe"":{""sdk_version"":""5.13.1""}}"
lo8uza,Authorizer_CSC,81mz3jut2a,custom,,arn:aws:apigateway:us-east-1:lambda:path/2015-03-31/functions/arn:aws:lambda:us-east-1:634045278394:function:auth-authorizer/invocations,,0,"method.request.header.Channel,method.request.header.Authorization",,Authorizer_CSC,"[""arn:aws:apigateway:us-east-1:978569075048::/restapis/81mz3jut2a/authorizer/lo8uza""]",aws,us-east-1,978569075048,aws_cockpitprd,"{""connection_name"":""aws_cockpitprd"",""steampipe"":{""sdk_version"":""5.13.1""}}","{""connection_name"":""aws_cockpitprd"",""steampipe"":{""sdk_version"":""5.13.1""}}"
2fuy65,Authenticator,e8u750qdzl,custom,,arn:aws:apigateway:us-east-1:lambda:path/2015-03-31/functions/arn:aws:lambda:us-east-1:610291246568:function:msAuthenticator/invocations,,0,method.request.header.Authorization,,Authenticator,"[""arn:aws:apigateway:us-east-1:978569075048::/restapis/e8u750qdzl/authorizer/2fuy65""]",aws,us-east-1,978569075048,aws_cockpitprd,"{""connection_name"":""aws_cockpitprd"",""steampipe"":{""sdk_version"":""5.13.1""}}","{""connection_name"":""aws_cockpitprd"",""steampipe"":{""sdk_version"":""5.13.1""}}"
007wz0,bsBasicAuth,81mz3jut2a,custom,,arn:aws:apigateway:us-east-1:lambda:path/2015-03-31/functions/arn:aws:lambda:us-east-1:978569075048:function:bsBasicAuth/invocations,,0,method.request.header.authorization,,bsBasicAuth,"[""arn:aws:apigateway:us-east-1:978569075048::/restapis/81mz3jut2a/authorizer/007wz0""]",aws,us-east-1,978569075048,aws_cockpitprd,"{""connection_name"":""aws_cockpitprd"",""steampipe"":{""sdk_version"":""5.13.1""}}","{""connection_name"":""aws_cockpitprd"",""steampipe"":{""sdk_version"":""5.13.1""}}"
6z3ug2,Authenticator,m2sscut9a3,custom,,arn:aws:apigateway:us-east-1:lambda:path/2015-03-31/functions/arn:aws:lambda:us-east-1:610291246568:function:msAuthenticator/invocations,,0,method.request.header.Authorization,,Authenticator,"[""arn:aws:apigateway:us-east-1:978569075048::/restapis/m2sscut9a3/authorizer/6z3ug2""]",aws,us-east-1,978569075048,aws_cockpitprd,"{""connection_name"":""aws_cockpitprd"",""steampipe"":{""sdk_version"":""5.13.1""}}","{""connection_name"":""aws_cockpitprd"",""steampipe"":{""sdk_version"":""5.13.1""}}"
tigtzw,Authenticator,yn0jl10foe,custom,,arn:aws:apigateway:us-east-1:lambda:path/2015-03-31/functions/arn:aws:lambda:us-east-1:610291246568:function:msAuthenticator/invocations,,0,method.request.header.Authorization,,Authenticator,"[""arn:aws:apigateway:us-east-1:978569075048::/restapis/yn0jl10foe/authorizer/tigtzw""]",aws,us-east-1,978569075048,aws_cockpitprd,"{""connection_name"":""aws_cockpitprd"",""steampipe"":{""sdk_version"":""5.13.1""}}","{""connection_name"":""aws_cockpitprd"",""steampipe"":{""sdk_version"":""5.13.1""}}"
h74xvw,Authorizer_CSC,xx68th8x20,custom,,arn:aws:apigateway:us-east-1:lambda:path/2015-03-31/functions/arn:aws:lambda:us-east-1:636573963281:function:auth-authorizer/invocations,,0,"method.request.header.Channel,method.request.header.Authorization",,Authorizer_CSC,"[""arn:aws:apigateway:us-east-1:978569075048::/restapis/xx68th8x20/authorizer/h74xvw""]",aws,us-east-1,978569075048,aws_cockpitprd,"{""connection_name"":""aws_cockpitprd"",""steampipe"":{""sdk_version"":""5.13.1""}}","{""connection_name"":""aws_cockpitprd"",""steampipe"":{""sdk_version"":""5.13.1""}}"
ozpyba,Authorizer_CSC,j6n0grhfrl,custom,,arn:aws:apigateway:us-east-1:lambda:path/2015-03-31/functions/arn:aws:lambda:us-east-1:634045278394:function:auth-authorizer/invocations,,0,"method.request.header.Channel,method.request.header.Authorization",,Authorizer_CSC,"[""arn:aws:apigateway:us-east-1:978569075048::/restapis/j6n0grhfrl/authorizer/ozpyba""]",aws,us-east-1,978569075048,aws_cockpitprd,"{""connection_name"":""aws_cockpitprd"",""steampipe"":{""sdk_version"":""5.13.1""}}","{""connection_name"":""aws_cockpitprd"",""steampipe"":{""sdk_version"":""5.13.1""}}"
h96ejw,Authenticator,j6n0grhfrl,custom,,arn:aws:apigateway:us-east-1:lambda:path/2015-03-31/functions/arn:aws:lambda:us-east-1:610291246568:function:msAuthenticator/invocations,,0,method.request.header.Authorization,,Authenticator,"[""arn:aws:apigateway:us-east-1:978569075048::/restapis/j6n0grhfrl/authorizer/h96ejw""]",aws,us-east-1,978569075048,aws_cockpitprd,"{""connection_name"":""aws_cockpitprd"",""steampipe"":{""sdk_version"":""5.13.1""}}","{""connection_name"":""aws_cockpitprd"",""steampipe"":{""sdk_version"":""5.13.1""}}"
a8ktc7,Authorizer_CSC,yn0jl10foe,custom,,arn:aws:apigateway:us-east-1:lambda:path/2015-03-31/functions/arn:aws:lambda:us-east-1:634045278394:function:auth-authorizer/invocations,,0,"method.request.header.Channel,method.request.header.Authorization",,Authorizer_CSC,"[""arn:aws:apigateway:us-east-1:978569075048::/restapis/yn0jl10foe/authorizer/a8ktc7""]",aws,us-east-1,978569075048,aws_cockpitprd,"{""connection_name"":""aws_cockpitprd"",""steampipe"":{""sdk_version"":""5.13.1""}}","{""connection_name"":""aws_cockpitprd"",""steampipe"":{""sdk_version"":""5.13.1""}}"
3p9fif,Authorizer_CSC,8th9zh1ycj,custom,,arn:aws:apigateway:us-east-1:lambda:path/2015-03-31/functions/arn:aws:lambda:us-east-1:634045278394:function:auth-authorizer/invocations,,0,"method.request.header.Channel,method.request.header.Authorization",,Authorizer_CSC,"[""arn:aws:apigateway:us-east-1:978569075048::/restapis/8th9zh1ycj/authorizer/3p9fif""]",aws,us-east-1,978569075048,aws_cockpitprd,"{""connection_name"":""aws_cockpitprd"",""steampipe"":{""sdk_version"":""5.13.1""}}","{""connection_name"":""aws_cockpitprd"",""steampipe"":{""sdk_version"":""5.13.1""}}"
ofmgua,Authenticator,lzz0gkf23i,custom,,arn:aws:apigateway:us-east-1:lambda:path/2015-03-31/functions/arn:aws:lambda:us-east-1:610291246568:function:msAuthenticator/invocations,,0,method.request.header.Authorization,,Authenticator,"[""arn:aws:apigateway:us-east-1:978569075048::/restapis/lzz0gkf23i/authorizer/ofmgua""]",aws,us-east-1,978569075048,aws_cockpitprd,"{""connection_name"":""aws_cockpitprd"",""steampipe"":{""sdk_version"":""5.13.1""}}","{""connection_name"":""aws_cockpitprd"",""steampipe"":{""sdk_version"":""5.13.1""}}"
wl9ika,CognitoAuthV2,qsxi6pavfh,custom,,arn:aws:apigateway:us-east-1:lambda:path/2015-03-31/functions/arn:aws:lambda:us-east-1:634045278394:function:auth-authorizer:v2/invocations,,0,"method.request.header.Authorization, stageVariables.env, method.request.header.channel",,CognitoAuthV2,"[""arn:aws:apigateway:us-east-1:800735908691::/restapis/qsxi6pavfh/authorizer/wl9ika""]",aws,us-east-1,800735908691,aws_cscprd,"{""connection_name"":""aws_cscprd"",""steampipe"":{""sdk_version"":""5.13.1""}}","{""connection_name"":""aws_cscprd"",""steampipe"":{""sdk_version"":""5.13.1""}}"
oyaj0t,CognitoAuth,qsxi6pavfh,custom,,arn:aws:apigateway:us-east-1:lambda:path/2015-03-31/functions/arn:aws:lambda:us-east-1:634045278394:function:auth-authorizer:v1/invocations,,0,"method.request.header.Authorization, stageVariables.env, method.request.header.channel",,CognitoAuth,"[""arn:aws:apigateway:us-east-1:800735908691::/restapis/qsxi6pavfh/authorizer/oyaj0t""]",aws,us-east-1,800735908691,aws_cscprd,"{""connection_name"":""aws_cscprd"",""steampipe"":{""sdk_version"":""5.13.1""}}","{""connection_name"":""aws_cscprd"",""steampipe"":{""sdk_version"":""5.13.1""}}"
foy7bp,AdmaCognitoPrd,98l86shgd3,cognito_user_pools,,,,,method.request.header.Authorization,"[""arn:aws:cognito-idp:us-east-1:800735908691:userpool/us-east-1_hsMXNr1df""]",AdmaCognitoPrd,"[""arn:aws:apigateway:us-east-1:800735908691::/restapis/98l86shgd3/authorizer/foy7bp""]",aws,us-east-1,800735908691,aws_cscprd,"{""connection_name"":""aws_cscprd"",""steampipe"":{""sdk_version"":""5.13.1""}}","{""connection_name"":""aws_cscprd"",""steampipe"":{""sdk_version"":""5.13.1""}}"
e1u5xc,AuthAuthorizer,9pb8yfnf2l,custom,,arn:aws:apigateway:us-east-1:lambda:path/2015-03-31/functions/arn:aws:lambda:us-east-1:634045278394:function:auth-authorizer/invocations,,300,"method.request.header.Authorization, method.request.header.Channel",,AuthAuthorizer,"[""arn:aws:apigateway:us-east-1:800735908691::/restapis/9pb8yfnf2l/authorizer/e1u5xc""]",aws,us-east-1,800735908691,aws_cscprd,"{""connection_name"":""aws_cscprd"",""steampipe"":{""sdk_version"":""5.13.1""}}","{""connection_name"":""aws_cscprd"",""steampipe"":{""sdk_version"":""5.13.1""}}"
iubqtx,AuthAuthorizer,71ebj30l19,custom,,arn:aws:apigateway:us-east-1:lambda:path/2015-03-31/functions/arn:aws:lambda:us-east-1:634045278394:function:auth-authorizer/invocations,,300,"method.request.header.Authorization, method.request.header.Channel",,AuthAuthorizer,"[""arn:aws:apigateway:us-east-1:800735908691::/restapis/71ebj30l19/authorizer/iubqtx""]",aws,us-east-1,800735908691,aws_cscprd,"{""connection_name"":""aws_cscprd"",""steampipe"":{""sdk_version"":""5.13.1""}}","{""connection_name"":""aws_cscprd"",""steampipe"":{""sdk_version"":""5.13.1""}}"
wl9ika,CognitoAuthV2,veh5h3foz2,custom,,arn:aws:apigateway:us-east-1:lambda:path/2015-03-31/functions/arn:aws:lambda:us-east-1:634045278394:function:auth-authorizer:v2/invocations,,0,"method.request.header.Authorization, stageVariables.env, method.request.header.channel",,CognitoAuthV2,"[""arn:aws:apigateway:us-east-1:800735908691::/restapis/veh5h3foz2/authorizer/wl9ika""]",aws,us-east-1,800735908691,aws_cscprd,"{""connection_name"":""aws_cscprd"",""steampipe"":{""sdk_version"":""5.13.1""}}","{""connection_name"":""aws_cscprd"",""steampipe"":{""sdk_version"":""5.13.1""}}"
oyaj0t,CognitoAuth,veh5h3foz2,custom,,arn:aws:apigateway:us-east-1:lambda:path/2015-03-31/functions/arn:aws:lambda:us-east-1:634045278394:function:auth-authorizer:v1/invocations,,0,"method.request.header.Authorization, stageVariables.env, method.request.header.channel",,CognitoAuth,"[""arn:aws:apigateway:us-east-1:800735908691::/restapis/veh5h3foz2/authorizer/oyaj0t""]",aws,us-east-1,800735908691,aws_cscprd,"{""connection_name"":""aws_cscprd"",""steampipe"":{""sdk_version"":""5.13.1""}}","{""connection_name"":""aws_cscprd"",""steampipe"":{""sdk_version"":""5.13.1""}}"
3fy0ho,BusinessPartnerAuthorizer,kzr8qib8z8,cognito_user_pools,,,,,method.request.header.Authorization,"[""arn:aws:cognito-idp:us-east-1:634045278394:userpool/us-east-1_e5L8N252W""]",BusinessPartnerAuthorizer,"[""arn:aws:apigateway:us-east-1:800735908691::/restapis/kzr8qib8z8/authorizer/3fy0ho""]",aws,us-east-1,800735908691,aws_cscprd,"{""connection_name"":""aws_cscprd"",""steampipe"":{""sdk_version"":""5.13.1""}}","{""connection_name"":""aws_cscprd"",""steampipe"":{""sdk_version"":""5.13.1""}}"
